Seasons_Autumn,Seasons_Spring,Seasons_Summer,Seasons_Winter,Holiday_Holiday,Holiday_No Holiday,dayname_Friday,dayname_Monday,dayname_Saturday,dayname_Sunday,dayname_Thursday,dayname_Tuesday,dayname_Wednesday,Hour_cat_Afternoon(12~17),Hour_cat_Dawn(0~5),Hour_cat_Evening(18~23),Hour_cat_Morning(6~11),Hour,Temperature(°C),Humidity(%),Wind speed (m/s),Visibility (10m),Dew point temperature(°C),Solar Radiation (MJ/m2),Rainfall(mm),Snowfall (mm),month,weekend,WEP (mm)
1.0,0.0,0.0,0.0,0.0,1.0,0.0,0.0,0.0,0.0,1.0,0.0,0.0,1.0,0.0,0.0,0.0,0.7884714959884594,-0.6863877871911671,-0.8527217645708836,1.5261832453433977,0.9011610914125037,-0.8809400831117248,-0.3613299036183816,-0.14125327883151229,-0.1781057493664113,1.2954683970974397,-0.632834588424933,-0.1474557687191013
0.0,1.0,0.0,0.0,0.0,1.0,0.0,1.0,0.0,0.0,0.0,0.0,0.0,0.0,0.0,0.0,1.0,-0.07206621287092989,-0.5855310411819992,0.3703722193240416,0.16676781730901283,0.9258737865415383,-0.3141661835623057,0.9783090030287371,-0.14125327883151229,-0.1781057493664113,-1.0423794638962574,-0.632834588424933,-0.1474557687191013
0.0,1.0,0.0,0.0,0.0,1.0,0.0,0.0,0.0,0.0,0.0,0.0,1.0,0.0,0.0,0.0,1.0,-0.6457580187771894,0.4902742495824598,1.2999236470841846,-1.095546508722916,-1.8930209711770054,0.9189500032952143,-0.510178671023617,-0.14125327883151229,-0.1781057493664113,-0.4579174986478331,-0.632834588424933,-0.1474557687191013
0.0,1.0,0.0,0.0,0.0,1.0,1.0,0.0,0.0,0.0,0.0,0.0,0.0,0.0,0.0,1.0,0.0,1.0753173989415892,-0.6443641430206805,0.07682966318925954,2.108789857358134,-0.7381143521467897,-0.4596892118249944,-0.6246777228737981,-0.14125327883151229,-0.1781057493664113,-1.0423794638962574,-0.632834588424933,-0.1474557687191013
0.0,0.0,0.0,1.0,0.0,1.0,0.0,0.0,1.0,0.0,0.0,0.0,0.0,0.0,0.0,1.0,0.0,1.0753173989415892,-1.1990762460711046,-1.0484168019940716,-0.5129398967081796,0.3706619026425615,-1.4017593421571368,-0.6475775332438344,-0.14125327883151229,-0.1781057493664113,-1.6268414291446816,1.580191756725731,-0.1474557687191013
0.0,0.0,0.0,1.0,1.0,0.0,0.0,0.0,0.0,0.0,1.0,0.0,0.0,1.0,0.0,0.0,0.0,0.07135673860563499,-0.9553391098822819,-1.8801207110426206,1.2348799393360297,0.897866065395299,-1.77705557293986,1.9630008489402944,-0.14125327883151229,-0.1781057493664113,-1.3346104465204693,-0.632834588424933,-0.1474557687191013
1.0,0.0,0.0,0.0,0.0,1.0,0.0,1.0,0.0,0.0,0.0,0.0,0.0,0.0,0.0,1.0,0.0,1.0753173989415892,0.9525343354578133,-0.5591792084361015,0.263868919311469,0.9258737865415383,0.6125857332685012,-0.5903280073187437,-0.14125327883151229,-0.1781057493664113,0.7110064318490154,-0.632834588424933,-0.1474557687191013
0.0,0.0,0.0,1.0,0.0,1.0,1.0,0.0,0.0,0.0,0.0,0.0,0.0,0.0,0.0,1.0,0.0,1.2187403504181542,-1.383980280421246,-0.36348417101291347,-0.6100409987106356,-0.07746163569726544,-1.2562363138944483,-0.6475775332438344,-0.14125327883151229,-0.1781057493664113,-1.6268414291446816,-0.632834588424933,-0.1474557687191013
0.0,0.0,0.0,1.0,0.0,1.0,0.0,0.0,0.0,0.0,1.0,0.0,0.0,0.0,0.0,1.0,0.0,1.2187403504181542,-1.2999329920802727,-1.0973405613498686,-0.7071421007130917,0.9258737865415383,-1.5089868366664865,-0.6475775332438344,-0.14125327883151229,-0.1781057493664113,-1.3346104465204693,-0.632834588424933,-0.1474557687191013
0.0,1.0,0.0,0.0,0.0,1.0,0.0,0.0,0.0,0.0,1.0,0.0,0.0,0.0,1.0,0.0,0.0,-1.362872776160014,0.17929928272085843,1.2509998877283877,-0.9984454067204599,-1.5701084214909538,0.6279039467698369,-0.6475775332438344,-0.14125327883151229,-0.1781057493664113,-0.4579174986478331,-0.632834588424933,-0.1474557687191013
0.0,0.0,0.0,1.0,0.0,1.0,1.0,0.0,0.0,0.0,0.0,0.0,0.0,0.0,0.0,0.0,1.0,-0.07206621287092989,-2.409357198181121,-1.3419593581288536,1.5261832453433977,0.6095512888898957,-2.5429662480066426,0.4172636489628499,-0.14125327883151229,1.103904410411537,-1.6268414291446816,-0.632834588424933,-0.101785857911474
1.0,0.0,0.0,0.0,0.0,1.0,0.0,0.0,0.0,1.0,0.0,0.0,0.0,0.0,0.0,0.0,1.0,-0.3589121158240597,-0.48467429517283106,1.5445424438631696,-0.6100409987106356,0.7429998425866824,0.10708468772442468,-0.510178671023617,2.144544853983847,-0.1781057493664113,1.0032374144732275,1.580191756725731,2.1360397716622623
1.0,0.0,0.0,0.0,0.0,1.0,0.0,0.0,0.0,1.0,0.0,0.0,0.0,0.0,0.0,0.0,1.0,-0.2154891643474948,-0.24093715898400836,0.46821973803563555,-0.9984454067204599,-1.7859326256178556,0.015175406716410768,0.5661124163680854,-0.14125327883151229,-0.1781057493664113,1.2954683970974397,1.580191756725731,-0.1474557687191013
0.0,1.0,0.0,0.0,0.0,1.0,0.0,0.0,0.0,0.0,0.0,0.0,1.0,0.0,1.0,0.0,0.0,-1.6497186791131437,0.5575120802552386,0.8596098128820115,-1.192647610725372,-1.733212209342582,0.842358935788536,-0.6475775332438344,-0.14125327883151229,-0.1781057493664113,-0.4579174986478331,-0.632834588424933,-0.1474557687191013
1.0,0.0,0.0,0.0,0.0,1.0,0.0,0.0,0.0,0.0,0.0,1.0,0.0,0.0,1.0,0.0,0.0,-1.5062957276365787,-0.6275546853524858,0.46821973803563555,-1.192647610725372,0.22732827089416097,-0.3218252903129736,-0.6475775332438344,-0.14125327883151229,-0.1781057493664113,1.2954683970974397,-0.632834588424933,-0.1474557687191013
0.0,0.0,1.0,0.0,0.0,1.0,0.0,0.0,0.0,0.0,0.0,0.0,1.0,0.0,1.0,0.0,0.0,-1.6497186791131437,1.0786052679692733,1.0063810909494026,-1.3868498147302841,0.9258737865415383,1.3478599813326124,-0.6475775332438344,-0.14125327883151229,-0.1781057493664113,0.12654446660059115,-0.632834588424933,-0.1474557687191013
0.0,0.0,0.0,1.0,0.0,1.0,0.0,0.0,0.0,0.0,0.0,0.0,1.0,1.0,0.0,0.0,0.0,0.07135673860563499,-0.9133154657117952,-2.0268919891100117,0.263868919311469,0.6359114970275326,-1.8919421741998776,1.6309535985747694,-0.14125327883151229,-0.1781057493664113,-1.3346104465204693,-0.632834588424933,-0.1474557687191013
0.0,1.0,0.0,0.0,0.0,1.0,1.0,0.0,0.0,0.0,0.0,0.0,0.0,0.0,1.0,0.0,0.0,-1.5062957276365787,-0.4930790240069284,1.2020761283725907,0.36097002131392514,0.9258737865415383,0.0075162999657429706,-0.6475775332438344,-0.14125327883151229,-0.1781057493664113,-1.0423794638962574,-0.632834588424933,-0.1474557687191013
0.0,0.0,1.0,0.0,0.0,1.0,0.0,1.0,0.0,0.0,0.0,0.0,0.0,0.0,1.0,0.0,0.0,-1.219449824683449,1.2298903869830253,1.4466949251515757,-1.192647610725372,-0.9967738944973515,1.6235878243566542,-0.6475775332438344,-0.14125327883151229,-0.1781057493664113,0.41877544922480325,-0.632834588424933,-0.1474557687191013
0.0,0.0,0.0,1.0,0.0,1.0,0.0,0.0,0.0,1.0,0.0,0.0,0.0,1.0,0.0,0.0,0.0,0.6450485445118945,-1.3251471785825646,-1.3419593581288536,0.555172225318837,0.9258737865415383,-1.6698280784305106,-0.02928265325285637,-0.14125327883151229,-0.1781057493664113,1.5876993797216516,1.580191756725731,-0.1474557687191013
1.0,0.0,0.0,0.0,0.0,1.0,0.0,0.0,1.0,0.0,0.0,0.0,0.0,0.0,1.0,0.0,0.0,-1.219449824683449,0.2045134692231505,0.7128385348146206,-0.7071421007130917,0.9258737865415383,0.4823809185071481,-0.6475775332438344,-0.14125327883151229,-0.1781057493664113,0.7110064318490154,1.580191756725731,-0.1474557687191013
1.0,0.0,0.0,0.0,0.0,1.0,0.0,0.0,1.0,0.0,0.0,0.0,0.0,0.0,1.0,0.0,0.0,-1.5062957276365787,-0.383817549163663,0.5660672567472296,-1.4839509167327403,0.6886319133028064,-0.07673387429160315,-0.6475775332438344,-0.14125327883151229,-0.1781057493664113,1.0032374144732275,1.580191756725731,-0.1474557687191013
1.0,0.0,0.0,0.0,0.0,1.0,0.0,0.0,0.0,1.0,0.0,0.0,0.0,0.0,1.0,0.0,0.0,-1.076026873206884,-0.35860336266137094,0.6149910161030265,-0.8042432027155477,0.12847749037802267,-0.038438340538264025,-0.6475775332438344,-0.14125327883151229,-0.1781057493664113,1.0032374144732275,1.580191756725731,-0.1474557687191013
1.0,0.0,0.0,0.0,0.0,1.0,0.0,0.0,0.0,0.0,0.0,0.0,1.0,0.0,0.0,0.0,1.0,-0.2154891643474948,-0.7284114313616538,-1.7333494329752295,-0.1245354886983552,-0.3904891073317034,-1.4706913029131474,0.15391582970743328,-0.14125327883151229,-0.1781057493664113,1.2954683970974397,-0.632834588424933,-0.1474557687191013
0.0,0.0,1.0,0.0,0.0,1.0,0.0,0.0,0.0,1.0,0.0,0.0,0.0,0.0,1.0,0.0,0.0,-1.5062957276365787,0.5154884360847519,-0.06994161487813147,-0.9013443047180038,0.9011610914125037,0.4670627050058125,-0.6475775332438344,-0.14125327883151229,-0.1781057493664113,-0.16568651602362097,1.580191756725731,-0.1474557687191013
0.0,1.0,0.0,0.0,0.0,1.0,0.0,1.0,0.0,0.0,0.0,0.0,0.0,0.0,1.0,0.0,0.0,-0.9326039217303193,-0.6443641430206805,1.8870087593537486,-0.22163659070081138,-2.306546736336184,0.045811833719082096,-0.6475775332438344,-0.14125327883151229,-0.1781057493664113,-1.0423794638962574,-0.632834588424933,-0.1474557687191013
0.0,0.0,0.0,1.0,0.0,1.0,0.0,0.0,0.0,0.0,0.0,0.0,1.0,0.0,0.0,0.0,1.0,-0.5023350673006246,-1.9555018411398648,-1.1462643207056655,0.06966671530655688,0.9258737865415383,-2.0681016294652377,-0.6475775332438344,-0.14125327883151229,-0.1781057493664113,1.5876993797216516,-0.632834588424933,-0.1474557687191013
0.0,0.0,1.0,0.0,0.0,1.0,0.0,1.0,0.0,0.0,0.0,0.0,0.0,1.0,0.0,0.0,0.0,0.21477969008219988,1.37277077716268,-0.8037980052150865,-0.02743438669589927,-1.2340157677360835,0.8270407222872002,2.90189307411178,-0.14125327883151229,-0.1781057493664113,-0.16568651602362097,-0.632834588424933,-0.1474557687191013
0.0,0.0,1.0,0.0,0.0,1.0,1.0,0.0,0.0,0.0,0.0,0.0,0.0,0.0,0.0,0.0,1.0,-0.7891809702537543,1.0617958103010787,1.2020761283725907,-1.095546508722916,0.07410956109414661,1.3938146218366194,-0.6475775332438344,-0.14125327883151229,-0.1781057493664113,0.41877544922480325,-0.632834588424933,-0.1474557687191013
0.0,1.0,0.0,0.0,0.0,1.0,0.0,0.0,0.0,0.0,0.0,1.0,0.0,1.0,0.0,0.0,0.0,0.6450485445118945,0.5407026225870439,-1.4887306361962445,1.2348799393360297,0.2751061481436278,-0.2988479700609701,1.9172012282002224,-0.14125327883151229,-0.1781057493664113,-0.7501484812720451,-0.632834588424933,-0.1474557687191013
0.0,0.0,1.0,0.0,0.0,1.0,0.0,0.0,0.0,1.0,0.0,0.0,0.0,0.0,0.0,1.0,0.0,1.2187403504181542,1.3559613194944855,0.6639147754588236,0.36097002131392514,0.8138429019565815,1.4780647960939655,-0.5445283865786714,-0.14125327883151229,-0.1781057493664113,0.12654446660059115,1.580191756725731,-0.1474557687191013
0.0,1.0,0.0,0.0,0.0,1.0,1.0,0.0,0.0,0.0,0.0,0.0,0.0,0.0,1.0,0.0,0.0,-1.076026873206884,0.1456803673844692,0.6149910161030265,-1.2897487127278282,-1.2158931246414582,0.39813074424980205,-0.6475775332438344,-0.14125327883151229,-0.1781057493664113,-0.4579174986478331,-0.632834588424933,-0.1474557687191013
0.0,1.0,0.0,0.0,0.0,1.0,0.0,0.0,1.0,0.0,0.0,0.0,0.0,0.0,0.0,1.0,0.0,1.0753173989415892,0.6415593685962119,-2.1247395078216056,0.263868919311469,0.9258737865415383,-0.8579627628597214,-0.25828075695321856,-0.14125327883151229,-0.1781057493664113,-0.7501484812720451,1.580191756725731,-0.1474557687191013
1.0,0.0,0.0,0.0,0.0,1.0,0.0,0.0,0.0,0.0,1.0,0.0,0.0,0.0,1.0,0.0,0.0,-1.5062957276365787,-0.9385296522140871,-1.2930355987730566,-0.3187376927032675,0.924226273532936,-1.3251682746504585,-0.6475775332438344,-0.14125327883151229,-0.1781057493664113,1.2954683970974397,-0.632834588424933,-0.1474557687191013
0.0,1.0,0.0,0.0,0.0,1.0,0.0,0.0,0.0,0.0,0.0,1.0,0.0,1.0,0.0,0.0,0.0,0.7884714959884594,1.297128217655804,-0.7548742458592895,-0.02743438669589927,-0.05604396658543548,0.788745188533861,0.5661124163680854,-0.14125327883151229,-0.1781057493664113,-0.4579174986478331,-0.632834588424933,-0.1474557687191013
0.0,1.0,0.0,0.0,0.0,1.0,1.0,0.0,0.0,0.0,0.0,0.0,0.0,0.0,0.0,0.0,1.0,-0.6457580187771894,-0.35860336266137094,-1.2441118394172594,-0.5129398967081796,0.9258737865415383,-0.8349854426077179,-0.5216285762086351,-0.14125327883151229,-0.1781057493664113,-0.7501484812720451,-0.632834588424933,-0.1474557687191013
0.0,1.0,0.0,0.0,0.0,1.0,0.0,1.0,0.0,0.0,0.0,0.0,0.0,0.0,1.0,0.0,0.0,-1.6497186791131437,-0.509888481675123,1.1042286096609966,-0.6100409987106356,-1.6755492540415011,-0.03077923378759619,-0.6475775332438344,0.31590634773155957,-0.1781057493664113,-1.0423794638962574,-0.632834588424933,0.30924333935717147
1.0,0.0,0.0,0.0,0.0,1.0,0.0,0.0,0.0,0.0,0.0,1.0,0.0,1.0,0.0,0.0,0.0,0.7884714959884594,0.6835830127666986,-0.9016455239266805,0.6522733273212932,0.9258737865415383,0.2066530754831064,0.47451317488794037,-0.14125327883151229,-0.1781057493664113,1.0032374144732275,-0.632834588424933,-0.1474557687191013
0.0,1.0,0.0,0.0,0.0,1.0,0.0,1.0,0.0,0.0,0.0,0.0,0.0,0.0,0.0,1.0,0.0,1.2187403504181542,-0.08124731113615896,-1.1462643207056655,0.6522733273212932,0.8500881881458322,-0.5515984928330082,-0.6475775332438344,-0.14125327883151229,-0.1781057493664113,-0.7501484812720451,-0.632834588424933,-0.1474557687191013
0.0,0.0,0.0,1.0,0.0,1.0,0.0,0.0,0.0,0.0,0.0,0.0,1.0,0.0,0.0,0.0,1.0,-0.5023350673006246,-1.6865505184487501,-0.4613316897245075,-0.22163659070081138,0.8780959092920714,-1.5472823704198257,-0.6475775332438344,-0.14125327883151229,-0.1781057493664113,-1.6268414291446816,-0.632834588424933,-0.1474557687191013
0.0,0.0,1.0,0.0,0.0,1.0,0.0,1.0,0.0,0.0,0.0,0.0,0.0,1.0,0.0,0.0,0.0,0.6450485445118945,1.700555201692476,-0.6081029677918985,1.3319810413384858,0.78418766780174,1.2099960598205917,2.226348668195711,-0.14125327883151229,-0.1781057493664113,0.12654446660059115,-0.632834588424933,-0.1474557687191013
0.0,1.0,0.0,0.0,0.0,1.0,1.0,0.0,0.0,0.0,0.0,0.0,0.0,0.0,0.0,0.0,1.0,-0.3589121158240597,-0.5182932105092204,1.2020761283725907,0.4580711233163813,0.3756044416683684,-0.007801913535592693,0.30276459711266873,-0.14125327883151229,-0.1781057493664113,-0.7501484812720451,-0.632834588424933,-0.1474557687191013
1.0,0.0,0.0,0.0,0.0,1.0,0.0,0.0,0.0,0.0,1.0,0.0,0.0,0.0,0.0,0.0,1.0,-0.2154891643474948,0.5743215379234332,-0.5591792084361015,0.06966671530655688,0.9077511434469129,0.29856235649112023,1.5622541674646608,-0.14125327883151229,-0.1781057493664113,0.7110064318490154,-0.632834588424933,-0.1474557687191013
0.0,1.0,0.0,0.0,0.0,1.0,0.0,0.0,0.0,0.0,0.0,0.0,1.0,0.0,1.0,0.0,0.0,-0.9326039217303193,-0.535102668177415,-0.4124079303687105,-0.1245354886983552,0.5535358465974173,-0.5592575995836762,-0.6475775332438344,-0.14125327883151229,-0.1781057493664113,-0.7501484812720451,-0.632834588424933,-0.1474557687191013
0.0,1.0,0.0,0.0,0.0,1.0,0.0,0.0,0.0,0.0,0.0,1.0,0.0,0.0,0.0,1.0,0.0,0.9318944474650244,-0.7536256178639459,-0.7548742458592895,1.72038544934831,0.9258737865415383,-0.8885991898623926,-0.40712952435845406,-0.14125327883151229,-0.1781057493664113,-1.0423794638962574,-0.632834588424933,-0.1474557687191013
0.0,1.0,0.0,0.0,0.0,1.0,1.0,0.0,0.0,0.0,0.0,0.0,0.0,0.0,0.0,1.0,0.0,0.9318944474650244,-0.8040539908685298,-1.7822731923310267,-0.8042432027155477,0.8616207792060483,-1.570259690671829,-0.15523161028805563,-0.14125327883151229,-0.1781057493664113,-1.0423794638962574,-0.632834588424933,-0.1474557687191013
0.0,0.0,0.0,1.0,0.0,1.0,0.0,0.0,0.0,0.0,0.0,0.0,1.0,1.0,0.0,0.0,0.0,0.5016255930353297,-0.6359594141865831,-1.3419593581288536,1.3319810413384858,0.8731533702662645,-1.1183723923824274,0.17681564007746953,-0.14125327883151229,-0.1781057493664113,1.5876993797216516,-0.632834588424933,-0.1474557687191013
0.0,0.0,1.0,0.0,0.0,1.0,0.0,0.0,0.0,0.0,1.0,0.0,0.0,0.0,1.0,0.0,0.0,-1.219449824683449,0.8768917759509374,1.1042286096609966,-0.8042432027155477,-0.9226358091102479,1.2023369530699237,-0.6475775332438344,-0.14125327883151229,-0.1781057493664113,0.12654446660059115,-0.632834588424933,-0.1474557687191013
0.0,1.0,0.0,0.0,0.0,1.0,0.0,0.0,0.0,0.0,1.0,0.0,0.0,0.0,0.0,0.0,1.0,-0.7891809702537543,0.4902742495824598,1.9359325187095457,-1.3868498147302841,-1.8122928337554924,1.0874503518099063,-0.6475775332438344,-0.14125327883151229,-0.1781057493664113,-0.4579174986478331,-0.632834588424933,-0.1474557687191013
1.0,0.0,0.0,0.0,0.0,1.0,1.0,0.0,0.0,0.0,0.0,0.0,0.0,1.0,0.0,0.0,0.0,0.5016255930353297,0.9777485219601053,-0.7059504865034925,2.4000931633655025,0.9258737865415383,0.5589719860138264,1.5508042622796427,-0.14125327883151229,-0.1781057493664113,0.7110064318490154,-0.632834588424933,-0.1474557687191013
1.0,0.0,0.0,0.0,0.0,1.0,0.0,0.0,1.0,0.0,0.0,0.0,0.0,0.0,1.0,0.0,0.0,-1.5062957276365787,0.7340113857712828,1.0063810909494026,-0.3187376927032675,0.9258737865415383,1.0414957113058994,-0.6475775332438344,-0.14125327883151229,-0.1781057493664113,0.7110064318490154,1.580191756725731,-0.1474557687191013
0.0,0.0,0.0,1.0,0.0,1.0,0.0,0.0,0.0,0.0,0.0,1.0,0.0,0.0,1.0,0.0,0.0,-1.076026873206884,-1.3419566362507593,0.027905903833462538,0.06966671530655688,-0.25045050160050747,-1.0800768586290883,-0.6475775332438344,-0.14125327883151229,6.48834708147892,1.5876993797216516,-0.632834588424933,0.09002776748056054
0.0,0.0,0.0,1.0,0.0,1.0,0.0,0.0,0.0,0.0,0.0,0.0,1.0,0.0,1.0,0.0,0.0,-1.362872776160014,-1.56047958593729,-0.7548742458592895,0.263868919311469,0.9258737865415383,-1.5626005839211612,-0.6475775332438344,-0.14125327883151229,-0.1781057493664113,-1.6268414291446816,-0.632834588424933,-0.1474557687191013
0.0,0.0,0.0,1.0,0.0,1.0,0.0,0.0,0.0,0.0,0.0,1.0,0.0,0.0,1.0,0.0,0.0,-1.076026873206884,-1.3251471785825646,0.4192959786798386,-1.192647610725372,-0.22409029346287057,-0.9345538303663996,-0.6475775332438344,-0.14125327883151229,-0.1781057493664113,-1.6268414291446816,-0.632834588424933,-0.1474557687191013
0.0,1.0,0.0,0.0,0.0,1.0,0.0,0.0,0.0,0.0,0.0,0.0,1.0,1.0,0.0,0.0,0.0,0.3582026415587648,0.465060063080168,-0.6081029677918985,2.5942953673704148,0.37230941565116377,0.18367575523110294,1.8027021763500413,-0.14125327883151229,-0.1781057493664113,-1.0423794638962574,-0.632834588424933,-0.1474557687191013
0.0,0.0,1.0,0.0,0.0,1.0,1.0,0.0,0.0,0.0,0.0,0.0,0.0,1.0,0.0,0.0,0.0,0.21477969008219988,1.5324606250105297,-1.3908831174846505,0.36097002131392514,0.9258737865415383,0.5589719860138264,3.1308911778121415,-0.14125327883151229,-0.1781057493664113,0.41877544922480325,-0.632834588424933,-0.1474557687191013
0.0,0.0,0.0,1.0,0.0,1.0,0.0,0.0,0.0,1.0,0.0,0.0,0.0,0.0,1.0,0.0,0.0,-1.6497186791131437,-1.7790025356238206,-0.8527217645708836,0.263868919311469,0.9258737865415383,-1.784714679690528,-0.6475775332438344,-0.14125327883151229,-0.1781057493664113,1.5876993797216516,1.580191756725731,-0.1474557687191013
1.0,0.0,0.0,0.0,0.0,1.0,0.0,1.0,0.0,0.0,0.0,0.0,0.0,0.0,0.0,0.0,1.0,-0.5023350673006246,0.9357248777896187,0.5660672567472296,-0.3187376927032675,0.9258737865415383,1.0721321383085707,-0.46437905028354454,-0.14125327883151229,-0.1781057493664113,0.7110064318490154,-0.632834588424933,-0.1474557687191013
0.0,0.0,1.0,0.0,0.0,1.0,0.0,0.0,0.0,0.0,1.0,0.0,0.0,0.0,0.0,1.0,0.0,1.5055862533712838,0.8180586741122561,0.4192959786798386,0.36097002131392514,-0.6524436756994698,0.9189500032952143,-0.6475775332438344,-0.14125327883151229,-0.1781057493664113,-0.16568651602362097,-0.632834588424933,-0.1474557687191013
0.0,0.0,1.0,0.0,0.0,1.0,0.0,0.0,1.0,0.0,0.0,0.0,0.0,0.0,0.0,1.0,0.0,0.9318944474650244,1.2046762004807334,-1.4398068768404475,1.817486551350766,0.9258737865415383,0.2602668227377812,0.7149611837733206,-0.14125327883151229,-0.1781057493664113,-0.16568651602362097,1.580191756725731,-0.1474557687191013
0.0,0.0,0.0,1.0,0.0,1.0,0.0,0.0,0.0,0.0,1.0,0.0,0.0,1.0,0.0,0.0,0.0,0.07135673860563499,-0.8881012792095032,0.6639147754588236,0.6522733273212932,-1.9473889004608815,-0.4826665320769979,-0.6475775332438344,-0.14125327883151229,-0.1781057493664113,-1.6268414291446816,-0.632834588424933,-0.1474557687191013
0.0,0.0,1.0,0.0,0.0,1.0,0.0,1.0,0.0,0.0,0.0,0.0,0.0,0.0,0.0,0.0,1.0,-0.5023350673006246,1.2551045734853175,0.9574573315936056,-0.6100409987106356,-0.9440534782220779,1.4857239028446332,0.19971545044750577,-0.14125327883151229,-0.1781057493664113,0.41877544922480325,-0.632834588424933,-0.1474557687191013
0.0,0.0,0.0,1.0,0.0,1.0,0.0,0.0,0.0,0.0,0.0,1.0,0.0,0.0,0.0,0.0,1.0,-0.7891809702537543,-1.3671708227530512,0.4192959786798386,-1.2897487127278282,-0.04780640154242396,-0.9728493641197388,-0.6475775332438344,-0.14125327883151229,-0.1781057493664113,-1.6268414291446816,-0.632834588424933,-0.1474557687191013
1.0,0.0,0.0,0.0,0.0,1.0,0.0,0.0,1.0,0.0,0.0,0.0,0.0,1.0,0.0,0.0,0.0,0.6450485445118945,0.7087971992689907,0.17467718190085355,1.6232843473458538,0.9258737865415383,0.7351314412791863,0.7951105200684475,-0.14125327883151229,-0.1781057493664113,1.0032374144732275,1.580191756725731,-0.1474557687191013
0.0,0.0,1.0,0.0,0.0,1.0,1.0,0.0,0.0,0.0,0.0,0.0,0.0,0.0,0.0,1.0,0.0,1.6490092048478489,0.5827262667575306,1.0063810909494026,-0.3187376927032675,-1.528920596275896,0.9112908965445463,-0.6475775332438344,-0.14125327883151229,-0.1781057493664113,-0.16568651602362097,-0.632834588424933,-0.1474557687191013
0.0,1.0,0.0,0.0,0.0,1.0,0.0,1.0,0.0,0.0,0.0,0.0,0.0,0.0,0.0,0.0,1.0,-0.7891809702537543,-0.7452208890298485,1.3977711657957785,0.263868919311469,0.8912760133608898,-0.1609840485489492,-0.6475775332438344,1.6873852274207748,-0.1781057493664113,-1.0423794638962574,-0.632834588424933,1.6793406635859895
0.0,0.0,1.0,0.0,0.0,1.0,0.0,0.0,0.0,1.0,0.0,0.0,0.0,1.0,0.0,0.0,0.0,0.07135673860563499,1.8854592360426177,-0.9505692832824775,0.16676781730901283,0.6013137238468842,1.1563823125659167,2.8446435481866885,-0.14125327883151229,-0.1781057493664113,0.12654446660059115,1.580191756725731,-0.1474557687191013
0.0,0.0,1.0,0.0,0.0,1.0,0.0,0.0,0.0,0.0,0.0,1.0,0.0,0.0,1.0,0.0,0.0,-1.5062957276365787,0.6163451820939199,1.8870087593537486,-1.3868498147302841,-2.051182220002827,1.1946778463192558,-0.6475775332438344,7.630460372740708,-0.1781057493664113,0.12654446660059115,-0.632834588424933,7.616429068577535
1.0,0.0,0.0,0.0,0.0,1.0,0.0,0.0,0.0,0.0,0.0,1.0,0.0,0.0,1.0,0.0,0.0,-1.6497186791131437,-0.0056047516292829025,0.6639147754588236,0.06966671530655688,0.9044561174297082,0.2832441429897847,-0.6475775332438344,-0.14125327883151229,-0.1781057493664113,1.0032374144732275,-0.632834588424933,-0.1474557687191013
0.0,0.0,1.0,0.0,0.0,1.0,1.0,0.0,0.0,0.0,0.0,0.0,0.0,0.0,0.0,1.0,0.0,1.5055862533712838,0.6163451820939199,-0.21671289294552248,-0.3187376927032675,0.9258737865415383,0.49004002525781587,-0.6475775332438344,-0.14125327883151229,-0.1781057493664113,-0.16568651602362097,-0.632834588424933,-0.1474557687191013
0.0,0.0,1.0,0.0,0.0,1.0,0.0,0.0,1.0,0.0,0.0,0.0,0.0,0.0,0.0,1.0,0.0,1.362163301894719,1.2719140311535122,0.27252470061244755,1.0406777353311174,0.9258737865415383,1.2559507003245984,-0.6475775332438344,-0.14125327883151229,-0.1781057493664113,0.12654446660059115,1.580191756725731,-0.1474557687191013
0.0,0.0,0.0,1.0,0.0,1.0,0.0,0.0,1.0,0.0,0.0,0.0,0.0,0.0,0.0,1.0,0.0,1.2187403504181542,-0.8544823638731138,0.3703722193240416,-0.5129398967081796,-2.0841324801748726,-0.5439393860823405,-0.6475775332438344,-0.14125327883151229,-0.1781057493664113,-1.6268414291446816,1.580191756725731,-0.1474557687191013
0.0,0.0,1.0,0.0,0.0,1.0,0.0,1.0,0.0,0.0,0.0,0.0,0.0,0.0,0.0,0.0,1.0,-0.7891809702537543,0.6415593685962119,1.8870087593537486,-1.3868498147302841,-0.2899908138069628,1.2176551665712594,-0.6475775332438344,0.7730659742946313,-0.1781057493664113,0.12654446660059115,-0.632834588424933,0.7659424474334442
1.0,0.0,0.0,0.0,0.0,1.0,0.0,1.0,0.0,0.0,0.0,0.0,0.0,0.0,0.0,0.0,1.0,-0.2154891643474948,0.918915420121424,-0.5591792084361015,-0.1245354886983552,0.919283734507129,0.5819493062658299,1.7340027452399325,-0.14125327883151229,-0.1781057493664113,0.7110064318490154,-0.632834588424933,-0.1474557687191013
0.0,0.0,0.0,1.0,0.0,1.0,1.0,0.0,0.0,0.0,0.0,0.0,0.0,0.0,1.0,0.0,0.0,-1.076026873206884,-1.0477911270573526,0.32144845996824456,-1.2897487127278282,-1.1961229685382304,-0.7277579480983682,-0.6475775332438344,-0.14125327883151229,-0.1781057493664113,1.5876993797216516,-0.632834588424933,-0.1474557687191013
1.0,0.0,0.0,0.0,0.0,1.0,0.0,0.0,1.0,0.0,0.0,0.0,0.0,0.0,1.0,0.0,0.0,-1.6497186791131437,0.28015602873002643,1.7402374812863577,0.06966671530655688,0.5041104563393481,0.8500180425392037,-0.6475775332438344,0.7730659742946313,-0.1781057493664113,1.0032374144732275,1.580191756725731,0.7659424474334442
0.0,1.0,0.0,0.0,0.0,1.0,0.0,0.0,1.0,0.0,0.0,0.0,0.0,0.0,1.0,0.0,0.0,-1.219449824683449,0.17929928272085843,0.22360094125665056,-1.192647610725372,-1.2158931246414582,0.29090324974045245,-0.6475775332438344,-0.14125327883151229,-0.1781057493664113,-0.4579174986478331,1.580191756725731,-0.1474557687191013
0.0,0.0,1.0,0.0,0.0,1.0,0.0,0.0,1.0,0.0,0.0,0.0,0.0,0.0,0.0,0.0,1.0,-0.5023350673006246,0.8012492164440614,-0.8037980052150865,-0.9984454067204599,0.7397048165694777,0.3598352104964629,0.06231658822728846,-0.14125327883151229,-0.1781057493664113,-0.16568651602362097,1.580191756725731,-0.1474557687191013
0.0,0.0,0.0,1.0,0.0,1.0,1.0,0.0,0.0,0.0,0.0,0.0,0.0,0.0,0.0,1.0,0.0,1.5055862533712838,-1.1738620595688127,1.2020761283725907,-0.22163659070081138,-0.0955842787918908,-0.5898940265863474,-0.6475775332438344,-0.14125327883151229,-0.1781057493664113,1.5876993797216516,-0.632834588424933,-0.1474557687191013
1.0,0.0,0.0,0.0,0.0,1.0,0.0,0.0,1.0,0.0,0.0,0.0,0.0,0.0,0.0,1.0,0.0,0.9318944474650244,1.3223424041580962,-0.6081029677918985,-0.41583879470572344,0.9258737865415383,0.8959726830432108,0.01651696748721598,-0.14125327883151229,-0.1781057493664113,0.7110064318490154,1.580191756725731,-0.1474557687191013
0.0,0.0,1.0,0.0,0.0,1.0,0.0,0.0,0.0,1.0,0.0,0.0,0.0,0.0,0.0,1.0,0.0,1.2187403504181542,1.0281768949646894,-1.2930355987730566,0.4580711233163813,0.9209312475157313,0.23728950248577774,-0.5788781021337256,-0.14125327883151229,-0.1781057493664113,-0.16568651602362097,1.580191756725731,-0.1474557687191013
1.0,0.0,0.0,0.0,0.0,1.0,0.0,0.0,0.0,0.0,0.0,1.0,0.0,1.0,0.0,0.0,0.0,0.6450485445118945,1.0449863526328842,-0.7059504865034925,-0.3187376927032675,0.9258737865415383,0.6125857332685012,0.4974129852579766,-0.14125327883151229,-0.1781057493664113,0.7110064318490154,-0.632834588424933,-0.1474557687191013
0.0,1.0,0.0,0.0,0.0,1.0,1.0,0.0,0.0,0.0,0.0,0.0,0.0,0.0,0.0,0.0,1.0,-0.5023350673006246,-1.6193126877759714,-0.6570267271476955,-1.2897487127278282,0.2668685831006163,-1.570259690671829,-0.45292914509852644,-0.14125327883151229,-0.1781057493664113,-1.0423794638962574,-0.632834588424933,-0.1474557687191013
0.0,1.0,0.0,0.0,0.0,1.0,0.0,1.0,0.0,0.0,0.0,0.0,0.0,1.0,0.0,0.0,0.0,0.6450485445118945,0.8348681317804507,-0.5591792084361015,2.302992061363046,-0.034626297473605516,0.5130173455098194,1.6424035037597875,-0.14125327883151229,-0.1781057493664113,-0.7501484812720451,-0.632834588424933,-0.1474557687191013
0.0,1.0,0.0,0.0,0.0,1.0,0.0,0.0,0.0,0.0,0.0,1.0,0.0,0.0,0.0,1.0,0.0,1.362163301894719,-0.9049107368776979,-0.9016455239266805,1.5261832453433977,0.9258737865415383,-1.0877359653797563,-0.6475775332438344,-0.14125327883151229,-0.1781057493664113,-1.0423794638962574,-0.632834588424933,-0.1474557687191013
0.0,0.0,0.0,1.0,0.0,1.0,0.0,0.0,0.0,1.0,0.0,0.0,0.0,0.0,0.0,1.0,0.0,1.362163301894719,-1.106624228896034,-1.4398068768404475,-1.192647610725372,0.9258737865415383,-1.5549414771704932,-0.6475775332438344,-0.14125327883151229,-0.1781057493664113,-1.6268414291446816,1.580191756725731,-0.1474557687191013
0.0,0.0,0.0,1.0,0.0,1.0,0.0,0.0,0.0,0.0,0.0,0.0,1.0,0.0,0.0,1.0,0.0,1.362163301894719,-0.8965060080436005,1.7891612406421546,0.7493744293237493,-0.14665718205856226,-0.20693868905295615,-0.6475775332438344,8.08761999930378,-0.1781057493664113,-1.3346104465204693,-0.632834588424933,8.073128176653807
0.0,1.0,0.0,0.0,0.0,1.0,0.0,1.0,0.0,0.0,0.0,0.0,0.0,1.0,0.0,0.0,0.0,0.6450485445118945,1.263509302319415,-0.7548742458592895,1.6232843473458538,-0.9770037383941239,0.7657678682818577,2.008800469680367,-0.14125327883151229,-0.1781057493664113,-0.4579174986478331,-0.632834588424933,-0.1474557687191013
1.0,0.0,0.0,0.0,1.0,0.0,0.0,0.0,0.0,1.0,0.0,0.0,0.0,1.0,0.0,0.0,0.0,0.21477969008219988,0.8096539452781586,-0.7059504865034925,-0.3187376927032675,0.7825401547931378,0.42110806450180555,1.379055684504371,-0.14125327883151229,-0.1781057493664113,0.7110064318490154,1.580191756725731,-0.1474557687191013
0.0,0.0,0.0,1.0,0.0,1.0,0.0,0.0,0.0,1.0,0.0,0.0,0.0,0.0,0.0,0.0,1.0,-0.07206621287092989,-0.736816160195751,-1.4398068768404475,0.8464755313262055,-0.23891791054029132,-1.2638954206451158,1.4935547363545523,-0.14125327883151229,-0.1781057493664113,-1.3346104465204693,1.580191756725731,-0.1474557687191013
1.0,0.0,0.0,0.0,0.0,1.0,0.0,1.0,0.0,0.0,0.0,0.0,0.0,0.0,0.0,0.0,1.0,-0.2154891643474948,0.7256066569371853,0.07682966318925954,-0.02743438669589927,0.168017802584478,0.7044950142765151,1.0012088133987733,-0.14125327883151229,-0.1781057493664113,0.7110064318490154,-0.632834588424933,-0.1474557687191013
0.0,1.0,0.0,0.0,0.0,1.0,0.0,0.0,0.0,0.0,0.0,1.0,0.0,0.0,0.0,1.0,0.0,1.0753173989415892,-0.5014837528410258,-1.3908831174846505,0.9435766333286616,0.9258737865415383,-1.041781324875749,-0.6246777228737981,-0.14125327883151229,-0.1781057493664113,-1.0423794638962574,-0.632834588424933,-0.1474557687191013
0.0,0.0,0.0,1.0,0.0,1.0,0.0,0.0,0.0,0.0,0.0,1.0,0.0,0.0,0.0,1.0,0.0,0.9318944474650244,-0.6863877871911671,0.027905903833462538,-0.3187376927032675,-1.6656641759898874,-0.5133029590796692,-0.6475775332438344,-0.14125327883151229,-0.1781057493664113,-1.6268414291446816,-0.632834588424933,-0.1474557687191013
1.0,0.0,0.0,0.0,0.0,1.0,0.0,0.0,0.0,0.0,0.0,0.0,1.0,1.0,0.0,0.0,0.0,0.7884714959884594,-0.6191499565183884,0.12575342254505653,0.4580711233163813,0.9044561174297082,-0.4213936780716553,-0.5674281969487076,-0.14125327883151229,-0.1781057493664113,1.2954683970974397,-0.632834588424933,-0.1474557687191013
0.0,1.0,0.0,0.0,0.0,1.0,0.0,0.0,1.0,0.0,0.0,0.0,0.0,0.0,0.0,0.0,1.0,-0.3589121158240597,-0.039223666965672276,-0.06994161487813147,-0.8042432027155477,-0.9539385562736916,-0.007801913535592693,0.47451317488794037,-0.14125327883151229,-0.1781057493664113,-1.0423794638962574,1.580191756725731,-0.1474557687191013
0.0,1.0,0.0,0.0,0.0,1.0,0.0,0.0,0.0,1.0,0.0,0.0,0.0,1.0,0.0,0.0,0.0,0.3582026415587648,0.5575120802552386,0.27252470061244755,1.1377788373335735,-0.8386126456715303,0.6355630535205045,1.6309535985747694,-0.14125327883151229,-0.1781057493664113,-0.4579174986478331,1.580191756725731,-0.1474557687191013
0.0,1.0,0.0,0.0,1.0,0.0,0.0,0.0,0.0,0.0,1.0,0.0,0.0,0.0,0.0,1.0,0.0,1.2187403504181542,-1.283123534412078,-0.4613316897245075,1.72038544934831,-0.18619749426501755,-1.2026225666397736,-0.6475775332438344,-0.14125327883151229,-0.1781057493664113,-1.0423794638962574,-0.632834588424933,-0.1474557687191013
0.0,0.0,1.0,0.0,0.0,1.0,0.0,0.0,0.0,0.0,0.0,0.0,1.0,0.0,0.0,0.0,1.0,-0.6457580187771894,0.9357248777896187,0.7617622941704176,-0.9984454067204599,-1.2883836970199596,1.141064099064581,-0.24683085176820052,-0.14125327883151229,-0.1781057493664113,0.12654446660059115,-0.632834588424933,-0.1474557687191013
0.0,1.0,0.0,0.0,0.0,1.0,0.0,1.0,0.0,0.0,0.0,0.0,0.0,0.0,1.0,0.0,0.0,-0.9326039217303193,-0.8208634485367244,-0.2656366523013195,-1.2897487127278282,-0.37895651627148724,-0.7354170548490361,-0.6475775332438344,-0.14125327883151229,-0.1781057493664113,-1.0423794638962574,-0.632834588424933,-0.1474557687191013
1.0,0.0,0.0,0.0,0.0,1.0,0.0,0.0,0.0,1.0,0.0,0.0,0.0,0.0,0.0,0.0,1.0,-0.5023350673006246,0.7424161146053799,1.4466949251515757,-0.1245354886983552,-1.3789969124930863,1.187018739568588,-0.45292914509852644,-0.14125327883151229,-0.1781057493664113,0.7110064318490154,1.580191756725731,-0.1474557687191013
0.0,0.0,0.0,1.0,0.0,1.0,0.0,1.0,0.0,0.0,0.0,0.0,0.0,0.0,0.0,1.0,0.0,1.0753173989415892,-0.6359594141865831,-1.3908831174846505,0.9435766333286616,-0.4745122707704209,-1.1490088193850985,-0.6361276280588162,-0.14125327883151229,-0.1781057493664113,-1.3346104465204693,-0.632834588424933,-0.1474557687191013
0.0,0.0,0.0,1.0,0.0,1.0,0.0,0.0,0.0,1.0,0.0,0.0,0.0,0.0,1.0,0.0,0.0,-1.5062957276365787,-1.2158857037392994,-0.7548742458592895,-1.095546508722916,0.5815435677436566,-1.2715545273957838,-0.6475775332438344,-0.14125327883151229,-0.1781057493664113,-1.3346104465204693,1.580191756725731,-0.1474557687191013
1.0,0.0,0.0,0.0,0.0,1.0,0.0,0.0,1.0,0.0,0.0,0.0,0.0,0.0,1.0,0.0,0.0,-1.6497186791131437,0.5407026225870439,1.1042286096609966,-0.6100409987106356,0.9258737865415383,0.9036317897938787,-0.6475775332438344,-0.14125327883151229,-0.1781057493664113,0.7110064318490154,1.580191756725731,-0.1474557687191013
0.0,1.0,0.0,0.0,0.0,1.0,0.0,0.0,0.0,0.0,1.0,0.0,0.0,1.0,0.0,0.0,0.0,0.5016255930353297,0.7424161146053799,-1.7333494329752295,0.8464755313262055,0.04115930092210051,-0.3371435038143092,2.3980972459709826,-0.14125327883151229,-0.1781057493664113,-0.7501484812720451,-0.632834588424933,-0.1474557687191013
0.0,1.0,0.0,0.0,0.0,1.0,0.0,1.0,0.0,0.0,0.0,0.0,0.0,0.0,0.0,1.0,0.0,1.2187403504181542,0.5827262667575306,0.5171434973914326,0.6522733273212932,-1.491027797078043,0.750449654780522,-0.6475775332438344,-0.14125327883151229,-0.1781057493664113,-0.7501484812720451,-0.632834588424933,-0.1474557687191013
1.0,0.0,0.0,0.0,0.0,1.0,0.0,0.0,0.0,1.0,0.0,0.0,0.0,0.0,0.0,1.0,0.0,0.9318944474650244,0.2633465710618318,-0.021017855522334466,0.6522733273212932,0.9110461694641175,0.27558503623911684,-0.510178671023617,-0.14125327883151229,-0.1781057493664113,1.0032374144732275,1.580191756725731,-0.1474557687191013
1.0,0.0,0.0,0.0,0.0,1.0,0.0,0.0,0.0,0.0,1.0,0.0,0.0,0.0,1.0,0.0,0.0,-1.219449824683449,0.6583688262644065,0.46821973803563555,-0.02743438669589927,0.9258737865415383,0.7964042952845289,-0.6475775332438344,-0.14125327883151229,-0.1781057493664113,0.7110064318490154,-0.632834588424933,-0.1474557687191013
0.0,0.0,1.0,0.0,0.0,1.0,0.0,0.0,0.0,0.0,0.0,0.0,1.0,0.0,0.0,0.0,1.0,-0.7891809702537543,1.2214856581489282,1.2509998877283877,-0.5129398967081796,-0.5189951220026832,1.5546558636006438,-0.6361276280588162,-0.14125327883151229,-0.1781057493664113,0.41877544922480325,-0.632834588424933,-0.1474557687191013
0.0,1.0,0.0,0.0,0.0,1.0,0.0,0.0,1.0,0.0,0.0,0.0,0.0,1.0,0.0,0.0,0.0,0.07135673860563499,0.6247499109280173,-1.3419593581288536,0.7493744293237493,0.07740458711135122,-0.12268851479561008,2.993492315591925,-0.14125327883151229,-0.1781057493664113,-0.7501484812720451,1.580191756725731,-0.1474557687191013
0.0,1.0,0.0,0.0,0.0,1.0,0.0,0.0,0.0,0.0,1.0,0.0,0.0,0.0,1.0,0.0,0.0,-1.6497186791131437,-0.3670080914954684,1.3488474064399816,1.3319810413384858,0.9258737865415383,0.16069843497909947,-0.6475775332438344,-0.14125327883151229,-0.1781057493664113,-0.4579174986478331,-0.632834588424933,-0.1474557687191013
0.0,0.0,1.0,0.0,0.0,1.0,0.0,0.0,0.0,0.0,0.0,1.0,0.0,0.0,0.0,1.0,0.0,1.362163301894719,0.8768917759509374,1.7402374812863577,2.7884975713753266,-1.9951667777103483,1.3861555150859515,-0.6475775332438344,1.230225600857703,-0.1781057493664113,-0.16568651602362097,-0.632834588424933,1.2226415555097168
1.0,0.0,0.0,0.0,0.0,1.0,0.0,0.0,1.0,0.0,0.0,0.0,0.0,0.0,0.0,1.0,0.0,1.6490092048478489,-0.23253243014991093,1.2509998877283877,-0.41583879470572344,-1.9572739785124953,0.2602668227377812,-0.6475775332438344,-0.14125327883151229,-0.1781057493664113,1.2954683970974397,1.580191756725731,-0.1474557687191013
0.0,0.0,1.0,0.0,0.0,1.0,0.0,0.0,0.0,0.0,1.0,0.0,0.0,0.0,0.0,0.0,1.0,-0.3589121158240597,1.3643660483285829,-0.21671289294552248,-0.22163659070081138,0.9258737865415383,1.1257458855632454,0.2913146919276506,-0.14125327883151229,-0.1781057493664113,0.41877544922480325,-0.632834588424933,-0.1474557687191013
0.0,0.0,1.0,0.0,0.0,1.0,0.0,0.0,0.0,0.0,1.0,0.0,0.0,1.0,0.0,0.0,0.0,0.7884714959884594,1.6837457440242818,0.027905903833462538,1.1377788373335735,-0.659033727733879,1.5087012230966368,0.65771165784823,-0.14125327883151229,-0.1781057493664113,0.12654446660059115,-0.632834588424933,-0.1474557687191013
0.0,1.0,0.0,0.0,0.0,1.0,0.0,0.0,0.0,0.0,1.0,0.0,0.0,1.0,0.0,0.0,0.0,0.3582026415587648,1.0786052679692733,-0.7548742458592895,0.9435766333286616,0.09058469118016965,0.6125857332685012,2.7530443067065447,-0.14125327883151229,-0.1781057493664113,-0.4579174986478331,-0.632834588424933,-0.1474557687191013
0.0,0.0,1.0,0.0,1.0,0.0,0.0,0.0,0.0,0.0,0.0,0.0,1.0,0.0,0.0,1.0,0.0,1.0753173989415892,1.3139376753239989,0.8596098128820115,-0.9984454067204599,0.9258737865415383,1.5087012230966368,-0.5216285762086351,0.6816340489820171,-0.1781057493664113,0.41877544922480325,-0.632834588424933,0.6746026258181896
0.0,0.0,0.0,1.0,0.0,1.0,0.0,0.0,0.0,1.0,0.0,0.0,0.0,0.0,0.0,0.0,1.0,-0.7891809702537543,-2.0899775024854224,-0.21671289294552248,0.6522733273212932,0.789130206827547,-1.8000328931918637,-0.6475775332438344,-0.14125327883151229,-0.1781057493664113,-1.3346104465204693,1.580191756725731,-0.1474557687191013
1.0,0.0,0.0,0.0,0.0,1.0,0.0,1.0,0.0,0.0,0.0,0.0,0.0,0.0,1.0,0.0,0.0,-0.9326039217303193,-0.16529459947713232,1.0063810909494026,-1.3868498147302841,-0.490987400856444,0.2449486092364455,-0.6475775332438344,-0.14125327883151229,-0.1781057493664113,1.0032374144732275,-0.632834588424933,-0.1474557687191013
0.0,0.0,0.0,1.0,0.0,1.0,0.0,0.0,0.0,1.0,0.0,0.0,0.0,0.0,0.0,1.0,0.0,1.2187403504181542,-1.6865505184487501,-1.3908831174846505,1.0406777353311174,0.9258737865415383,-1.9838514552078916,-0.6475775332438344,-0.14125327883151229,-0.1781057493664113,-1.6268414291446816,1.580191756725731,-0.1474557687191013
0.0,0.0,1.0,0.0,0.0,1.0,0.0,0.0,0.0,0.0,1.0,0.0,0.0,0.0,1.0,0.0,0.0,-0.9326039217303193,0.5322978937529464,1.1531523690167935,0.36097002131392514,-1.2537859238393112,0.9112908965445463,-0.6475775332438344,-0.14125327883151229,-0.1781057493664113,-0.16568651602362097,-0.632834588424933,-0.1474557687191013
0.0,1.0,0.0,0.0,0.0,1.0,0.0,0.0,0.0,0.0,0.0,1.0,0.0,0.0,0.0,0.0,1.0,-0.6457580187771894,0.5743215379234332,0.22360094125665056,-0.6100409987106356,-0.8303750806285188,0.6355630535205045,-0.3727798088033997,-0.14125327883151229,-0.1781057493664113,-0.4579174986478331,-0.632834588424933,-0.1474557687191013
0.0,0.0,1.0,0.0,0.0,1.0,0.0,0.0,0.0,0.0,0.0,1.0,0.0,0.0,1.0,0.0,0.0,-1.076026873206884,0.5575120802552386,0.7128385348146206,-0.1245354886983552,-0.972061199368317,0.7964042952845289,-0.6475775332438344,-0.14125327883151229,-0.1781057493664113,-0.16568651602362097,-0.632834588424933,-0.1474557687191013
0.0,1.0,0.0,0.0,0.0,1.0,0.0,0.0,0.0,0.0,0.0,1.0,0.0,0.0,1.0,0.0,0.0,-1.219449824683449,0.2969654863982213,0.7617622941704176,-1.2897487127278282,-1.706852001204945,0.5819493062658299,-0.6475775332438344,-0.14125327883151229,-0.1781057493664113,-0.4579174986478331,-0.632834588424933,-0.1474557687191013
1.0,0.0,0.0,0.0,0.0,1.0,0.0,0.0,0.0,0.0,0.0,0.0,1.0,0.0,0.0,0.0,1.0,-0.6457580187771894,0.2717512998959292,0.17467718190085355,0.263868919311469,0.9258737865415383,0.3521761037457951,-0.6361276280588162,-0.14125327883151229,-0.1781057493664113,0.7110064318490154,-0.632834588424933,-0.1474557687191013
0.0,0.0,1.0,0.0,0.0,1.0,0.0,0.0,0.0,0.0,0.0,1.0,0.0,0.0,1.0,0.0,0.0,-0.9326039217303193,1.2130809293148308,0.5660672567472296,-1.5810520187351962,0.8863334743350829,1.317223554329941,-0.6475775332438344,-0.14125327883151229,-0.1781057493664113,0.12654446660059115,-0.632834588424933,-0.1474557687191013
1.0,0.0,0.0,0.0,0.0,1.0,1.0,0.0,0.0,0.0,0.0,0.0,0.0,0.0,0.0,1.0,0.0,1.2187403504181542,-0.09805676880435357,0.6639147754588236,0.7493744293237493,-1.5025603881382592,0.2066530754831064,-0.6475775332438344,-0.14125327883151229,-0.1781057493664113,1.2954683970974397,-0.632834588424933,-0.1474557687191013
0.0,1.0,0.0,0.0,0.0,1.0,0.0,0.0,0.0,0.0,1.0,0.0,0.0,0.0,1.0,0.0,0.0,-1.6497186791131437,0.12046618088217714,0.22360094125665056,-0.8042432027155477,0.9258737865415383,0.2449486092364455,-0.6475775332438344,-0.14125327883151229,-0.1781057493664113,-0.4579174986478331,-0.632834588424933,-0.1474557687191013
0.0,1.0,0.0,0.0,0.0,1.0,0.0,0.0,1.0,0.0,0.0,0.0,0.0,0.0,0.0,1.0,0.0,0.9318944474650244,1.1710572851443442,-1.2441118394172594,0.4580711233163813,-1.014896537591977,0.38281253074846644,0.5775623215531035,-0.14125327883151229,-0.1781057493664113,-0.4579174986478331,1.580191756725731,-0.1474557687191013
0.0,0.0,0.0,1.0,0.0,1.0,0.0,0.0,0.0,0.0,1.0,0.0,0.0,0.0,0.0,1.0,0.0,1.5055862533712838,-2.1824295196604933,-0.31456041165711646,1.0406777353311174,0.9258737865415383,-1.914919494451881,-0.6475775332438344,-0.14125327883151229,-0.1781057493664113,-1.6268414291446816,-0.632834588424933,-0.1474557687191013
0.0,0.0,1.0,0.0,0.0,1.0,0.0,0.0,0.0,0.0,0.0,1.0,0.0,0.0,0.0,0.0,1.0,-0.7891809702537543,0.8012492164440614,1.7891612406421546,-1.5810520187351962,0.822080466999593,1.3325417678312768,-0.5903280073187437,-0.14125327883151229,-0.1781057493664113,0.12654446660059115,-0.632834588424933,-0.1474557687191013
0.0,1.0,0.0,0.0,0.0,1.0,0.0,0.0,1.0,0.0,0.0,0.0,0.0,0.0,1.0,0.0,0.0,-1.219449824683449,-0.12327095530664564,0.8596098128820115,-0.7071421007130917,-1.7694574955318325,0.2449486092364455,-0.6475775332438344,-0.14125327883151229,-0.1781057493664113,-0.7501484812720451,1.580191756725731,-0.1474557687191013
1.0,0.0,0.0,0.0,0.0,1.0,0.0,0.0,0.0,0.0,0.0,1.0,0.0,0.0,0.0,1.0,0.0,1.2187403504181542,0.8264634029463532,-0.5102554490803045,-0.5129398967081796,0.9258737865415383,0.528335559011155,-0.6475775332438344,-0.14125327883151229,-0.1781057493664113,0.7110064318490154,-0.632834588424933,-0.1474557687191013
0.0,0.0,0.0,1.0,0.0,1.0,0.0,0.0,0.0,1.0,0.0,0.0,0.0,1.0,0.0,0.0,0.0,0.5016255930353297,-0.6443641430206805,-1.8801207110426206,0.4580711233163813,0.7446473555952847,-1.5396232636691578,0.2684148815576145,-0.14125327883151229,-0.1781057493664113,-1.6268414291446816,1.580191756725731,-0.1474557687191013
0.0,0.0,0.0,1.0,1.0,0.0,0.0,1.0,0.0,0.0,0.0,0.0,0.0,0.0,1.0,0.0,0.0,-1.219449824683449,-1.43440865342583,-0.7059504865034925,-0.7071421007130917,0.9258737865415383,-1.4323957691598084,-0.6475775332438344,-0.14125327883151229,-0.1781057493664113,-1.6268414291446816,-0.632834588424933,-0.1474557687191013
0.0,1.0,0.0,0.0,0.0,1.0,1.0,0.0,0.0,0.0,0.0,0.0,0.0,1.0,0.0,0.0,0.0,0.21477969008219988,-0.46786483750463637,-0.7059504865034925,0.263868919311469,0.14495262046404572,-0.6281895603396865,0.7722107096984112,-0.14125327883151229,-0.1781057493664113,-1.0423794638962574,-0.632834588424933,-0.1474557687191013
0.0,0.0,1.0,0.0,0.0,1.0,0.0,0.0,0.0,0.0,0.0,1.0,0.0,1.0,0.0,0.0,0.0,0.3582026415587648,1.1878667428125387,-0.7059504865034925,1.1377788373335735,-0.10052681781769772,0.7274723345285187,2.3179479096758557,-0.14125327883151229,-0.1781057493664113,-0.16568651602362097,-0.632834588424933,-0.1474557687191013
0.0,1.0,0.0,0.0,0.0,1.0,0.0,0.0,0.0,0.0,1.0,0.0,0.0,0.0,1.0,0.0,0.0,-1.076026873206884,-0.46786483750463637,-0.2656366523013195,-0.7071421007130917,0.43326739696944905,-0.4367118915729909,-0.6475775332438344,-0.14125327883151229,-0.1781057493664113,-0.7501484812720451,-0.632834588424933,-0.1474557687191013
0.0,0.0,0.0,1.0,0.0,1.0,0.0,0.0,1.0,0.0,0.0,0.0,0.0,0.0,1.0,0.0,0.0,-1.5062957276365787,-2.367333554010634,-0.7548742458592895,-0.9013443047180038,0.7693600507243192,-2.2366019779799298,-0.6475775332438344,-0.14125327883151229,0.5911003465003576,-1.6268414291446816,1.580191756725731,-0.12005382223452492
1.0,0.0,0.0,0.0,0.0,1.0,0.0,0.0,0.0,0.0,0.0,1.0,0.0,0.0,1.0,0.0,0.0,-0.9326039217303193,-0.35860336266137094,1.2509998877283877,-1.095546508722916,-1.6771967670501036,0.1453802214777638,-0.6475775332438344,-0.14125327883151229,-0.1781057493664113,1.2954683970974397,-0.632834588424933,-0.1474557687191013
0.0,0.0,0.0,1.0,0.0,1.0,0.0,0.0,0.0,1.0,0.0,0.0,0.0,0.0,0.0,1.0,0.0,1.5055862533712838,-1.9134781969693782,-0.6570267271476955,-0.41583879470572344,0.9258737865415383,-1.8153511066931993,-0.6475775332438344,-0.14125327883151229,-0.1781057493664113,-1.3346104465204693,1.580191756725731,-0.1474557687191013
0.0,0.0,1.0,0.0,0.0,1.0,0.0,0.0,0.0,0.0,0.0,0.0,1.0,0.0,1.0,0.0,0.0,-1.076026873206884,0.9609390642919108,1.8870087593537486,-0.7071421007130917,-1.8468906069361408,1.5010421163459688,-0.6475775332438344,-0.14125327883151229,-0.1781057493664113,0.12654446660059115,-0.632834588424933,-0.1474557687191013
0.0,0.0,1.0,0.0,0.0,1.0,0.0,0.0,0.0,0.0,0.0,1.0,0.0,1.0,0.0,0.0,0.0,0.3582026415587648,1.0449863526328842,0.9085335722378086,-0.9013443047180038,0.8550307271716391,1.28658712732727,0.2111653556325239,-0.14125327883151229,-0.1781057493664113,0.12654446660059115,-0.632834588424933,-0.1474557687191013
0.0,0.0,1.0,0.0,0.0,1.0,0.0,0.0,1.0,0.0,0.0,0.0,0.0,0.0,0.0,0.0,1.0,-0.2154891643474948,1.1122241833056628,0.4192959786798386,1.429082143340942,0.3871370327285845,1.1717005260672526,1.047008434138846,-0.14125327883151229,-0.1781057493664113,0.41877544922480325,1.580191756725731,-0.1474557687191013
0.0,0.0,0.0,1.0,0.0,1.0,1.0,0.0,0.0,0.0,0.0,0.0,0.0,0.0,0.0,1.0,0.0,0.9318944474650244,-1.7285741626192368,-1.4887306361962445,0.263868919311469,0.9258737865415383,-2.083419842966573,-0.6246777228737981,-0.14125327883151229,-0.1781057493664113,-1.6268414291446816,-0.632834588424933,-0.1474557687191013
0.0,1.0,0.0,0.0,0.0,1.0,1.0,0.0,0.0,0.0,0.0,0.0,0.0,0.0,0.0,1.0,0.0,1.362163301894719,0.019609434873009167,-0.5591792084361015,0.16676781730901283,0.6046087498640887,-0.1609840485489492,-0.6475775332438344,-0.14125327883151229,-0.1781057493664113,-0.4579174986478331,-0.632834588424933,-0.1474557687191013
1.0,0.0,0.0,0.0,0.0,1.0,0.0,0.0,0.0,0.0,1.0,0.0,0.0,1.0,0.0,0.0,0.0,0.6450485445118945,1.1626525563102468,-0.16778913358972547,2.108789857358134,0.7759501027587284,0.972563750549889,-0.02928265325285637,-0.14125327883151229,-0.1781057493664113,0.7110064318490154,-0.632834588424933,-0.1474557687191013
0.0,0.0,0.0,1.0,0.0,1.0,1.0,0.0,0.0,0.0,0.0,0.0,0.0,0.0,0.0,0.0,1.0,-0.6457580187771894,-1.106624228896034,1.8870087593537486,-1.192647610725372,-2.074247402123259,-0.3677799308169805,-0.6475775332438344,-0.14125327883151229,9.565171464945996,-1.3346104465204693,-0.632834588424933,0.199635553418866
0.0,0.0,1.0,0.0,0.0,1.0,0.0,0.0,0.0,0.0,0.0,1.0,0.0,1.0,0.0,0.0,0.0,0.7884714959884594,1.12062891213976,-0.5591792084361015,1.2348799393360297,0.8863334743350829,0.750449654780522,1.367605779319353,-0.14125327883151229,-0.1781057493664113,-0.16568651602362097,-0.632834588424933,-0.1474557687191013
0.0,1.0,0.0,0.0,0.0,1.0,0.0,0.0,0.0,1.0,0.0,0.0,0.0,0.0,0.0,1.0,0.0,1.6490092048478489,-0.7452208890298485,-1.1951880800614625,-0.02743438669589927,0.06257697003393047,-1.1183723923824274,-0.6475775332438344,-0.14125327883151229,-0.1781057493664113,-1.0423794638962574,1.580191756725731,-0.1474557687191013
1.0,0.0,0.0,0.0,0.0,1.0,0.0,0.0,0.0,0.0,0.0,0.0,1.0,0.0,1.0,0.0,0.0,-1.076026873206884,0.5743215379234332,1.1042286096609966,-1.4839509167327403,0.9258737865415383,0.9342682167965498,-0.6475775332438344,-0.14125327883151229,-0.1781057493664113,0.7110064318490154,-0.632834588424933,-0.1474557687191013
0.0,0.0,1.0,0.0,0.0,1.0,0.0,0.0,1.0,0.0,0.0,0.0,0.0,0.0,1.0,0.0,0.0,-0.9326039217303193,0.4986789784165573,1.2999236470841846,-1.2897487127278282,-1.5997636556457953,0.926609110045882,-0.6475775332438344,-0.14125327883151229,-0.1781057493664113,-0.16568651602362097,1.580191756725731,-0.1474557687191013
0.0,0.0,1.0,0.0,0.0,1.0,1.0,0.0,0.0,0.0,0.0,0.0,0.0,0.0,0.0,1.0,0.0,1.0753173989415892,1.717364659360671,-0.21671289294552248,0.9435766333286616,0.7133446084318409,1.4244510488392905,-0.24683085176820052,-0.14125327883151229,-0.1781057493664113,0.41877544922480325,-0.632834588424933,-0.1474557687191013
0.0,0.0,1.0,0.0,0.0,1.0,0.0,1.0,0.0,0.0,0.0,0.0,0.0,0.0,1.0,0.0,0.0,-1.076026873206884,1.1038194544715654,0.32144845996824456,-0.6100409987106356,0.1713128286016826,1.1257458855632454,-0.6475775332438344,-0.14125327883151229,-0.1781057493664113,0.41877544922480325,-0.632834588424933,-0.1474557687191013
1.0,0.0,0.0,0.0,0.0,1.0,0.0,0.0,0.0,0.0,0.0,0.0,1.0,0.0,1.0,0.0,0.0,-1.076026873206884,0.28015602873002643,0.027905903833462538,-0.02743438669589927,0.9258737865415383,0.30622146324178817,-0.6475775332438344,-0.14125327883151229,-0.1781057493664113,0.7110064318490154,-0.632834588424933,-0.1474557687191013
1.0,0.0,0.0,0.0,0.0,1.0,0.0,0.0,1.0,0.0,0.0,0.0,0.0,0.0,0.0,0.0,1.0,-0.5023350673006246,-0.4426506510023444,0.5660672567472296,-0.3187376927032675,-0.6656237797682883,-0.1303476215462779,-0.3155302828783092,-0.14125327883151229,-0.1781057493664113,1.0032374144732275,1.580191756725731,-0.1474557687191013
0.0,1.0,0.0,0.0,0.0,1.0,1.0,0.0,0.0,0.0,0.0,0.0,0.0,0.0,1.0,0.0,0.0,-1.362872776160014,-0.48467429517283106,1.8380849999979516,-0.7071421007130917,-1.8139403467640949,0.17601664848043508,-0.6475775332438344,1.230225600857703,-0.1781057493664113,-0.7501484812720451,-0.632834588424933,1.2226415555097168
0.0,1.0,0.0,0.0,0.0,1.0,0.0,0.0,0.0,1.0,0.0,0.0,0.0,1.0,0.0,0.0,0.0,0.07135673860563499,0.439845876577876,0.32144845996824456,-0.5129398967081796,0.08399463914576044,0.5513128792631585,2.1003997111605117,-0.14125327883151229,-0.1781057493664113,-0.4579174986478331,1.580191756725731,-0.1474557687191013
1.0,0.0,0.0,0.0,0.0,1.0,0.0,0.0,0.0,0.0,0.0,0.0,1.0,0.0,0.0,1.0,0.0,1.0753173989415892,-0.14848514180893754,-0.4124079303687105,-0.6100409987106356,0.9258737865415383,-0.23757511605562745,-0.6475775332438344,-0.14125327883151229,-0.1781057493664113,1.0032374144732275,-0.632834588424933,-0.1474557687191013
0.0,1.0,0.0,0.0,0.0,1.0,1.0,0.0,0.0,0.0,0.0,0.0,0.0,1.0,0.0,0.0,0.0,0.3582026415587648,-0.056033124633866886,-1.2441118394172594,1.1377788373335735,-1.0330191806866023,-0.5898940265863474,2.4553467718960733,-0.14125327883151229,-0.1781057493664113,-1.0423794638962574,-0.632834588424933,-0.1474557687191013
0.0,0.0,1.0,0.0,0.0,1.0,0.0,0.0,0.0,0.0,1.0,0.0,0.0,1.0,0.0,0.0,0.0,0.3582026415587648,1.6837457440242818,-0.5591792084361015,0.7493744293237493,0.5716584896920427,1.2176551665712594,3.0850915570720687,-0.14125327883151229,-0.1781057493664113,0.12654446660059115,-0.632834588424933,-0.1474557687191013
0.0,0.0,0.0,1.0,0.0,1.0,1.0,0.0,0.0,0.0,0.0,0.0,0.0,0.0,1.0,0.0,0.0,-1.362872776160014,-1.05619585589145,0.22360094125665056,-0.7071421007130917,-1.2307207417188788,-0.7660534818517074,-0.6475775332438344,-0.14125327883151229,-0.1781057493664113,1.5876993797216516,-0.632834588424933,-0.1474557687191013
0.0,0.0,0.0,1.0,0.0,1.0,0.0,0.0,0.0,0.0,0.0,1.0,0.0,0.0,0.0,0.0,1.0,-0.7891809702537543,-1.333551907416662,0.7128385348146206,-0.9984454067204599,0.7710075637329216,-0.8579627628597214,-0.6475775332438344,-0.14125327883151229,-0.1781057493664113,1.5876993797216516,-0.632834588424933,-0.1474557687191013
0.0,1.0,0.0,0.0,0.0,1.0,0.0,0.0,0.0,1.0,0.0,0.0,0.0,1.0,0.0,0.0,0.0,0.6450485445118945,-0.0644378534679642,-1.3908831174846505,-0.1245354886983552,-0.28834330079836046,-0.6971215210956969,0.42871355414786794,-0.14125327883151229,-0.1781057493664113,-1.0423794638962574,1.580191756725731,-0.1474557687191013
0.0,0.0,1.0,0.0,0.0,1.0,0.0,0.0,0.0,1.0,0.0,0.0,0.0,0.0,0.0,0.0,1.0,-0.5023350673006246,0.4986789784165573,0.32144845996824456,0.263868919311469,0.9258737865415383,0.6049266265178332,-0.32698018806332724,-0.14125327883151229,-0.1781057493664113,-0.16568651602362097,1.580191756725731,-0.1474557687191013
1.0,0.0,0.0,0.0,0.0,1.0,0.0,0.0,0.0,0.0,0.0,0.0,1.0,0.0,0.0,1.0,0.0,1.0753173989415892,-0.3922222779977603,-0.2656366523013195,-0.7071421007130917,0.9258737865415383,-0.3754390375676483,-0.6475775332438344,-0.14125327883151229,-0.1781057493664113,1.0032374144732275,-0.632834588424933,-0.1474557687191013
0.0,0.0,0.0,1.0,0.0,1.0,0.0,0.0,0.0,0.0,1.0,0.0,0.0,0.0,0.0,0.0,1.0,-0.3589121158240597,-1.8882640104670863,-0.7059504865034925,-1.192647610725372,0.39866962378880066,-1.8153511066931993,-0.49872876583859893,-0.14125327883151229,-0.1781057493664113,1.5876993797216516,-0.632834588424933,-0.1474557687191013
1.0,0.0,0.0,0.0,0.0,1.0,0.0,0.0,1.0,0.0,0.0,0.0,0.0,0.0,0.0,0.0,1.0,-0.07206621287092989,-0.2241277013158136,-0.8037980052150865,2.302992061363046,0.9061036304383105,-0.47500742532633,1.6538534089448054,-0.14125327883151229,-0.1781057493664113,1.0032374144732275,1.580191756725731,-0.1474557687191013
0.0,0.0,0.0,1.0,0.0,1.0,0.0,0.0,0.0,0.0,0.0,1.0,0.0,1.0,0.0,0.0,0.0,0.21477969008219988,-2.0227396718126434,-1.5376543955520416,2.20589095936059,0.8583257531888437,-2.343829472489279,0.7951105200684475,-0.14125327883151229,2.3859145701894855,-1.6268414291446816,-0.632834588424933,-0.05611594710384673
1.0,0.0,0.0,0.0,0.0,1.0,0.0,0.0,0.0,1.0,0.0,0.0,0.0,0.0,0.0,1.0,0.0,0.9318944474650244,0.40622696124148644,-1.4398068768404475,1.0406777353311174,0.9258737865415383,-0.3601208240663127,-0.46437905028354454,-0.14125327883151229,-0.1781057493664113,1.0032374144732275,1.580191756725731,-0.1474557687191013
0.0,0.0,0.0,1.0,0.0,1.0,0.0,0.0,0.0,0.0,1.0,0.0,0.0,0.0,1.0,0.0,0.0,-1.076026873206884,-1.8546450951306968,-0.21671289294552248,-1.095546508722916,0.6507391141049533,-1.6008961176745005,-0.6475775332438344,-0.14125327883151229,-0.1781057493664113,-1.3346104465204693,-0.632834588424933,-0.1474557687191013
0.0,0.0,0.0,1.0,0.0,1.0,0.0,1.0,0.0,0.0,0.0,0.0,0.0,1.0,0.0,0.0,0.0,0.5016255930353297,-0.4762695663387337,-0.9994930426382745,-0.02743438669589927,-1.0231341026349885,-0.7890308021037108,0.07376649341230658,-0.14125327883151229,-0.1781057493664113,-1.6268414291446816,-0.632834588424933,-0.1474557687191013
0.0,0.0,0.0,1.0,0.0,1.0,0.0,0.0,0.0,0.0,1.0,0.0,0.0,0.0,1.0,0.0,0.0,-1.076026873206884,-2.0227396718126434,-0.4124079303687105,-0.9013443047180038,0.4612751181156883,-1.8153511066931993,-0.6475775332438344,-0.14125327883151229,-0.1781057493664113,1.5876993797216516,-0.632834588424933,-0.1474557687191013
0.0,0.0,1.0,0.0,0.0,1.0,1.0,0.0,0.0,0.0,0.0,0.0,0.0,0.0,0.0,1.0,0.0,1.2187403504181542,0.8012492164440614,0.6149910161030265,0.06966671530655688,-0.9588810952994986,0.972563750549889,-0.5216285762086351,-0.14125327883151229,-0.1781057493664113,-0.16568651602362097,-0.632834588424933,-0.1474557687191013
0.0,0.0,1.0,0.0,0.0,1.0,1.0,0.0,0.0,0.0,0.0,0.0,0.0,0.0,0.0,0.0,1.0,-0.5023350673006246,1.0449863526328842,1.0553048503051996,0.06966671530655688,-0.05933899260264009,1.3325417678312768,-0.22393104139816428,-0.14125327883151229,-0.1781057493664113,0.12654446660059115,-0.632834588424933,-0.1474557687191013
0.0,1.0,0.0,0.0,0.0,1.0,0.0,0.0,0.0,0.0,1.0,0.0,0.0,0.0,0.0,0.0,1.0,-0.5023350673006246,-0.3501986338272737,-0.5102554490803045,-0.6100409987106356,0.009856553758656714,-0.44437099832365873,0.14246592452241516,-0.14125327883151229,-0.1781057493664113,-0.7501484812720451,-0.632834588424933,-0.1474557687191013
0.0,1.0,0.0,0.0,0.0,1.0,0.0,0.0,0.0,1.0,0.0,0.0,0.0,0.0,0.0,1.0,0.0,0.9318944474650244,-0.8460776350390165,1.4956186845073727,-0.22163659070081138,-1.9029060492286192,-0.22991600930495965,-0.5674281969487076,1.5959533021081604,-0.1781057493664113,-0.7501484812720451,1.580191756725731,1.588000841970735
0.0,0.0,0.0,1.0,0.0,1.0,0.0,0.0,0.0,0.0,0.0,1.0,0.0,1.0,0.0,0.0,0.0,0.21477969008219988,-0.9721485675504765,-1.7333494329752295,1.817486551350766,0.876448396283469,-1.6621689716798427,0.44016345933288603,-0.14125327883151229,-0.1781057493664113,-1.6268414291446816,-0.632834588424933,-0.1474557687191013
0.0,0.0,1.0,0.0,0.0,1.0,1.0,0.0,0.0,0.0,0.0,0.0,0.0,0.0,0.0,0.0,1.0,-0.3589121158240597,1.2887234888217067,0.32144845996824456,-0.5129398967081796,-1.0412567457296138,1.28658712732727,1.2874564430242261,-0.14125327883151229,-0.1781057493664113,0.12654446660059115,-0.632834588424933,-0.1474557687191013
0.0,0.0,0.0,1.0,0.0,1.0,0.0,1.0,0.0,0.0,0.0,0.0,0.0,0.0,0.0,1.0,0.0,1.2187403504181542,-0.7872445332003352,-0.021017855522334466,-0.41583879470572344,-1.588231064585579,-0.6205304535890187,-0.6475775332438344,-0.14125327883151229,-0.1781057493664113,-1.6268414291446816,-0.632834588424933,-0.1474557687191013
0.0,0.0,1.0,0.0,0.0,1.0,0.0,0.0,1.0,0.0,0.0,0.0,0.0,0.0,0.0,1.0,0.0,1.5055862533712838,1.5324606250105297,-0.2656366523013195,0.555172225318837,0.9258737865415383,1.2406324868232628,-0.6475775332438344,-0.14125327883151229,-0.1781057493664113,0.41877544922480325,1.580191756725731,-0.1474557687191013
0.0,0.0,0.0,1.0,0.0,1.0,0.0,0.0,0.0,0.0,1.0,0.0,0.0,1.0,0.0,0.0,0.0,0.21477969008219988,-0.7536256178639459,-1.0484168019940716,1.3319810413384858,0.5420032555372012,-1.041781324875749,0.65771165784823,-0.14125327883151229,-0.1781057493664113,1.5876993797216516,-0.632834588424933,-0.1474557687191013
1.0,0.0,0.0,0.0,0.0,1.0,0.0,0.0,0.0,0.0,1.0,0.0,0.0,0.0,0.0,0.0,1.0,-0.2154891643474948,0.05322835020939839,-0.06994161487813147,-0.5129398967081796,0.9258737865415383,0.07644826072175336,0.8752598563635743,-0.14125327883151229,-0.1781057493664113,1.0032374144732275,-0.632834588424933,-0.1474557687191013
0.0,0.0,1.0,0.0,0.0,1.0,0.0,0.0,0.0,0.0,0.0,0.0,1.0,1.0,0.0,0.0,0.0,0.21477969008219988,1.5072464385082376,0.07682966318925954,0.8464755313262055,0.3607768245909477,1.3784964083352838,2.5011463926361457,-0.14125327883151229,-0.1781057493664113,0.12654446660059115,-0.632834588424933,-0.1474557687191013
0.0,1.0,0.0,0.0,0.0,1.0,0.0,0.0,0.0,0.0,0.0,1.0,0.0,0.0,1.0,0.0,0.0,-0.9326039217303193,-0.30817498965678697,1.6913137219305607,-0.41583879470572344,0.9258737865415383,0.30622146324178817,-0.6475775332438344,-0.14125327883151229,-0.1781057493664113,-0.7501484812720451,-0.632834588424933,-0.1474557687191013
0.0,0.0,1.0,0.0,0.0,1.0,0.0,1.0,0.0,0.0,0.0,0.0,0.0,0.0,1.0,0.0,0.0,-1.362872776160014,1.3979849636649722,-0.2656366523013195,-0.3187376927032675,0.40196464980600527,1.1257458855632454,-0.6475775332438344,-0.14125327883151229,-0.1781057493664113,0.12654446660059115,-0.632834588424933,-0.1474557687191013
0.0,0.0,1.0,0.0,0.0,1.0,1.0,0.0,0.0,0.0,0.0,0.0,0.0,0.0,1.0,0.0,0.0,-1.076026873206884,1.5072464385082376,0.7128385348146206,-1.192647610725372,-0.7381143521467897,1.6235878243566542,-0.6475775332438344,-0.14125327883151229,-0.1781057493664113,0.41877544922480325,-0.632834588424933,-0.1474557687191013
0.0,1.0,0.0,0.0,0.0,1.0,0.0,0.0,0.0,0.0,1.0,0.0,0.0,0.0,0.0,0.0,1.0,-0.07206621287092989,0.7508208434394773,-0.21671289294552248,0.9435766333286616,-0.410259263434931,0.6049266265178332,2.6614450652264,-0.14125327883151229,-0.1781057493664113,-0.4579174986478331,-0.632834588424933,-0.1474557687191013
1.0,0.0,0.0,0.0,0.0,1.0,1.0,0.0,0.0,0.0,0.0,0.0,0.0,0.0,1.0,0.0,0.0,-1.5062957276365787,-0.03081893813157497,-0.11886537423392847,-0.5129398967081796,0.8467931621286277,-0.01546102028626056,-0.6475775332438344,-0.14125327883151229,-0.1781057493664113,1.0032374144732275,-0.632834588424933,-0.1474557687191013
0.0,0.0,1.0,0.0,0.0,1.0,0.0,0.0,0.0,1.0,0.0,0.0,0.0,0.0,0.0,0.0,1.0,-0.6457580187771894,0.6247499109280173,1.1531523690167935,-0.9013443047180038,-1.8122928337554924,0.9955410708018925,-0.46437905028354454,-0.14125327883151229,-0.1781057493664113,-0.16568651602362097,1.580191756725731,-0.1474557687191013
0.0,0.0,1.0,0.0,0.0,1.0,0.0,0.0,0.0,0.0,0.0,0.0,1.0,0.0,1.0,0.0,0.0,-1.219449824683449,1.3307471329921934,0.5171434973914326,1.0406777353311174,0.7133446084318409,1.4014737285872874,-0.6475775332438344,-0.14125327883151229,-0.1781057493664113,0.12654446660059115,-0.632834588424933,-0.1474557687191013
0.0,0.0,1.0,0.0,0.0,1.0,0.0,0.0,0.0,0.0,1.0,0.0,0.0,0.0,1.0,0.0,0.0,-1.219449824683449,1.3979849636649722,-0.31456041165711646,-0.3187376927032675,0.9258737865415383,1.102768565311242,-0.6475775332438344,-0.14125327883151229,-0.1781057493664113,0.41877544922480325,-0.632834588424933,-0.1474557687191013
0.0,0.0,0.0,1.0,0.0,1.0,1.0,0.0,0.0,0.0,0.0,0.0,0.0,1.0,0.0,0.0,0.0,0.21477969008219988,-0.9637438387163793,-1.4398068768404475,0.4580711233163813,0.36901438963395916,-1.4400548759104759,0.7264110889583387,-0.14125327883151229,-0.1781057493664113,-1.3346104465204693,-0.632834588424933,-0.1474557687191013
0.0,0.0,0.0,1.0,0.0,1.0,0.0,0.0,0.0,0.0,0.0,1.0,0.0,0.0,0.0,1.0,0.0,0.9318944474650244,-1.1654573307347154,-1.6844256736194325,0.555172225318837,0.9258737865415383,-1.77705557293986,-0.6361276280588162,-0.14125327883151229,-0.1781057493664113,-1.6268414291446816,-0.632834588424933,-0.1474557687191013
0.0,1.0,0.0,0.0,0.0,1.0,0.0,1.0,0.0,0.0,0.0,0.0,0.0,1.0,0.0,0.0,0.0,0.07135673860563499,-0.2241277013158136,-0.7059504865034925,-0.02743438669589927,-0.334473665039225,-0.42905278482232306,2.7072446859664723,-0.14125327883151229,-0.1781057493664113,-0.7501484812720451,-0.632834588424933,-0.1474557687191013
0.0,0.0,1.0,0.0,0.0,1.0,0.0,1.0,0.0,0.0,0.0,0.0,0.0,0.0,1.0,0.0,0.0,-0.9326039217303193,0.6415593685962119,1.8870087593537486,-1.3868498147302841,0.9258737865415383,1.2176551665712594,-0.6475775332438344,0.31590634773155957,-0.1781057493664113,0.12654446660059115,-0.632834588424933,0.30924333935717147
0.0,0.0,0.0,1.0,0.0,1.0,0.0,0.0,1.0,0.0,0.0,0.0,0.0,0.0,0.0,1.0,0.0,1.2187403504181542,-1.4260039245917326,0.9574573315936056,-0.6100409987106356,-1.3872344775360979,-0.873280976361057,-0.6475775332438344,-0.14125327883151229,-0.1781057493664113,-1.6268414291446816,1.580191756725731,-0.1474557687191013
0.0,0.0,1.0,0.0,0.0,1.0,1.0,0.0,0.0,0.0,0.0,0.0,0.0,0.0,0.0,0.0,1.0,-0.7891809702537543,1.1878667428125387,1.2999236470841846,-1.5810520187351962,-1.2125980986242535,1.539337650099308,-0.6246777228737981,-0.14125327883151229,-0.1781057493664113,0.12654446660059115,-0.632834588424933,-0.1474557687191013
0.0,1.0,0.0,0.0,0.0,1.0,0.0,0.0,0.0,0.0,1.0,0.0,0.0,0.0,0.0,1.0,0.0,0.9318944474650244,-0.6023404988501937,0.46821973803563555,1.6232843473458538,-1.47455266699202,-0.2988479700609701,-0.21248113621314615,-0.14125327883151229,-0.1781057493664113,-1.0423794638962574,-0.632834588424933,-0.1474557687191013
0.0,0.0,1.0,0.0,0.0,1.0,0.0,0.0,0.0,1.0,0.0,0.0,0.0,1.0,0.0,0.0,0.0,0.07135673860563499,1.3139376753239989,-1.5376543955520416,-0.02743438669589927,0.6672142441909764,0.267925929488449,3.1194412726271237,-0.14125327883151229,-0.1781057493664113,-0.16568651602362097,1.580191756725731,-0.1474557687191013
0.0,0.0,0.0,1.0,0.0,1.0,0.0,1.0,0.0,0.0,0.0,0.0,0.0,0.0,0.0,0.0,1.0,-0.6457580187771894,-0.7284114313616538,1.3977711657957785,-0.7071421007130917,-1.7809900865920487,-0.14566583504761357,-0.6475775332438344,-0.14125327883151229,-0.1781057493664113,-1.6268414291446816,-0.632834588424933,-0.1474557687191013
0.0,0.0,0.0,1.0,0.0,1.0,0.0,0.0,0.0,1.0,0.0,0.0,0.0,1.0,0.0,0.0,0.0,0.07135673860563499,-1.4260039245917326,-1.4887306361962445,1.1377788373335735,0.7957202588619562,-1.8383284269452027,1.779802365980005,-0.14125327883151229,-0.1781057493664113,-1.3346104465204693,1.580191756725731,-0.1474557687191013
0.0,1.0,0.0,0.0,0.0,1.0,0.0,0.0,0.0,0.0,0.0,1.0,0.0,0.0,0.0,0.0,1.0,-0.5023350673006246,-1.157052601900618,0.8596098128820115,-0.7071421007130917,0.0378642749048959,-0.6664850940930258,-0.4185794295434721,-0.14125327883151229,-0.1781057493664113,-1.0423794638962574,-0.632834588424933,-0.1474557687191013
0.0,0.0,0.0,1.0,0.0,1.0,0.0,1.0,0.0,0.0,0.0,0.0,0.0,0.0,0.0,1.0,0.0,1.2187403504181542,-1.0141722117209633,1.4956186845073727,0.16676781730901283,-1.6986144361619335,-0.3754390375676483,-0.6475775332438344,-0.14125327883151229,2.3859145701894855,-1.6268414291446816,-0.632834588424933,-0.05611594710384673
0.0,0.0,1.0,0.0,0.0,1.0,0.0,0.0,0.0,1.0,0.0,0.0,0.0,1.0,0.0,0.0,0.0,0.6450485445118945,0.7676303011076719,1.8870087593537486,-0.6100409987106356,0.5057579693479505,1.324882661080609,-0.3613299036183816,0.7730659742946313,-0.1781057493664113,0.12654446660059115,1.580191756725731,0.7659424474334442
0.0,0.0,0.0,1.0,0.0,1.0,0.0,0.0,0.0,0.0,0.0,0.0,1.0,0.0,1.0,0.0,0.0,-0.9326039217303193,-1.7958119932920156,0.4192959786798386,-0.8042432027155477,0.2108531408081379,-1.348145594902462,-0.6475775332438344,-0.14125327883151229,4.949934889745381,1.5876993797216516,-0.632834588424933,0.03522387451140782
0.0,0.0,1.0,0.0,0.0,1.0,0.0,0.0,0.0,1.0,0.0,0.0,0.0,0.0,1.0,0.0,0.0,-1.362872776160014,0.5238931649188493,-0.21671289294552248,-0.3187376927032675,0.9258737865415383,0.4134489577511376,-0.6475775332438344,-0.14125327883151229,-0.1781057493664113,0.12654446660059115,1.580191756725731,-0.1474557687191013
0.0,0.0,1.0,0.0,0.0,1.0,0.0,1.0,0.0,0.0,0.0,0.0,0.0,0.0,0.0,0.0,1.0,-0.2154891643474948,0.6751782839326015,0.7128385348146206,-0.5129398967081796,0.8550307271716391,0.8959726830432108,-0.1895813258431099,-0.14125327883151229,-0.1781057493664113,0.12654446660059115,-0.632834588424933,-0.1474557687191013
0.0,1.0,0.0,0.0,0.0,1.0,0.0,1.0,0.0,0.0,0.0,0.0,0.0,1.0,0.0,0.0,0.0,0.3582026415587648,-0.257746616652203,-0.7059504865034925,0.16676781730901283,0.9258737865415383,-0.4596892118249944,2.1690991422706207,-0.14125327883151229,-0.1781057493664113,-1.0423794638962574,-0.632834588424933,-0.1474557687191013
0.0,1.0,0.0,0.0,0.0,1.0,0.0,0.0,1.0,0.0,0.0,0.0,0.0,0.0,1.0,0.0,0.0,-1.219449824683449,-0.9889580252186712,1.0553048503051996,-1.095546508722916,-1.2076555595984466,-0.4596892118249944,-0.6475775332438344,-0.14125327883151229,-0.1781057493664113,-1.0423794638962574,1.580191756725731,-0.1474557687191013
0.0,0.0,1.0,0.0,0.0,1.0,1.0,0.0,0.0,0.0,0.0,0.0,0.0,0.0,1.0,0.0,0.0,-1.219449824683449,1.2214856581489282,1.0553048503051996,-0.1245354886983552,-0.8386126456715303,1.4933830095953011,-0.6475775332438344,-0.14125327883151229,-0.1781057493664113,0.12654446660059115,-0.632834588424933,-0.1474557687191013
0.0,1.0,0.0,0.0,0.0,1.0,0.0,1.0,0.0,0.0,0.0,0.0,0.0,0.0,0.0,1.0,0.0,0.9318944474650244,-0.07284258230206166,-0.7548742458592895,1.0406777353311174,-1.6063537076802044,-0.32948439706364135,-0.17813142065809187,-0.14125327883151229,-0.1781057493664113,-1.0423794638962574,-0.632834588424933,-0.1474557687191013
0.0,0.0,1.0,0.0,0.0,1.0,0.0,1.0,0.0,0.0,0.0,0.0,0.0,1.0,0.0,0.0,0.0,0.6450485445118945,1.6081031845174059,-0.9505692832824775,1.0406777353311174,-0.8402601586801326,0.926609110045882,1.3447059689493168,-0.14125327883151229,-0.1781057493664113,-0.16568651602362097,-0.632834588424933,-0.1474557687191013
0.0,0.0,1.0,0.0,0.0,1.0,0.0,0.0,0.0,0.0,0.0,0.0,1.0,0.0,0.0,1.0,0.0,1.5055862533712838,0.6331546397621147,0.9574573315936056,1.2348799393360297,-1.242253332779095,0.9419273235472178,-0.6475775332438344,-0.14125327883151229,-0.1781057493664113,-0.16568651602362097,-0.632834588424933,-0.1474557687191013
0.0,0.0,1.0,0.0,0.0,1.0,1.0,0.0,0.0,0.0,0.0,0.0,0.0,1.0,0.0,0.0,0.0,0.5016255930353297,1.8686497783744227,-0.31456041165711646,0.16676781730901283,-1.014896537591977,1.5010421163459688,1.8141520815350591,-0.14125327883151229,-0.1781057493664113,0.12654446660059115,-0.632834588424933,-0.1474557687191013
0.0,1.0,0.0,0.0,0.0,1.0,0.0,0.0,0.0,1.0,0.0,0.0,0.0,1.0,0.0,0.0,0.0,0.21477969008219988,0.9441296066237161,-1.0484168019940716,0.555172225318837,0.23886086195437709,0.32919878349379156,1.8943014178301862,-0.14125327883151229,-0.1781057493664113,-0.4579174986478331,1.580191756725731,-0.1474557687191013
0.0,0.0,0.0,1.0,0.0,1.0,0.0,0.0,0.0,0.0,0.0,0.0,1.0,0.0,0.0,0.0,1.0,-0.5023350673006246,-1.4007897380894407,1.2020761283725907,-0.02743438669589927,-0.8616778277919626,-0.7890308021037108,-0.6475775332438344,-0.14125327883151229,8.795965369079227,-1.6268414291446816,-0.632834588424933,0.1722336069342896
0.0,0.0,1.0,0.0,0.0,1.0,0.0,0.0,0.0,1.0,0.0,0.0,0.0,1.0,0.0,0.0,0.0,0.6450485445118945,2.0787679992268564,-1.3419593581288536,0.7493744293237493,0.8089003629307746,1.0261774978045637,2.1690991422706207,-0.14125327883151229,-0.1781057493664113,0.12654446660059115,1.580191756725731,-0.1474557687191013
0.0,1.0,0.0,0.0,0.0,1.0,0.0,0.0,0.0,0.0,0.0,0.0,1.0,0.0,1.0,0.0,0.0,-1.219449824683449,-0.9889580252186712,-0.9016455239266805,0.36097002131392514,0.9258737865415383,-1.1566679261357664,-0.6475775332438344,-0.14125327883151229,-0.1781057493664113,-1.0423794638962574,-0.632834588424933,-0.1474557687191013
0.0,1.0,0.0,0.0,0.0,1.0,0.0,0.0,0.0,0.0,0.0,0.0,1.0,0.0,0.0,1.0,0.0,1.362163301894719,-0.10646149763845088,-0.06994161487813147,0.16676781730901283,0.9258737865415383,-0.06141566079026748,-0.6475775332438344,-0.14125327883151229,-0.1781057493664113,-0.7501484812720451,-0.632834588424933,-0.1474557687191013
0.0,0.0,0.0,1.0,0.0,1.0,0.0,1.0,0.0,0.0,0.0,0.0,0.0,0.0,0.0,1.0,0.0,0.9318944474650244,-1.005767482886866,1.8380849999979516,1.2348799393360297,-2.0610672980544407,-0.29118886331030225,-0.6475775332438344,2.8760002564847618,2.3859145701894855,-1.6268414291446816,-0.632834588424933,2.958098166199553
0.0,0.0,0.0,1.0,0.0,1.0,0.0,0.0,0.0,0.0,1.0,0.0,0.0,1.0,0.0,0.0,0.0,0.5016255930353297,-0.7620303466980431,-1.1462643207056655,1.3319810413384858,0.8632682922146506,-1.1030541788810917,0.3142145022976868,-0.14125327883151229,-0.1781057493664113,1.5876993797216516,-0.632834588424933,-0.1474557687191013
0.0,1.0,0.0,0.0,0.0,1.0,1.0,0.0,0.0,0.0,0.0,0.0,0.0,0.0,0.0,1.0,0.0,1.362163301894719,0.05322835020939839,0.7128385348146206,0.06966671530655688,-1.285088671002755,0.3521761037457951,-0.6475775332438344,-0.14125327883151229,-0.1781057493664113,-1.0423794638962574,-0.632834588424933,-0.1474557687191013
0.0,0.0,0.0,1.0,0.0,1.0,0.0,0.0,0.0,1.0,0.0,0.0,0.0,0.0,1.0,0.0,0.0,-1.5062957276365787,-1.7285741626192368,-0.6570267271476955,0.6522733273212932,0.6836893742769994,-1.6621689716798427,-0.6475775332438344,-0.14125327883151229,-0.1781057493664113,-1.6268414291446816,1.580191756725731,-0.1474557687191013
0.0,1.0,0.0,0.0,0.0,1.0,1.0,0.0,0.0,0.0,0.0,0.0,0.0,0.0,0.0,0.0,1.0,-0.3589121158240597,0.2969654863982213,1.9359325187095457,-1.095546508722916,-1.8732508150737779,0.9112908965445463,-0.44147923991350835,0.31590634773155957,-0.1781057493664113,-0.4579174986478331,-0.632834588424933,0.30924333935717147
1.0,0.0,0.0,0.0,0.0,1.0,0.0,1.0,0.0,0.0,0.0,0.0,0.0,0.0,1.0,0.0,0.0,-1.219449824683449,-0.6779830583570697,0.4192959786798386,-0.9013443047180038,0.9258737865415383,-0.3754390375676483,-0.6475775332438344,-0.14125327883151229,-0.1781057493664113,1.0032374144732275,-0.632834588424933,-0.1474557687191013
0.0,0.0,1.0,0.0,0.0,1.0,1.0,0.0,0.0,0.0,0.0,0.0,0.0,0.0,0.0,0.0,1.0,-0.2154891643474948,1.2046762004807334,0.5660672567472296,0.6522733273212932,-0.16972236417899453,1.3095644475792731,0.8180103304384837,-0.14125327883151229,-0.1781057493664113,0.12654446660059115,-0.632834588424933,-0.1474557687191013
0.0,0.0,0.0,1.0,0.0,1.0,0.0,0.0,0.0,0.0,0.0,0.0,1.0,0.0,0.0,1.0,0.0,1.2187403504181542,-1.3167424497484672,-1.0973405613498686,1.3319810413384858,0.9258737865415383,-1.5243050501678221,-0.6475775332438344,-0.14125327883151229,3.9243267619230227,-1.6268414291446816,-0.632834588424933,-0.0013120541346940075
1.0,0.0,0.0,0.0,0.0,1.0,0.0,1.0,0.0,0.0,0.0,0.0,0.0,0.0,0.0,0.0,1.0,-0.2154891643474948,-0.40062700683185765,-0.4124079303687105,-0.6100409987106356,-0.12194448692952768,-0.44437099832365873,0.7607608045133931,-0.14125327883151229,-0.1781057493664113,1.2954683970974397,-0.632834588424933,-0.1474557687191013
0.0,1.0,0.0,0.0,0.0,1.0,0.0,0.0,0.0,0.0,0.0,1.0,0.0,1.0,0.0,0.0,0.0,0.21477969008219988,0.465060063080168,-0.6081029677918985,0.36097002131392514,-1.3114488791403918,0.18367575523110294,2.2606983837507655,-0.14125327883151229,-0.1781057493664113,-1.0423794638962574,-0.632834588424933,-0.1474557687191013
0.0,1.0,0.0,0.0,0.0,1.0,1.0,0.0,0.0,0.0,0.0,0.0,0.0,0.0,0.0,1.0,0.0,0.9318944474650244,-0.257746616652203,-1.2441118394172594,-0.5129398967081796,0.9258737865415383,-0.7507352683503716,0.13101601933739718,-0.14125327883151229,-0.1781057493664113,-1.0423794638962574,-0.632834588424933,-0.1474557687191013
0.0,0.0,1.0,0.0,0.0,1.0,0.0,0.0,0.0,1.0,0.0,0.0,0.0,1.0,0.0,0.0,0.0,0.07135673860563499,1.7425788458629627,-0.5591792084361015,-0.02743438669589927,0.8632682922146506,1.271268913825934,1.5508042622796427,-0.14125327883151229,-0.1781057493664113,0.12654446660059115,1.580191756725731,-0.1474557687191013
0.0,1.0,0.0,0.0,0.0,1.0,0.0,1.0,0.0,0.0,0.0,0.0,0.0,0.0,0.0,0.0,1.0,-0.2154891643474948,-0.6611736006888751,0.7128385348146206,-0.7071421007130917,-1.2686135409167318,-0.2758706498089666,1.7340027452399325,-0.14125327883151229,-0.1781057493664113,-0.7501484812720451,-0.632834588424933,-0.1474557687191013
0.0,0.0,1.0,0.0,0.0,1.0,0.0,0.0,1.0,0.0,0.0,0.0,0.0,1.0,0.0,0.0,0.0,0.3582026415587648,1.6837457440242818,-0.21671289294552248,2.4000931633655025,0.7265247125006593,1.3938146218366194,1.7454526504249503,-0.14125327883151229,-0.1781057493664113,0.41877544922480325,1.580191756725731,-0.1474557687191013
0.0,0.0,1.0,0.0,0.0,1.0,0.0,0.0,1.0,0.0,0.0,0.0,0.0,0.0,0.0,0.0,1.0,-0.7891809702537543,1.3475565906603884,0.22360094125665056,-0.1245354886983552,0.6260264189759187,1.3019053408286054,-0.6475775332438344,-0.14125327883151229,-0.1781057493664113,0.41877544922480325,1.580191756725731,-0.1474557687191013
0.0,0.0,0.0,1.0,0.0,1.0,0.0,0.0,0.0,0.0,0.0,0.0,1.0,0.0,0.0,0.0,1.0,-0.7891809702537543,-1.358766093918954,1.0553048503051996,-0.9984454067204599,-0.3674239252112711,-0.7890308021037108,-0.6475775332438344,-0.14125327883151229,8.795965369079227,-1.6268414291446816,-0.632834588424933,0.1722336069342896
0.0,1.0,0.0,0.0,0.0,1.0,0.0,0.0,1.0,0.0,0.0,0.0,0.0,0.0,0.0,1.0,0.0,0.9318944474650244,0.918915420121424,-1.1951880800614625,-0.02743438669589927,0.9258737865415383,0.21431218223377418,0.749310899328375,-0.14125327883151229,-0.1781057493664113,-0.4579174986478331,1.580191756725731,-0.1474557687191013
1.0,0.0,0.0,0.0,0.0,1.0,0.0,0.0,0.0,1.0,0.0,0.0,0.0,0.0,0.0,1.0,0.0,0.9318944474650244,0.12046618088217714,-0.6081029677918985,0.8464755313262055,0.2965238172554578,-0.09971119454360661,-0.6361276280588162,-0.14125327883151229,-0.1781057493664113,1.2954683970974397,1.580191756725731,-0.1474557687191013
0.0,1.0,0.0,0.0,0.0,1.0,0.0,0.0,0.0,0.0,0.0,0.0,1.0,0.0,0.0,1.0,0.0,1.0753173989415892,0.6835830127666986,-0.31456041165711646,1.817486551350766,0.6886319133028064,0.5053582387591516,-0.01783274806783825,-0.14125327883151229,-0.1781057493664113,-0.4579174986478331,-0.632834588424933,-0.1474557687191013
0.0,0.0,0.0,1.0,0.0,1.0,0.0,0.0,0.0,0.0,0.0,1.0,0.0,0.0,1.0,0.0,0.0,-1.5062957276365787,-1.56047958593729,0.07682966318925954,-0.41583879470572344,0.9159887084899244,-1.2485772071437804,-0.6475775332438344,-0.14125327883151229,-0.1781057493664113,-1.3346104465204693,-0.632834588424933,-0.1474557687191013
0.0,0.0,1.0,0.0,0.0,1.0,0.0,0.0,1.0,0.0,0.0,0.0,0.0,0.0,0.0,1.0,0.0,1.2187403504181542,1.0029627084623973,0.07682966318925954,0.6522733273212932,0.5518883335888151,0.9419273235472178,-0.5330784813936532,-0.14125327883151229,-0.1781057493664113,-0.16568651602362097,1.580191756725731,-0.1474557687191013
0.0,1.0,0.0,0.0,1.0,0.0,0.0,0.0,0.0,0.0,1.0,0.0,0.0,1.0,0.0,0.0,0.0,0.5016255930353297,-0.9637438387163793,-1.1462643207056655,2.6913964693728705,0.21250065381674021,-1.2638954206451158,2.2606983837507655,-0.14125327883151229,-0.1781057493664113,-1.0423794638962574,-0.632834588424933,-0.1474557687191013
1.0,0.0,0.0,0.0,0.0,1.0,0.0,0.0,0.0,1.0,0.0,0.0,0.0,0.0,1.0,0.0,0.0,-1.5062957276365787,0.3726080459050972,0.3703722193240416,-1.192647610725372,0.9258737865415383,0.5130173455098194,-0.6475775332438344,-0.14125327883151229,-0.1781057493664113,0.7110064318490154,1.580191756725731,-0.1474557687191013
0.0,0.0,0.0,1.0,0.0,1.0,0.0,0.0,0.0,0.0,1.0,0.0,0.0,0.0,0.0,1.0,0.0,1.2187403504181542,-1.005767482886866,-0.7059504865034925,-0.5129398967081796,-0.4399144975897725,-1.0800768586290883,-0.6475775332438344,-0.14125327883151229,-0.1781057493664113,-1.6268414291446816,-0.632834588424933,-0.1474557687191013
0.0,1.0,0.0,0.0,0.0,1.0,0.0,0.0,0.0,1.0,0.0,0.0,0.0,0.0,1.0,0.0,0.0,-1.076026873206884,0.1540850962185665,-1.1462643207056655,-0.9013443047180038,0.9258737865415383,-0.3601208240663127,-0.6475775332438344,-0.14125327883151229,-0.1781057493664113,-0.7501484812720451,1.580191756725731,-0.1474557687191013
0.0,0.0,1.0,0.0,0.0,1.0,0.0,0.0,0.0,0.0,0.0,1.0,0.0,0.0,1.0,0.0,0.0,-1.362872776160014,1.4063896924990695,-0.06994161487813147,-0.9013443047180038,0.9258737865415383,1.2253142733219273,-0.6475775332438344,-0.14125327883151229,-0.1781057493664113,0.12654446660059115,-0.632834588424933,-0.1474557687191013
0.0,1.0,0.0,0.0,0.0,1.0,0.0,0.0,0.0,0.0,0.0,1.0,0.0,0.0,0.0,1.0,0.0,1.5055862533712838,1.0029627084623973,0.027905903833462538,-1.095546508722916,-1.1466975782801614,0.926609110045882,-0.6475775332438344,-0.14125327883151229,-0.1781057493664113,-0.4579174986478331,-0.632834588424933,-0.1474557687191013
1.0,0.0,0.0,0.0,0.0,1.0,0.0,0.0,1.0,0.0,0.0,0.0,0.0,1.0,0.0,0.0,0.0,0.5016255930353297,1.4231991501672643,-0.6570267271476955,-0.8042432027155477,0.9258737865415383,0.9495864302978855,1.7569025556099689,-0.14125327883151229,-0.1781057493664113,0.7110064318490154,1.580191756725731,-0.1474557687191013
0.0,1.0,0.0,0.0,0.0,1.0,0.0,0.0,1.0,0.0,0.0,0.0,0.0,0.0,0.0,0.0,1.0,-0.3589121158240597,0.2213229268913451,-0.4613316897245075,-0.1245354886983552,0.9258737865415383,0.05347094046974989,1.6424035037597875,-0.14125327883151229,-0.1781057493664113,-0.4579174986478331,1.580191756725731,-0.1474557687191013
1.0,0.0,0.0,0.0,1.0,0.0,0.0,0.0,0.0,1.0,0.0,0.0,0.0,0.0,1.0,0.0,0.0,-1.6497186791131437,0.34739385940280515,0.5171434973914326,-1.095546508722916,0.9258737865415383,0.5436537725124907,-0.6475775332438344,-0.14125327883151229,-0.1781057493664113,0.7110064318490154,1.580191756725731,-0.1474557687191013
0.0,1.0,0.0,0.0,0.0,1.0,0.0,1.0,0.0,0.0,0.0,0.0,0.0,1.0,0.0,0.0,0.0,0.3582026415587648,1.3139376753239989,-1.0973405613498686,0.8464755313262055,0.6836893742769994,0.5972675197671654,3.0278420311469785,-0.14125327883151229,-0.1781057493664113,-0.4579174986478331,-0.632834588424933,-0.1474557687191013
0.0,1.0,0.0,0.0,0.0,1.0,0.0,0.0,1.0,0.0,0.0,0.0,0.0,1.0,0.0,0.0,0.0,0.3582026415587648,0.8180586741122561,-0.9505692832824775,0.8464755313262055,0.897866065395299,0.29090324974045245,3.233940324477305,-0.14125327883151229,-0.1781057493664113,-0.4579174986478331,1.580191756725731,-0.1474557687191013
0.0,0.0,1.0,0.0,0.0,1.0,0.0,0.0,0.0,0.0,1.0,0.0,0.0,0.0,0.0,1.0,0.0,1.0753173989415892,1.2719140311535122,1.1531523690167935,-1.2897487127278282,0.649091601096351,1.5699740771019794,-0.46437905028354454,-0.14125327883151229,-0.1781057493664113,0.41877544922480325,-0.632834588424933,-0.1474557687191013
0.0,1.0,0.0,0.0,0.0,1.0,0.0,0.0,0.0,0.0,1.0,0.0,0.0,0.0,0.0,1.0,0.0,1.5055862533712838,-0.8628870927072111,0.7617622941704176,0.36097002131392514,-1.5964686296285906,-0.42905278482232306,-0.6475775332438344,-0.14125327883151229,-0.1781057493664113,-1.0423794638962574,-0.632834588424933,-0.1474557687191013
0.0,0.0,1.0,0.0,0.0,1.0,1.0,0.0,0.0,0.0,0.0,0.0,0.0,0.0,1.0,0.0,0.0,-1.5062957276365787,0.7508208434394773,1.8380849999979516,-1.5810520187351962,-1.7315646963339795,1.3019053408286054,-0.6475775332438344,-0.049821353518897916,-0.1781057493664113,-0.16568651602362097,-0.632834588424933,-0.05611594710384673
0.0,0.0,1.0,0.0,0.0,1.0,0.0,0.0,1.0,0.0,0.0,0.0,0.0,0.0,0.0,0.0,1.0,-0.07206621287092989,1.2551045734853175,-0.06994161487813147,1.5261832453433977,0.6408540360533395,1.0951094585605743,2.4553467718960733,-0.14125327883151229,-0.1781057493664113,0.41877544922480325,1.580191756725731,-0.1474557687191013
0.0,0.0,1.0,0.0,0.0,1.0,0.0,0.0,0.0,0.0,1.0,0.0,0.0,0.0,1.0,0.0,0.0,-1.6497186791131437,0.5491073514211414,1.1531523690167935,-0.02743438669589927,-1.3345140612608242,0.926609110045882,-0.6475775332438344,-0.14125327883151229,-0.1781057493664113,-0.16568651602362097,-0.632834588424933,-0.1474557687191013
0.0,0.0,1.0,0.0,0.0,1.0,0.0,0.0,1.0,0.0,0.0,0.0,0.0,1.0,0.0,0.0,0.0,0.21477969008219988,1.3223424041580962,-0.8037980052150865,0.263868919311469,-2.8524292957115103e-05,0.788745188533861,2.0774999007904755,-0.14125327883151229,-0.1781057493664113,-0.16568651602362097,1.580191756725731,-0.1474557687191013
0.0,0.0,0.0,1.0,0.0,1.0,0.0,0.0,0.0,1.0,0.0,0.0,0.0,0.0,0.0,1.0,0.0,1.5055862533712838,-1.0982195000619366,-0.21671289294552248,0.7493744293237493,0.8089003629307746,-0.9575311506184029,-0.6475775332438344,-0.14125327883151229,-0.1781057493664113,-1.3346104465204693,1.580191756725731,-0.1474557687191013
0.0,1.0,0.0,0.0,0.0,1.0,0.0,0.0,0.0,0.0,0.0,1.0,0.0,1.0,0.0,0.0,0.0,0.21477969008219988,0.5911309955916281,0.12575342254505653,0.8464755313262055,-0.528880200054297,0.6125857332685012,0.5088628904429947,-0.14125327883151229,-0.1781057493664113,-0.7501484812720451,-0.632834588424933,-0.1474557687191013
1.0,0.0,0.0,0.0,0.0,1.0,0.0,0.0,0.0,0.0,0.0,1.0,0.0,0.0,0.0,1.0,0.0,1.2187403504181542,0.8012492164440614,-0.021017855522334466,-0.3187376927032675,0.9258737865415383,0.7351314412791863,-0.6475775332438344,-0.14125327883151229,-0.1781057493664113,0.7110064318490154,-0.632834588424933,-0.1474557687191013
0.0,1.0,0.0,0.0,0.0,1.0,1.0,0.0,0.0,0.0,0.0,0.0,0.0,0.0,0.0,1.0,0.0,1.5055862533712838,0.13727563855037175,0.22360094125665056,-0.3187376927032675,-1.4564300238973946,0.2602668227377812,-0.6475775332438344,-0.14125327883151229,-0.1781057493664113,-0.7501484812720451,-0.632834588424933,-0.1474557687191013
0.0,1.0,0.0,0.0,0.0,1.0,0.0,0.0,0.0,0.0,0.0,1.0,0.0,0.0,0.0,1.0,0.0,1.2187403504181542,0.5070837072506548,-0.021017855522334466,4.245014101412167,0.9258737865415383,0.4823809185071481,-0.6475775332438344,-0.14125327883151229,-0.1781057493664113,-0.7501484812720451,-0.632834588424933,-0.1474557687191013
0.0,0.0,0.0,1.0,0.0,1.0,0.0,0.0,0.0,0.0,0.0,0.0,1.0,0.0,0.0,0.0,1.0,-0.2154891643474948,-0.736816160195751,-0.021017855522334466,-1.192647610725372,-1.7084995142135473,-0.5745758130850118,-0.3842297139884178,-0.14125327883151229,-0.1781057493664113,-1.6268414291446816,-0.632834588424933,-0.1474557687191013
0.0,0.0,1.0,0.0,0.0,1.0,0.0,0.0,0.0,0.0,1.0,0.0,0.0,1.0,0.0,0.0,0.0,0.07135673860563499,1.5912937268492109,-0.06994161487813147,-0.1245354886983552,-0.5980757464155938,1.3861555150859515,1.573704072649679,-0.14125327883151229,-0.1781057493664113,0.12654446660059115,-0.632834588424933,-0.1474557687191013
0.0,0.0,1.0,0.0,0.0,1.0,0.0,1.0,0.0,0.0,0.0,0.0,0.0,0.0,0.0,0.0,1.0,-0.5023350673006246,0.691987741600796,1.8870087593537486,-0.41583879470572344,-0.6738613448112998,1.2559507003245984,-0.45292914509852644,0.31590634773155957,-0.1781057493664113,0.41877544922480325,-0.632834588424933,0.30924333935717147
1.0,0.0,0.0,0.0,0.0,1.0,1.0,0.0,0.0,0.0,0.0,0.0,0.0,0.0,0.0,1.0,0.0,1.0753173989415892,-0.7452208890298485,-1.1951880800614625,0.8464755313262055,0.7512374076296939,-1.1183723923824274,-0.6475775332438344,-0.14125327883151229,-0.1781057493664113,1.2954683970974397,-0.632834588424933,-0.1474557687191013
1.0,0.0,0.0,0.0,0.0,1.0,0.0,0.0,1.0,0.0,0.0,0.0,0.0,0.0,0.0,0.0,1.0,-0.2154891643474948,0.6499640974303094,-0.31456041165711646,-0.22163659070081138,0.9258737865415383,0.47472181175648026,1.5050046415395701,-0.14125327883151229,-0.1781057493664113,0.7110064318490154,1.580191756725731,-0.1474557687191013
0.0,0.0,1.0,0.0,0.0,1.0,0.0,0.0,0.0,0.0,0.0,1.0,0.0,0.0,0.0,1.0,0.0,1.0753173989415892,1.0617958103010787,1.2020761283725907,-0.6100409987106356,-0.7035165789661413,1.3938146218366194,-0.5559782917636894,0.31590634773155957,-0.1781057493664113,0.12654446660059115,-0.632834588424933,0.30924333935717147
0.0,0.0,0.0,1.0,0.0,1.0,0.0,0.0,0.0,0.0,0.0,0.0,1.0,0.0,0.0,1.0,0.0,1.2187403504181542,-1.4260039245917326,-0.7059504865034925,0.7493744293237493,0.9258737865415383,-1.4247366624091404,-0.6475775332438344,-0.14125327883151229,-0.1781057493664113,-1.6268414291446816,-0.632834588424933,-0.1474557687191013
1.0,0.0,0.0,0.0,0.0,1.0,0.0,0.0,0.0,0.0,1.0,0.0,0.0,1.0,0.0,0.0,0.0,0.7884714959884594,0.9357248777896187,-0.7059504865034925,-0.22163659070081138,0.9258737865415383,0.5206764522604872,0.01651696748721598,-0.14125327883151229,-0.1781057493664113,1.0032374144732275,-0.632834588424933,-0.1474557687191013
0.0,0.0,1.0,0.0,0.0,1.0,0.0,1.0,0.0,0.0,0.0,0.0,0.0,0.0,1.0,0.0,0.0,-1.6497186791131437,0.8264634029463532,1.0063810909494026,-1.095546508722916,-1.1911804295124235,1.1257458855632454,-0.6475775332438344,-0.14125327883151229,-0.1781057493664113,-0.16568651602362097,-0.632834588424933,-0.1474557687191013
1.0,0.0,0.0,0.0,0.0,1.0,0.0,0.0,0.0,0.0,0.0,0.0,1.0,0.0,1.0,0.0,0.0,-1.6497186791131437,0.2969654863982213,-0.2656366523013195,-0.8042432027155477,0.9258737865415383,0.1989939687324386,-0.6475775332438344,-0.14125327883151229,-0.1781057493664113,1.0032374144732275,-0.632834588424933,-0.1474557687191013
0.0,0.0,1.0,0.0,0.0,1.0,0.0,0.0,0.0,1.0,0.0,0.0,0.0,0.0,0.0,1.0,0.0,0.9318944474650244,1.9526970667153962,-1.1462643207056655,1.2348799393360297,0.6952219653372156,1.0721321383085707,0.37146402822277746,-0.14125327883151229,-0.1781057493664113,0.12654446660059115,1.580191756725731,-0.1474557687191013
1.0,0.0,0.0,0.0,0.0,1.0,0.0,0.0,1.0,0.0,0.0,0.0,0.0,1.0,0.0,0.0,0.0,0.5016255930353297,-0.14008041297484025,-1.2930355987730566,2.011688755355678,0.9258737865415383,-0.6894624143450292,0.7378609941433569,-0.14125327883151229,-0.1781057493664113,1.0032374144732275,1.580191756725731,-0.1474557687191013
0.0,1.0,0.0,0.0,0.0,1.0,0.0,0.0,0.0,0.0,0.0,1.0,0.0,0.0,0.0,1.0,0.0,1.0753173989415892,0.5154884360847519,-0.16778913358972547,3.9537107954048,0.9258737865415383,0.4287671712524734,-0.6361276280588162,-0.14125327883151229,-0.1781057493664113,-0.7501484812720451,-0.632834588424933,-0.1474557687191013
0.0,0.0,1.0,0.0,0.0,1.0,0.0,0.0,0.0,1.0,0.0,0.0,0.0,0.0,0.0,1.0,0.0,1.6490092048478489,0.8600823182827427,0.8106860535262146,0.263868919311469,-0.9028656530070202,1.0951094585605743,-0.6475775332438344,-0.14125327883151229,-0.1781057493664113,-0.16568651602362097,1.580191756725731,-0.1474557687191013
1.0,0.0,0.0,0.0,0.0,1.0,0.0,0.0,1.0,0.0,0.0,0.0,0.0,0.0,1.0,0.0,0.0,-1.6497186791131437,-0.2661513454863003,0.32144845996824456,1.429082143340942,0.9258737865415383,-0.053756554039599655,-0.6475775332438344,-0.14125327883151229,-0.1781057493664113,1.0032374144732275,1.580191756725731,-0.1474557687191013
1.0,0.0,0.0,0.0,0.0,1.0,0.0,0.0,0.0,1.0,0.0,0.0,0.0,0.0,1.0,0.0,0.0,-1.5062957276365787,-0.35860336266137094,1.4956186845073727,-0.9984454067204599,-2.0182319598307807,0.2066530754831064,-0.6475775332438344,-0.14125327883151229,-0.1781057493664113,1.2954683970974397,1.580191756725731,-0.1474557687191013
0.0,0.0,1.0,0.0,0.0,1.0,0.0,0.0,1.0,0.0,0.0,0.0,0.0,0.0,0.0,1.0,0.0,1.5055862533712838,1.2214856581489282,0.5660672567472296,0.9435766333286616,0.9159887084899244,1.324882661080609,-0.6475775332438344,-0.14125327883151229,-0.1781057493664113,0.12654446660059115,1.580191756725731,-0.1474557687191013
0.0,0.0,1.0,0.0,0.0,1.0,0.0,0.0,1.0,0.0,0.0,0.0,0.0,0.0,1.0,0.0,0.0,-1.362872776160014,0.8684870471168399,-0.2656366523013195,-0.6100409987106356,0.9258737865415383,0.6815176940245116,-0.6475775332438344,-0.14125327883151229,-0.1781057493664113,0.41877544922480325,1.580191756725731,-0.1474557687191013
1.0,0.0,0.0,0.0,0.0,1.0,1.0,0.0,0.0,0.0,0.0,0.0,0.0,0.0,0.0,1.0,0.0,1.2187403504181542,-0.11486622647254834,-0.6570267271476955,-0.5129398967081796,0.5107005083737574,-0.3218252903129736,-0.6475775332438344,-0.14125327883151229,-0.1781057493664113,1.2954683970974397,-0.632834588424933,-0.1474557687191013
0.0,1.0,0.0,0.0,0.0,1.0,0.0,0.0,0.0,1.0,0.0,0.0,0.0,0.0,1.0,0.0,0.0,-1.219449824683449,-0.6359594141865831,1.2020761283725907,-0.8042432027155477,-2.0627148110630427,-0.11502940804494227,-0.6475775332438344,-0.14125327883151229,-0.1781057493664113,-1.0423794638962574,1.580191756725731,-0.1474557687191013
0.0,0.0,0.0,1.0,0.0,1.0,0.0,0.0,0.0,1.0,0.0,0.0,0.0,0.0,1.0,0.0,0.0,-1.362872776160014,-0.8208634485367244,1.0063810909494026,-0.3187376927032675,-1.0017164335231585,-0.32948439706364135,-0.6475775332438344,-0.14125327883151229,-0.1781057493664113,1.5876993797216516,1.580191756725731,-0.1474557687191013
1.0,0.0,0.0,0.0,0.0,1.0,0.0,0.0,0.0,0.0,0.0,0.0,1.0,0.0,0.0,0.0,1.0,-0.7891809702537543,-0.8796965503754058,-1.2441118394172594,-0.22163659070081138,-0.41684931546934023,-1.2485772071437804,-0.6475775332438344,-0.14125327883151229,-0.1781057493664113,1.2954683970974397,-0.632834588424933,-0.1474557687191013
0.0,1.0,0.0,0.0,0.0,1.0,0.0,0.0,0.0,1.0,0.0,0.0,0.0,0.0,0.0,1.0,0.0,0.9318944474650244,0.7676303011076719,-1.7822731923310267,0.06966671530655688,0.9258737865415383,-0.3677799308169805,0.7836606148834294,-0.14125327883151229,-0.1781057493664113,-0.4579174986478331,1.580191756725731,-0.1474557687191013
0.0,1.0,0.0,0.0,0.0,1.0,1.0,0.0,0.0,0.0,0.0,0.0,0.0,0.0,1.0,0.0,0.0,-1.362872776160014,-0.08124731113615896,1.2999236470841846,-0.3187376927032675,-1.8403005549017317,0.4057898510004698,-0.6475775332438344,-0.14125327883151229,-0.1781057493664113,-0.4579174986478331,-0.632834588424933,-0.1474557687191013
0.0,0.0,0.0,1.0,0.0,1.0,0.0,0.0,0.0,0.0,1.0,0.0,0.0,0.0,1.0,0.0,0.0,-1.362872776160014,-2.014334942978546,-0.06994161487813147,0.9435766333286616,0.7611224856813077,-1.6851462919318463,-0.6475775332438344,-0.14125327883151229,-0.1781057493664113,-1.6268414291446816,-0.632834588424933,-0.1474557687191013
0.0,1.0,0.0,0.0,0.0,1.0,1.0,0.0,0.0,0.0,0.0,0.0,0.0,0.0,0.0,0.0,1.0,-0.2154891643474948,0.1877040115549559,-0.4124079303687105,-0.7071421007130917,-0.8138999505424958,0.045811833719082096,1.6080537882047332,-0.14125327883151229,-0.1781057493664113,-0.7501484812720451,-0.632834588424933,-0.1474557687191013
0.0,0.0,1.0,0.0,0.0,1.0,0.0,1.0,0.0,0.0,0.0,0.0,0.0,0.0,0.0,0.0,1.0,-0.6457580187771894,0.6583688262644065,0.3703722193240416,-0.3187376927032675,0.9258737865415383,0.7657678682818577,-0.5330784813936532,-0.14125327883151229,-0.1781057493664113,0.12654446660059115,-0.632834588424933,-0.1474557687191013
0.0,1.0,0.0,0.0,0.0,1.0,1.0,0.0,0.0,0.0,0.0,0.0,0.0,0.0,0.0,0.0,1.0,-0.7891809702537543,-0.8881012792095032,0.6149910161030265,-0.6100409987106356,-0.6310260065876399,-0.49798474557833355,-0.6475775332438344,-0.14125327883151229,-0.1781057493664113,-1.0423794638962574,-0.632834588424933,-0.1474557687191013
0.0,0.0,0.0,1.0,0.0,1.0,0.0,0.0,0.0,0.0,0.0,0.0,1.0,0.0,0.0,1.0,0.0,1.6490092048478489,-1.4932417552645114,-0.2656366523013195,-0.41583879470572344,0.9258737865415383,-1.309850061149123,-0.6475775332438344,-0.14125327883151229,3.9243267619230227,-1.6268414291446816,-0.632834588424933,-0.0013120541346940075
1.0,0.0,0.0,0.0,0.0,1.0,0.0,0.0,0.0,0.0,0.0,1.0,0.0,0.0,1.0,0.0,0.0,-0.9326039217303193,-1.005767482886866,0.46821973803563555,-1.095546508722916,0.9258737865415383,-0.6435077738410222,-0.6475775332438344,-0.14125327883151229,-0.1781057493664113,1.0032374144732275,-0.632834588424933,-0.1474557687191013
0.0,0.0,0.0,1.0,0.0,1.0,0.0,0.0,1.0,0.0,0.0,0.0,0.0,0.0,0.0,0.0,1.0,-0.5023350673006246,-1.0730053135596445,0.22360094125665056,-1.2897487127278282,-0.490987400856444,-0.7813716953530432,-0.6475775332438344,-0.14125327883151229,-0.1781057493664113,-1.6268414291446816,1.580191756725731,-0.1474557687191013
0.0,1.0,0.0,0.0,0.0,1.0,1.0,0.0,0.0,0.0,0.0,0.0,0.0,0.0,1.0,0.0,0.0,-1.219449824683449,-0.08965203997025627,1.3488474064399816,-0.8042432027155477,-1.879840867108187,0.4134489577511376,-0.6475775332438344,-0.14125327883151229,-0.1781057493664113,-0.4579174986478331,-0.632834588424933,-0.1474557687191013
1.0,0.0,0.0,0.0,0.0,1.0,0.0,0.0,0.0,0.0,0.0,1.0,0.0,1.0,0.0,0.0,0.0,0.7884714959884594,-0.03081893813157497,-0.9016455239266805,0.16676781730901283,0.8715058572576622,-0.3677799308169805,-0.2697306621382367,-0.14125327883151229,-0.1781057493664113,1.2954683970974397,-0.632834588424933,-0.1474557687191013
0.0,0.0,0.0,1.0,0.0,1.0,0.0,0.0,0.0,0.0,0.0,0.0,1.0,0.0,0.0,1.0,0.0,0.9318944474650244,-2.1908342484945904,-1.4398068768404475,1.6232843473458538,0.9258737865415383,-2.4204205399959577,-0.5903280073187437,-0.14125327883151229,1.616708474322716,-1.6268414291446816,-0.632834588424933,-0.08351789358842311
0.0,1.0,0.0,0.0,0.0,1.0,0.0,0.0,1.0,0.0,0.0,0.0,0.0,0.0,0.0,1.0,0.0,0.9318944474650244,-0.207318243647619,-0.8037980052150865,1.0406777353311174,-0.21585272841985906,-0.4673483185756622,-0.29263047250827295,-0.14125327883151229,-0.1781057493664113,-1.0423794638962574,1.580191756725731,-0.1474557687191013
1.0,0.0,0.0,0.0,0.0,1.0,0.0,0.0,1.0,0.0,0.0,0.0,0.0,0.0,1.0,0.0,0.0,-1.219449824683449,-0.33338917615907904,0.07682966318925954,1.0406777353311174,0.9258737865415383,-0.19927958230228832,-0.6475775332438344,-0.14125327883151229,-0.1781057493664113,1.0032374144732275,1.580191756725731,-0.1474557687191013
1.0,0.0,0.0,0.0,0.0,1.0,0.0,0.0,0.0,1.0,0.0,0.0,0.0,1.0,0.0,0.0,0.0,0.21477969008219988,0.5911309955916281,-0.8527217645708836,1.2348799393360297,0.864915805223253,0.16069843497909947,2.031700280050403,-0.14125327883151229,-0.1781057493664113,1.0032374144732275,1.580191756725731,-0.1474557687191013
0.0,0.0,1.0,0.0,0.0,1.0,0.0,1.0,0.0,0.0,0.0,0.0,0.0,1.0,0.0,0.0,0.0,0.5016255930353297,1.465222794337751,-1.1951880800614625,1.0406777353311174,0.2503934530145932,0.6508812670218403,2.638545254856363,-0.14125327883151229,-0.1781057493664113,-0.16568651602362097,-0.632834588424933,-0.1474557687191013
0.0,0.0,0.0,1.0,0.0,1.0,0.0,1.0,0.0,0.0,0.0,0.0,0.0,0.0,0.0,1.0,0.0,1.2187403504181542,-1.863049823964794,-1.1462643207056655,2.011688755355678,0.9258737865415383,-1.9915105619585594,-0.6475775332438344,-0.14125327883151229,-0.1781057493664113,-1.3346104465204693,-0.632834588424933,-0.1474557687191013
1.0,0.0,0.0,0.0,0.0,1.0,0.0,0.0,0.0,0.0,0.0,1.0,0.0,0.0,1.0,0.0,0.0,-1.6497186791131437,0.5407026225870439,0.7128385348146206,-0.5129398967081796,0.7874826938189446,0.7810860817831934,-0.6475775332438344,-0.14125327883151229,-0.1781057493664113,0.7110064318490154,-0.632834588424933,-0.1474557687191013
1.0,0.0,0.0,0.0,0.0,1.0,0.0,0.0,0.0,1.0,0.0,0.0,0.0,0.0,1.0,0.0,0.0,-1.362872776160014,0.2213229268913451,1.4466949251515757,-1.2897487127278282,0.9258737865415383,0.7198132277778507,-0.6475775332438344,-0.14125327883151229,-0.1781057493664113,1.0032374144732275,1.580191756725731,-0.1474557687191013
0.0,1.0,0.0,0.0,0.0,1.0,0.0,0.0,0.0,0.0,0.0,1.0,0.0,0.0,1.0,0.0,0.0,-1.219449824683449,-0.4174364645000524,0.6149910161030265,-0.8042432027155477,-1.7463923134114003,-0.09205208779293877,-0.6475775332438344,-0.14125327883151229,-0.1781057493664113,-1.0423794638962574,-0.632834588424933,-0.1474557687191013
1.0,0.0,0.0,0.0,1.0,0.0,0.0,0.0,0.0,0.0,0.0,1.0,0.0,0.0,0.0,1.0,0.0,0.9318944474650244,0.7172019281030881,-1.0484168019940716,-0.7071421007130917,0.9258737865415383,0.1453802214777638,-0.3727798088033997,-0.14125327883151229,-0.1781057493664113,0.7110064318490154,-0.632834588424933,-0.1474557687191013
0.0,0.0,0.0,1.0,1.0,0.0,0.0,0.0,0.0,1.0,0.0,0.0,0.0,1.0,0.0,0.0,0.0,0.5016255930353297,-0.8376729062049192,-1.6355019142636356,2.108789857358134,0.9258737865415383,-1.4783504096638151,0.38291393340779556,-0.14125327883151229,-0.1781057493664113,1.5876993797216516,1.580191756725731,-0.1474557687191013
0.0,0.0,1.0,0.0,0.0,1.0,0.0,0.0,0.0,0.0,0.0,0.0,1.0,0.0,0.0,1.0,0.0,1.6490092048478489,1.2551045734853175,0.9085335722378086,0.16676781730901283,-0.15159972108436917,1.4704056893432977,-0.6475775332438344,-0.14125327883151229,-0.1781057493664113,0.12654446660059115,-0.632834588424933,-0.1474557687191013
0.0,0.0,0.0,1.0,0.0,1.0,0.0,0.0,0.0,0.0,0.0,0.0,1.0,0.0,1.0,0.0,0.0,-1.5062957276365787,-0.6779830583570697,-0.2656366523013195,-0.3187376927032675,-1.4514874848715877,-0.6205304535890187,-0.6475775332438344,-0.14125327883151229,-0.1781057493664113,-1.3346104465204693,-0.632834588424933,-0.1474557687191013
0.0,1.0,0.0,0.0,0.0,1.0,0.0,0.0,0.0,0.0,0.0,1.0,0.0,0.0,1.0,0.0,0.0,-1.5062957276365787,-0.6023404988501937,0.32144845996824456,-0.7071421007130917,-1.3872344775360979,-0.3371435038143092,-0.6475775332438344,-0.14125327883151229,-0.1781057493664113,-1.0423794638962574,-0.632834588424933,-0.1474557687191013
1.0,0.0,0.0,0.0,0.0,1.0,0.0,1.0,0.0,0.0,0.0,0.0,0.0,0.0,1.0,0.0,0.0,-1.076026873206884,-0.4258411933341497,1.1042286096609966,-1.2897487127278282,-1.2719085669339365,0.045811833719082096,-0.6475775332438344,-0.14125327883151229,-0.1781057493664113,1.2954683970974397,-0.632834588424933,-0.1474557687191013
1.0,0.0,0.0,0.0,0.0,1.0,0.0,0.0,0.0,0.0,1.0,0.0,0.0,1.0,0.0,0.0,0.0,0.3582026415587648,-0.535102668177415,-1.5376543955520416,1.3319810413384858,0.8863334743350829,-1.171986139637102,1.2531067274691718,-0.14125327883151229,-0.1781057493664113,1.2954683970974397,-0.632834588424933,-0.1474557687191013
0.0,0.0,1.0,0.0,0.0,1.0,0.0,1.0,0.0,0.0,0.0,0.0,0.0,0.0,0.0,1.0,0.0,1.5055862533712838,0.7508208434394773,0.27252470061244755,0.06966671530655688,-0.3740139772456803,0.8040634020351969,-0.6475775332438344,-0.14125327883151229,-0.1781057493664113,-0.16568651602362097,-0.632834588424933,-0.1474557687191013
0.0,0.0,0.0,1.0,0.0,1.0,0.0,0.0,1.0,0.0,0.0,0.0,0.0,0.0,0.0,0.0,1.0,-0.2154891643474948,-0.9217201945458926,0.07682966318925954,-0.5129398967081796,-0.7134016570177552,-0.6971215210956969,-0.30408037769329105,-0.14125327883151229,-0.1781057493664113,-1.6268414291446816,1.580191756725731,-0.1474557687191013
1.0,0.0,0.0,0.0,0.0,1.0,0.0,1.0,0.0,0.0,0.0,0.0,0.0,0.0,0.0,1.0,0.0,1.0753173989415892,-0.3922222779977603,0.12575342254505653,-1.3868498147302841,-1.425127276733951,-0.22991600930495965,-0.6475775332438344,-0.14125327883151229,-0.1781057493664113,1.2954683970974397,-0.632834588424933,-0.1474557687191013
1.0,0.0,0.0,0.0,0.0,1.0,0.0,0.0,0.0,0.0,1.0,0.0,0.0,0.0,1.0,0.0,0.0,-1.219449824683449,-0.5519121258456098,0.8106860535262146,-0.6100409987106356,-0.7710646123188358,-0.1533249417982814,-0.6475775332438344,-0.14125327883151229,-0.1781057493664113,1.2954683970974397,-0.632834588424933,-0.1474557687191013
0.0,0.0,1.0,0.0,0.0,1.0,1.0,0.0,0.0,0.0,0.0,0.0,0.0,1.0,0.0,0.0,0.0,0.07135673860563499,1.7089599305265735,-0.5591792084361015,-0.41583879470572344,0.9258737865415383,1.2406324868232628,2.226348668195711,-0.14125327883151229,-0.1781057493664113,0.41877544922480325,-0.632834588424933,-0.1474557687191013
0.0,0.0,0.0,1.0,0.0,1.0,0.0,0.0,0.0,0.0,0.0,1.0,0.0,0.0,1.0,0.0,0.0,-1.076026873206884,-1.8966687393011834,-0.4613316897245075,2.497194265367958,0.9258737865415383,-1.7234418256851853,-0.6475775332438344,-0.14125327883151229,2.3859145701894855,-1.6268414291446816,-0.632834588424933,-0.05611594710384673
0.0,1.0,0.0,0.0,0.0,1.0,0.0,0.0,0.0,0.0,0.0,1.0,0.0,0.0,0.0,1.0,0.0,1.2187403504181542,-0.039223666965672276,-0.4613316897245075,-0.9013443047180038,0.9258737865415383,-0.16864315529961704,-0.6475775332438344,-0.14125327883151229,-0.1781057493664113,-0.7501484812720451,-0.632834588424933,-0.1474557687191013
0.0,1.0,0.0,0.0,0.0,1.0,0.0,0.0,1.0,0.0,0.0,0.0,0.0,0.0,0.0,0.0,1.0,-0.5023350673006246,-0.45105537983644167,1.4466949251515757,-0.3187376927032675,-1.5190355182242823,0.11474379447509249,-0.5559782917636894,0.7730659742946313,-0.1781057493664113,-0.7501484812720451,1.580191756725731,0.7659424474334442
0.0,0.0,1.0,0.0,0.0,1.0,0.0,0.0,0.0,0.0,0.0,1.0,0.0,0.0,0.0,1.0,0.0,1.2187403504181542,0.918915420121424,-0.6081029677918985,1.0406777353311174,0.7545324336468985,0.5589719860138264,-0.5788781021337256,-0.14125327883151229,-0.1781057493664113,-0.16568651602362097,-0.632834588424933,-0.1474557687191013
0.0,0.0,0.0,1.0,0.0,1.0,1.0,0.0,0.0,0.0,0.0,0.0,0.0,0.0,1.0,0.0,0.0,-1.6497186791131437,-2.367333554010634,-1.1951880800614625,-0.02743438669589927,0.9258737865415383,-2.4280796467466255,-0.6475775332438344,-0.14125327883151229,1.103904410411537,-1.6268414291446816,-0.632834588424933,-0.101785857911474
0.0,0.0,1.0,0.0,0.0,1.0,0.0,1.0,0.0,0.0,0.0,0.0,0.0,1.0,0.0,0.0,0.0,0.07135673860563499,0.8012492164440614,1.5445424438631696,-0.3187376927032675,0.864915805223253,1.2636098070752664,0.5203127956280129,0.7730659742946313,-0.1781057493664113,0.41877544922480325,-0.632834588424933,0.7659424474334442
1.0,0.0,0.0,0.0,0.0,1.0,1.0,0.0,0.0,0.0,0.0,0.0,0.0,0.0,0.0,1.0,0.0,1.5055862533712838,-0.5771263123479017,0.6639147754588236,-0.3187376927032675,-0.972061199368317,-0.21459779580362398,-0.6475775332438344,-0.14125327883151229,-0.1781057493664113,1.2954683970974397,-0.632834588424933,-0.1474557687191013
1.0,0.0,0.0,0.0,0.0,1.0,0.0,1.0,0.0,0.0,0.0,0.0,0.0,0.0,0.0,0.0,1.0,-0.5023350673006246,0.5911309955916281,-0.06994161487813147,-0.1245354886983552,0.9258737865415383,0.535994665761823,0.18826554526248765,-0.14125327883151229,-0.1781057493664113,0.7110064318490154,-0.632834588424933,-0.1474557687191013
0.0,1.0,0.0,0.0,0.0,1.0,1.0,0.0,0.0,0.0,0.0,0.0,0.0,0.0,1.0,0.0,0.0,-0.9326039217303193,-0.2241277013158136,0.17467718190085355,0.06966671530655688,-0.8682678798263718,-0.06907476754093532,-0.6475775332438344,-0.14125327883151229,-0.1781057493664113,-1.0423794638962574,-0.632834588424933,-0.1474557687191013
0.0,0.0,1.0,0.0,0.0,1.0,0.0,0.0,0.0,0.0,0.0,1.0,0.0,0.0,0.0,0.0,1.0,-0.5023350673006246,0.6751782839326015,0.3703722193240416,-0.7071421007130917,-1.0560843628070347,0.7734269750325254,0.06231658822728846,-0.14125327883151229,-0.1781057493664113,-0.16568651602362097,-0.632834588424933,-0.1474557687191013
0.0,1.0,0.0,0.0,0.0,1.0,0.0,0.0,0.0,0.0,0.0,1.0,0.0,0.0,0.0,0.0,1.0,-0.3589121158240597,-0.12327095530664564,-0.36348417101291347,-0.9013443047180038,-1.5486907523791238,-0.19927958230228832,0.3142145022976868,-0.14125327883151229,-0.1781057493664113,-1.0423794638962574,-0.632834588424933,-0.1474557687191013
0.0,1.0,0.0,0.0,0.0,1.0,0.0,0.0,0.0,0.0,0.0,1.0,0.0,0.0,1.0,0.0,0.0,-1.076026873206884,-1.1402431442324232,0.8106860535262146,-1.095546508722916,0.8715058572576622,-0.6588259873423579,-0.6475775332438344,-0.14125327883151229,-0.1781057493664113,-1.0423794638962574,-0.632834588424933,-0.1474557687191013
0.0,1.0,0.0,0.0,0.0,1.0,0.0,0.0,0.0,0.0,0.0,1.0,0.0,0.0,0.0,1.0,0.0,1.362163301894719,-0.6359594141865831,-1.2441118394172594,1.429082143340942,0.9176362214985267,-1.0570995383770847,-0.6475775332438344,-0.14125327883151229,-0.1781057493664113,-1.0423794638962574,-0.632834588424933,-0.1474557687191013
1.0,0.0,0.0,0.0,0.0,1.0,0.0,0.0,0.0,0.0,0.0,0.0,1.0,0.0,0.0,1.0,0.0,0.9318944474650244,0.12887090971627443,-0.9505692832824775,0.555172225318837,0.9258737865415383,-0.2758706498089666,-0.5216285762086351,-0.14125327883151229,-0.1781057493664113,1.0032374144732275,-0.632834588424933,-0.1474557687191013
1.0,0.0,0.0,0.0,1.0,0.0,0.0,0.0,0.0,1.0,0.0,0.0,0.0,0.0,0.0,1.0,0.0,1.0753173989415892,0.666773555098504,-0.21671289294552248,1.1377788373335735,0.9258737865415383,0.535994665761823,-0.6361276280588162,-0.14125327883151229,-0.1781057493664113,0.7110064318490154,1.580191756725731,-0.1474557687191013
1.0,0.0,0.0,0.0,0.0,1.0,0.0,0.0,0.0,0.0,0.0,1.0,0.0,0.0,0.0,0.0,1.0,-0.3589121158240597,-0.6779830583570697,0.8106860535262146,-1.3868498147302841,-1.7266221573081726,-0.2605524363076309,-0.510178671023617,-0.14125327883151229,-0.1781057493664113,1.2954683970974397,-0.632834588424933,-0.1474557687191013
0.0,0.0,0.0,1.0,0.0,1.0,0.0,0.0,0.0,0.0,0.0,1.0,0.0,0.0,0.0,1.0,0.0,1.2187403504181542,-0.9049107368776979,0.027905903833462538,2.011688755355678,0.8945710393780945,-0.7047806278463649,-0.6475775332438344,-0.14125327883151229,-0.1781057493664113,-1.3346104465204693,-0.632834588424933,-0.1474557687191013
0.0,0.0,1.0,0.0,0.0,1.0,0.0,0.0,0.0,0.0,0.0,1.0,0.0,0.0,0.0,0.0,1.0,-0.07206621287092989,0.8264634029463532,-0.21671289294552248,0.8464755313262055,0.8583257531888437,0.666199480523176,2.2835981941208017,-0.14125327883151229,-0.1781057493664113,-0.16568651602362097,-0.632834588424933,-0.1474557687191013
0.0,0.0,1.0,0.0,0.0,1.0,0.0,0.0,0.0,0.0,1.0,0.0,0.0,0.0,0.0,1.0,0.0,1.5055862533712838,1.37277077716268,0.9574573315936056,-0.1245354886983552,-0.7035165789661413,1.5929513973539828,-0.6475775332438344,-0.14125327883151229,-0.1781057493664113,0.12654446660059115,-0.632834588424933,-0.1474557687191013
0.0,1.0,0.0,0.0,0.0,1.0,0.0,0.0,0.0,0.0,1.0,0.0,0.0,0.0,1.0,0.0,0.0,-1.6497186791131437,-0.2745560743203976,-0.7059504865034925,-0.3187376927032675,-0.280105735755349,-0.4673483185756622,-0.6475775332438344,-0.14125327883151229,-0.1781057493664113,-0.7501484812720451,-0.632834588424933,-0.1474557687191013
0.0,1.0,0.0,0.0,0.0,1.0,0.0,0.0,0.0,1.0,0.0,0.0,0.0,0.0,1.0,0.0,0.0,-1.076026873206884,-0.08124731113615896,0.5171434973914326,-1.3868498147302841,-1.0066589725489654,0.16835754172976727,-0.6475775332438344,-0.14125327883151229,-0.1781057493664113,-0.7501484812720451,1.580191756725731,-0.1474557687191013
0.0,1.0,0.0,0.0,0.0,1.0,0.0,1.0,0.0,0.0,0.0,0.0,0.0,0.0,0.0,0.0,1.0,-0.6457580187771894,-0.6779830583570697,0.4192959786798386,-0.7071421007130917,0.5535358465974173,-0.3754390375676483,-0.44147923991350835,-0.14125327883151229,-0.1781057493664113,-0.7501484812720451,-0.632834588424933,-0.1474557687191013
0.0,0.0,0.0,1.0,0.0,1.0,0.0,0.0,0.0,0.0,0.0,1.0,0.0,0.0,1.0,0.0,0.0,-1.219449824683449,-1.207480974905202,1.0553048503051996,-0.9984454067204599,-1.723327131290968,-0.6588259873423579,-0.6475775332438344,-0.14125327883151229,-0.1781057493664113,-1.3346104465204693,-0.632834588424933,-0.1474557687191013
1.0,0.0,0.0,0.0,0.0,1.0,0.0,0.0,0.0,0.0,1.0,0.0,0.0,0.0,0.0,1.0,0.0,1.362163301894719,-0.7788398043662378,-0.16778913358972547,0.36097002131392514,-0.34106371707363425,-0.6664850940930258,-0.6475775332438344,-0.14125327883151229,-0.1781057493664113,1.2954683970974397,-0.632834588424933,-0.1474557687191013
0.0,0.0,0.0,1.0,0.0,1.0,0.0,0.0,1.0,0.0,0.0,0.0,0.0,0.0,1.0,0.0,0.0,-1.362872776160014,-1.3419566362507593,1.3488474064399816,-0.22163659070081138,-0.2998758918585766,-0.7047806278463649,-0.6475775332438344,-0.14125327883151229,-0.1781057493664113,1.5876993797216516,1.580191756725731,-0.1474557687191013
0.0,1.0,0.0,0.0,0.0,1.0,1.0,0.0,0.0,0.0,0.0,0.0,0.0,0.0,1.0,0.0,0.0,-1.5062957276365787,-0.8628870927072111,0.7128385348146206,0.8464755313262055,-1.6887293581103195,-0.44437099832365873,-0.6475775332438344,-0.14125327883151229,-0.1781057493664113,-1.0423794638962574,-0.632834588424933,-0.1474557687191013
0.0,0.0,0.0,1.0,0.0,1.0,0.0,0.0,1.0,0.0,0.0,0.0,0.0,1.0,0.0,0.0,0.0,0.3582026415587648,-0.9469343810481845,-1.4398068768404475,0.263868919311469,0.4200872929006306,-1.4247366624091404,0.65771165784823,-0.14125327883151229,-0.1781057493664113,-1.6268414291446816,1.580191756725731,-0.1474557687191013
0.0,1.0,0.0,0.0,0.0,1.0,0.0,0.0,0.0,0.0,0.0,1.0,0.0,0.0,0.0,1.0,0.0,1.2187403504181542,0.5911309955916281,1.4466949251515757,0.4580711233163813,-1.4267747897425531,1.0491548180565673,-0.6475775332438344,0.7730659742946313,-0.1781057493664113,-0.4579174986478331,-0.632834588424933,0.7659424474334442
0.0,0.0,1.0,0.0,0.0,1.0,0.0,0.0,1.0,0.0,0.0,0.0,0.0,0.0,1.0,0.0,0.0,-1.6497186791131437,0.8516775894486454,1.1042286096609966,0.6522733273212932,0.8863334743350829,1.1793596328179201,-0.6475775332438344,-0.14125327883151229,-0.1781057493664113,0.41877544922480325,1.580191756725731,-0.1474557687191013
1.0,0.0,0.0,0.0,0.0,1.0,0.0,0.0,0.0,0.0,1.0,0.0,0.0,0.0,0.0,0.0,1.0,-0.2154891643474948,-0.8544823638731138,-1.7822731923310267,0.263868919311469,0.9077511434469129,-1.608555224425168,0.7035112785883025,-0.14125327883151229,-0.1781057493664113,1.2954683970974397,-0.632834588424933,-0.1474557687191013
0.0,0.0,1.0,0.0,0.0,1.0,0.0,1.0,0.0,0.0,0.0,0.0,0.0,0.0,0.0,0.0,1.0,-0.5023350673006246,0.8096539452781586,0.32144845996824456,-0.9984454067204599,-1.118689857133922,0.8729953627912072,0.5546625111830672,-0.14125327883151229,-0.1781057493664113,-0.16568651602362097,-0.632834588424933,-0.1474557687191013
1.0,0.0,0.0,0.0,0.0,1.0,0.0,1.0,0.0,0.0,0.0,0.0,0.0,0.0,1.0,0.0,0.0,-0.9326039217303193,-0.4258411933341497,1.2509998877283877,-0.9984454067204599,-1.43171732876836,0.08410736747242123,-0.6475775332438344,-0.14125327883151229,-0.1781057493664113,1.2954683970974397,-0.632834588424933,-0.1474557687191013
0.0,0.0,1.0,0.0,0.0,1.0,0.0,0.0,0.0,0.0,0.0,1.0,0.0,0.0,1.0,0.0,0.0,-1.076026873206884,0.6331546397621147,1.8870087593537486,-1.192647610725372,0.9077511434469129,1.2099960598205917,-0.6475775332438344,-0.14125327883151229,-0.1781057493664113,0.12654446660059115,-0.632834588424933,-0.1474557687191013
0.0,1.0,0.0,0.0,0.0,1.0,1.0,0.0,0.0,0.0,0.0,0.0,0.0,0.0,0.0,1.0,0.0,1.362163301894719,-1.0141722117209633,-1.1951880800614625,-0.3187376927032675,0.7281722255092616,-1.3328273814011264,-0.6475775332438344,-0.14125327883151229,-0.1781057493664113,-1.0423794638962574,-0.632834588424933,-0.1474557687191013
1.0,0.0,0.0,0.0,0.0,1.0,0.0,0.0,0.0,0.0,0.0,0.0,1.0,0.0,1.0,0.0,0.0,-0.9326039217303193,0.2717512998959292,0.12575342254505653,-0.22163659070081138,0.9258737865415383,0.3368578902444594,-0.6475775332438344,-0.14125327883151229,-0.1781057493664113,0.7110064318490154,-0.632834588424933,-0.1474557687191013
0.0,1.0,0.0,0.0,0.0,1.0,0.0,0.0,0.0,0.0,1.0,0.0,0.0,1.0,0.0,0.0,0.0,0.5016255930353297,1.1626525563102468,-1.0484168019940716,0.9435766333286616,0.6787468352511925,0.5053582387591516,2.6728949704114178,-0.14125327883151229,-0.1781057493664113,-0.4579174986478331,-0.632834588424933,-0.1474557687191013
1.0,0.0,0.0,0.0,0.0,1.0,0.0,0.0,0.0,0.0,0.0,0.0,1.0,0.0,0.0,0.0,1.0,-0.5023350673006246,0.4314411477437785,-0.11886537423392847,-0.22163659070081138,0.9159887084899244,0.3751534239977985,0.06231658822728846,-0.14125327883151229,-0.1781057493664113,0.7110064318490154,-0.632834588424933,-0.1474557687191013
1.0,0.0,0.0,0.0,0.0,1.0,1.0,0.0,0.0,0.0,0.0,0.0,0.0,0.0,1.0,0.0,0.0,-1.6497186791131437,0.691987741600796,1.1531523690167935,1.72038544934831,0.8154904149651838,1.0491548180565673,-0.6475775332438344,0.7730659742946313,-0.1781057493664113,0.7110064318490154,-0.632834588424933,0.7659424474334442
0.0,0.0,1.0,0.0,0.0,1.0,0.0,0.0,1.0,0.0,0.0,0.0,0.0,0.0,0.0,0.0,1.0,-0.6457580187771894,0.7928444876099641,1.3488474064399816,-1.095546508722916,-1.8765458410909823,1.2023369530699237,-0.5674281969487076,-0.14125327883151229,-0.1781057493664113,-0.16568651602362097,1.580191756725731,-0.1474557687191013
0.0,0.0,0.0,1.0,0.0,1.0,1.0,0.0,0.0,0.0,0.0,0.0,0.0,0.0,0.0,0.0,1.0,-0.2154891643474948,-2.484999757687997,-1.2441118394172594,1.6232843473458538,0.4365624229866537,-2.550625354757311,0.06231658822728846,-0.14125327883151229,1.103904410411537,-1.6268414291446816,-0.632834588424933,-0.101785857911474
0.0,1.0,0.0,0.0,0.0,1.0,0.0,0.0,0.0,1.0,0.0,0.0,0.0,0.0,0.0,1.0,0.0,1.6490092048478489,0.2717512998959292,1.1531523690167935,-0.41583879470572344,-1.5783459865339653,0.6815176940245116,-0.6475775332438344,-0.14125327883151229,-0.1781057493664113,-0.7501484812720451,1.580191756725731,-0.1474557687191013
0.0,0.0,0.0,1.0,0.0,1.0,0.0,0.0,0.0,0.0,0.0,0.0,1.0,0.0,0.0,1.0,0.0,0.9318944474650244,-1.2158857037392994,1.0063810909494026,-0.1245354886983552,-1.2125980986242535,-0.6741442008436934,-0.6475775332438344,-0.049821353518897916,5.462738953656562,1.5876993797216516,-0.632834588424933,0.14483166044971332
0.0,0.0,1.0,0.0,0.0,1.0,1.0,0.0,0.0,0.0,0.0,0.0,0.0,0.0,1.0,0.0,0.0,-1.5062957276365787,1.5660795403469188,0.46821973803563555,-1.3868498147302841,-0.5519453821747292,1.5852922906033151,-0.6475775332438344,-0.14125327883151229,-0.1781057493664113,0.41877544922480325,-0.632834588424933,-0.1474557687191013
0.0,0.0,1.0,0.0,0.0,1.0,0.0,1.0,0.0,0.0,0.0,0.0,0.0,1.0,0.0,0.0,0.0,0.6450485445118945,1.465222794337751,-1.1951880800614625,1.1377788373335735,0.6457965750791465,0.6508812670218403,2.226348668195711,-0.14125327883151229,-0.1781057493664113,-0.16568651602362097,-0.632834588424933,-0.1474557687191013
1.0,0.0,0.0,0.0,0.0,1.0,0.0,1.0,0.0,0.0,0.0,0.0,0.0,1.0,0.0,0.0,0.0,0.07135673860563499,0.4986789784165573,0.07682966318925954,0.06966671530655688,-1.5239780572500892,0.5130173455098194,1.7683524607949868,-0.14125327883151229,-0.1781057493664113,1.0032374144732275,-0.632834588424933,-0.1474557687191013
0.0,0.0,0.0,1.0,0.0,1.0,0.0,1.0,0.0,0.0,0.0,0.0,0.0,0.0,0.0,0.0,1.0,-0.2154891643474948,-1.8966687393011834,-1.4887306361962445,1.9145876533532222,0.7495898946210916,-2.2136246577279266,0.027966872672234102,-0.14125327883151229,-0.1781057493664113,-1.6268414291446816,-0.632834588424933,-0.1474557687191013
0.0,0.0,1.0,0.0,0.0,1.0,0.0,0.0,0.0,0.0,0.0,0.0,1.0,0.0,0.0,0.0,1.0,-0.7891809702537543,0.5154884360847519,1.8870087593537486,-0.22163659070081138,-2.1104926883125095,1.102768565311242,-0.6475775332438344,-0.14125327883151229,-0.1781057493664113,-0.16568651602362097,-0.632834588424933,-0.1474557687191013
1.0,0.0,0.0,0.0,0.0,1.0,0.0,1.0,0.0,0.0,0.0,0.0,0.0,0.0,0.0,0.0,1.0,-0.3589121158240597,-0.07284258230206166,-0.36348417101291347,-0.9984454067204599,0.7907777198361492,-0.1533249417982814,0.5203127956280129,-0.14125327883151229,-0.1781057493664113,1.0032374144732275,-0.632834588424933,-0.1474557687191013
0.0,0.0,0.0,1.0,0.0,1.0,0.0,1.0,0.0,0.0,0.0,0.0,0.0,0.0,0.0,1.0,0.0,0.9318944474650244,-0.9721485675504765,0.5660672567472296,0.7493744293237493,-1.318038931174801,-0.5822349198356795,-0.6475775332438344,-0.14125327883151229,-0.1781057493664113,-1.6268414291446816,-0.632834588424933,-0.1474557687191013
1.0,0.0,0.0,0.0,0.0,1.0,0.0,0.0,0.0,0.0,1.0,0.0,0.0,0.0,0.0,1.0,0.0,0.9318944474650244,-0.7536256178639459,-0.6081029677918985,0.9435766333286616,0.9258737865415383,-0.82732633585705,-0.6361276280588162,-0.14125327883151229,-0.1781057493664113,1.2954683970974397,-0.632834588424933,-0.1474557687191013
0.0,0.0,1.0,0.0,0.0,1.0,0.0,0.0,0.0,1.0,0.0,0.0,0.0,0.0,0.0,0.0,1.0,-0.2154891643474948,1.3811755059967776,0.9574573315936056,0.263868919311469,-0.571715538277957,1.6006105041046506,0.8180103304384837,-0.14125327883151229,-0.1781057493664113,0.41877544922480325,1.580191756725731,-0.1474557687191013
1.0,0.0,0.0,0.0,0.0,1.0,0.0,0.0,0.0,0.0,0.0,0.0,1.0,0.0,0.0,0.0,1.0,-0.07206621287092989,0.2045134692231505,-1.6355019142636356,0.7493744293237493,0.476102735193109,-0.6664850940930258,1.7569025556099689,-0.14125327883151229,-0.1781057493664113,1.0032374144732275,-0.632834588424933,-0.1474557687191013
0.0,0.0,0.0,1.0,1.0,0.0,0.0,1.0,0.0,0.0,0.0,0.0,0.0,1.0,0.0,0.0,0.0,0.7884714959884594,-0.9469343810481845,-1.2441118394172594,1.5261832453433977,0.7825401547931378,-1.309850061149123,-0.44147923991350835,-0.14125327883151229,-0.1781057493664113,-1.6268414291446816,-0.632834588424933,-0.1474557687191013
0.0,0.0,0.0,1.0,0.0,1.0,0.0,1.0,0.0,0.0,0.0,0.0,0.0,0.0,0.0,0.0,1.0,-0.2154891643474948,-0.7452208890298485,1.1531523690167935,0.4580711233163813,-1.4465449458457809,-0.22991600930495965,-0.39567961917343597,-0.14125327883151229,-0.1781057493664113,-1.6268414291446816,-0.632834588424933,-0.1474557687191013
0.0,0.0,1.0,0.0,0.0,1.0,1.0,0.0,0.0,0.0,0.0,0.0,0.0,0.0,0.0,0.0,1.0,-0.2154891643474948,1.4063896924990695,0.027905903833462538,-0.5129398967081796,-0.7661220732930288,1.271268913825934,2.008800469680367,-0.14125327883151229,-0.1781057493664113,0.12654446660059115,-0.632834588424933,-0.1474557687191013
1.0,0.0,0.0,0.0,0.0,1.0,0.0,1.0,0.0,0.0,0.0,0.0,0.0,0.0,0.0,1.0,0.0,1.5055862533712838,0.7256066569371853,1.8870087593537486,-1.2897487127278282,-1.6442465068780574,1.28658712732727,-0.6475775332438344,0.31590634773155957,-0.1781057493664113,0.7110064318490154,-0.632834588424933,0.30924333935717147
1.0,0.0,0.0,0.0,0.0,1.0,0.0,0.0,0.0,0.0,0.0,1.0,0.0,0.0,0.0,0.0,1.0,-0.2154891643474948,-0.11486622647254834,0.17467718190085355,-1.192647610725372,-1.5107979531812707,0.022834513467078568,0.23406516600256014,-0.14125327883151229,-0.1781057493664113,1.2954683970974397,-0.632834588424933,-0.1474557687191013
0.0,1.0,0.0,0.0,0.0,1.0,0.0,0.0,0.0,0.0,1.0,0.0,0.0,0.0,1.0,0.0,0.0,-1.6497186791131437,0.0027999772048144037,-0.5591792084361015,-1.3868498147302841,0.7232296864834548,-0.17630226205028487,-0.6475775332438344,-0.14125327883151229,-0.1781057493664113,-0.7501484812720451,-0.632834588424933,-0.1474557687191013
0.0,0.0,1.0,0.0,0.0,1.0,0.0,0.0,0.0,0.0,1.0,0.0,0.0,1.0,0.0,0.0,0.0,0.07135673860563499,1.12062891213976,-0.6081029677918985,-0.3187376927032675,-0.5519453821747292,0.7274723345285187,3.0850915570720687,-0.14125327883151229,-0.1781057493664113,-0.16568651602362097,-0.632834588424933,-0.1474557687191013
0.0,0.0,0.0,1.0,0.0,1.0,0.0,0.0,0.0,0.0,0.0,0.0,1.0,0.0,0.0,0.0,1.0,-0.2154891643474948,-1.2495046190756887,-1.6355019142636356,0.8464755313262055,0.7825401547931378,-1.8000328931918637,0.6920613734032844,-0.14125327883151229,-0.1781057493664113,-1.3346104465204693,-0.632834588424933,-0.1474557687191013
0.0,0.0,1.0,0.0,0.0,1.0,0.0,0.0,0.0,0.0,1.0,0.0,0.0,0.0,0.0,1.0,0.0,0.9318944474650244,1.6249126421856002,-0.9016455239266805,0.36097002131392514,0.9258737865415383,0.972563750549889,0.5432126059980491,-0.14125327883151229,-0.1781057493664113,0.41877544922480325,-0.632834588424933,-0.1474557687191013
1.0,0.0,0.0,0.0,0.0,1.0,0.0,0.0,0.0,0.0,0.0,0.0,1.0,1.0,0.0,0.0,0.0,0.7884714959884594,0.3221796729005131,-1.1951880800614625,0.7493744293237493,0.9258737865415383,-0.2605524363076309,0.19971545044750577,-0.14125327883151229,-0.1781057493664113,1.0032374144732275,-0.632834588424933,-0.1474557687191013
1.0,0.0,0.0,0.0,0.0,1.0,1.0,0.0,0.0,0.0,0.0,0.0,0.0,0.0,1.0,0.0,0.0,-1.362872776160014,-0.14848514180893754,1.4466949251515757,1.9145876533532222,0.39866962378880066,0.38281253074846644,-0.6475775332438344,-0.14125327883151229,-0.1781057493664113,1.2954683970974397,-0.632834588424933,-0.1474557687191013
0.0,0.0,1.0,0.0,0.0,1.0,0.0,0.0,0.0,1.0,0.0,0.0,0.0,1.0,0.0,0.0,0.0,0.6450485445118945,1.5324606250105297,-1.2930355987730566,1.429082143340942,-0.01815116738758247,0.6355630535205045,2.0774999007904755,-0.14125327883151229,-0.1781057493664113,-0.16568651602362097,1.580191756725731,-0.1474557687191013
0.0,0.0,1.0,0.0,0.0,1.0,0.0,1.0,0.0,0.0,0.0,0.0,0.0,1.0,0.0,0.0,0.0,0.6450485445118945,1.9611017955494936,-0.9016455239266805,-0.6100409987106356,0.9258737865415383,1.2482915935739307,1.4019554948744073,-0.14125327883151229,-0.1781057493664113,0.12654446660059115,-0.632834588424933,-0.1474557687191013
0.0,0.0,0.0,1.0,0.0,1.0,0.0,0.0,0.0,0.0,1.0,0.0,0.0,0.0,0.0,0.0,1.0,-0.6457580187771894,-1.9050734681352806,0.4192959786798386,-0.7071421007130917,0.1070598212661927,-1.4400548759104759,-0.6475775332438344,-0.14125327883151229,-0.1781057493664113,-1.3346104465204693,-0.632834588424933,-0.1474557687191013
0.0,0.0,0.0,1.0,0.0,1.0,0.0,0.0,1.0,0.0,0.0,0.0,0.0,0.0,0.0,0.0,1.0,-0.3589121158240597,-1.081410042393742,0.8596098128820115,-0.41583879470572344,-1.9589214915210977,-0.5975531333370152,-0.61322781768878,-0.14125327883151229,-0.1781057493664113,1.5876993797216516,1.580191756725731,-0.1474557687191013
0.0,1.0,0.0,0.0,0.0,1.0,0.0,0.0,1.0,0.0,0.0,0.0,0.0,1.0,0.0,0.0,0.0,0.7884714959884594,-0.3165797184908843,1.1042286096609966,0.6522733273212932,0.9258737865415383,0.13772111472709594,-0.05218246362289261,-0.14125327883151229,-0.1781057493664113,-0.7501484812720451,1.580191756725731,-0.1474557687191013
1.0,0.0,0.0,0.0,0.0,1.0,0.0,0.0,0.0,0.0,0.0,1.0,0.0,1.0,0.0,0.0,0.0,0.6450485445118945,1.1794620139784415,-0.5591792084361015,2.497194265367958,0.9258737865415383,0.8040634020351969,1.4363052104294618,-0.14125327883151229,-0.1781057493664113,0.7110064318490154,-0.632834588424933,-0.1474557687191013
1.0,0.0,0.0,0.0,1.0,0.0,0.0,0.0,0.0,1.0,0.0,0.0,0.0,0.0,0.0,0.0,1.0,-0.6457580187771894,0.28856075756412386,0.7617622941704176,-1.2897487127278282,0.9258737865415383,0.574290199515162,-0.6475775332438344,-0.14125327883151229,-0.1781057493664113,0.7110064318490154,1.580191756725731,-0.1474557687191013
0.0,0.0,0.0,1.0,0.0,1.0,0.0,0.0,1.0,0.0,0.0,0.0,0.0,0.0,0.0,1.0,0.0,0.9318944474650244,-1.6529316031123606,-1.0973405613498686,2.5942953673704148,0.9258737865415383,-1.8000328931918637,-0.4758289554685627,-0.14125327883151229,-0.1781057493664113,-1.3346104465204693,1.580191756725731,-0.1474557687191013
1.0,0.0,0.0,0.0,0.0,1.0,0.0,0.0,1.0,0.0,0.0,0.0,0.0,0.0,0.0,1.0,0.0,1.5055862533712838,-0.8712918215413086,1.2999236470841846,-0.6100409987106356,-1.4135946856737347,-0.2988479700609701,-0.6475775332438344,-0.14125327883151229,8.026759273212457,1.2954683970974397,1.580191756725731,0.14483166044971327
0.0,0.0,1.0,0.0,1.0,0.0,0.0,0.0,0.0,0.0,0.0,0.0,1.0,1.0,0.0,0.0,0.0,0.21477969008219988,2.0031254397199802,-0.9505692832824775,-0.22163659070081138,0.9258737865415383,1.2482915935739307,2.1690991422706207,-0.14125327883151229,-0.1781057493664113,0.41877544922480325,-0.632834588424933,-0.1474557687191013
0.0,0.0,1.0,0.0,0.0,1.0,1.0,0.0,0.0,0.0,0.0,0.0,0.0,1.0,0.0,0.0,0.0,0.6450485445118945,1.3391518618262908,-0.06994161487813147,0.555172225318837,-0.7430568911725967,1.1717005260672526,2.0546000904204393,-0.14125327883151229,-0.1781057493664113,-0.16568651602362097,-0.632834588424933,-0.1474557687191013
1.0,0.0,0.0,0.0,0.0,1.0,0.0,0.0,0.0,0.0,0.0,1.0,0.0,1.0,0.0,0.0,0.0,0.07135673860563499,1.070200539135176,-0.06994161487813147,1.0406777353311174,0.9258737865415383,0.9419273235472178,2.810293832631635,-0.14125327883151229,-0.1781057493664113,0.7110064318490154,-0.632834588424933,-0.1474557687191013
0.0,1.0,0.0,0.0,0.0,1.0,0.0,0.0,0.0,0.0,0.0,0.0,1.0,0.0,1.0,0.0,0.0,-1.5062957276365787,0.05322835020939839,0.7128385348146206,0.4580711233163813,-0.42179185449514717,0.3521761037457951,-0.6475775332438344,-0.14125327883151229,-0.1781057493664113,-1.0423794638962574,-0.632834588424933,-0.1474557687191013
1.0,0.0,0.0,0.0,0.0,1.0,0.0,0.0,0.0,0.0,0.0,0.0,1.0,1.0,0.0,0.0,0.0,0.3582026415587648,0.38101277473919465,-0.9505692832824775,0.7493744293237493,0.8665633182318553,-0.06907476754093532,1.2187570119141173,-0.14125327883151229,-0.1781057493664113,1.0032374144732275,-0.632834588424933,-0.1474557687191013
0.0,0.0,0.0,1.0,0.0,1.0,0.0,0.0,0.0,0.0,0.0,0.0,1.0,0.0,0.0,1.0,0.0,1.6490092048478489,-1.8714545527988915,-0.7059504865034925,-1.2897487127278282,0.8896285003522876,-1.8000328931918637,-0.6475775332438344,-0.14125327883151229,-0.1781057493664113,1.5876993797216516,-0.632834588424933,-0.1474557687191013
0.0,0.0,0.0,1.0,0.0,1.0,0.0,0.0,0.0,0.0,0.0,1.0,0.0,0.0,1.0,0.0,0.0,-0.9326039217303193,-2.132001146655909,-1.0484168019940716,1.1377788373335735,0.9258737865415383,-2.1676700172239194,-0.6475775332438344,-0.14125327883151229,-0.1781057493664113,-1.3346104465204693,-0.632834588424933,-0.1474557687191013
0.0,0.0,0.0,1.0,0.0,1.0,0.0,0.0,0.0,0.0,1.0,0.0,0.0,0.0,0.0,0.0,1.0,-0.2154891643474948,-1.5184559417668033,-0.8527217645708836,-1.192647610725372,0.594723671812475,-1.570259690671829,0.0852163985973247,-0.14125327883151229,3.667924729967433,-1.3346104465204693,-0.632834588424933,-0.01044603629621947
0.0,0.0,1.0,0.0,1.0,0.0,0.0,0.0,0.0,0.0,0.0,0.0,1.0,0.0,0.0,0.0,1.0,-0.7891809702537543,1.2887234888217067,0.7617622941704176,-0.7071421007130917,0.4316198839608468,1.455087475841962,-0.6475775332438344,-0.14125327883151229,-0.1781057493664113,0.41877544922480325,-0.632834588424933,-0.1474557687191013
0.0,1.0,0.0,0.0,0.0,1.0,0.0,0.0,0.0,1.0,0.0,0.0,0.0,0.0,0.0,1.0,0.0,1.5055862533712838,-0.8712918215413086,1.4466949251515757,0.263868919311469,-1.3460466523210401,-0.2605524363076309,-0.6475775332438344,-0.14125327883151229,-0.1781057493664113,-0.7501484812720451,1.580191756725731,-0.1474557687191013
0.0,0.0,1.0,0.0,0.0,1.0,0.0,0.0,0.0,0.0,0.0,1.0,0.0,0.0,0.0,1.0,0.0,1.362163301894719,1.011367437296495,1.3488474064399816,-1.3868498147302841,-0.9358159131790663,1.3938146218366194,-0.6475775332438344,-0.14125327883151229,-0.1781057493664113,0.12654446660059115,-0.632834588424933,-0.1474557687191013
0.0,1.0,0.0,0.0,0.0,1.0,0.0,0.0,0.0,0.0,0.0,1.0,0.0,0.0,1.0,0.0,0.0,-1.5062957276365787,0.3726080459050972,0.9574573315936056,-1.095546508722916,-1.9127911272802331,0.7121541210271828,-0.6475775332438344,-0.14125327883151229,-0.1781057493664113,-0.4579174986478331,-0.632834588424933,-0.1474557687191013
0.0,1.0,0.0,0.0,0.0,1.0,0.0,0.0,1.0,0.0,0.0,0.0,0.0,0.0,1.0,0.0,0.0,-1.219449824683449,-0.12327095530664564,-0.2656366523013195,-0.6100409987106356,0.767712537715717,-0.1533249417982814,-0.6475775332438344,-0.14125327883151229,-0.1781057493664113,-0.4579174986478331,1.580191756725731,-0.1474557687191013
1.0,0.0,0.0,0.0,0.0,1.0,0.0,0.0,1.0,0.0,0.0,0.0,0.0,0.0,1.0,0.0,0.0,-1.076026873206884,-0.5014837528410258,1.0063810909494026,-0.5129398967081796,0.21250065381674021,-0.053756554039599655,-0.6475775332438344,-0.14125327883151229,-0.1781057493664113,1.0032374144732275,1.580191756725731,-0.1474557687191013
0.0,0.0,0.0,1.0,0.0,1.0,0.0,1.0,0.0,0.0,0.0,0.0,0.0,0.0,1.0,0.0,0.0,-1.6497186791131437,-1.1738620595688127,0.07682966318925954,-0.9984454067204599,0.6688617571995786,-0.9192356168650639,-0.6475775332438344,-0.14125327883151229,-0.1781057493664113,-1.3346104465204693,-0.632834588424933,-0.1474557687191013
1.0,0.0,0.0,0.0,0.0,1.0,0.0,0.0,0.0,0.0,0.0,1.0,0.0,0.0,0.0,1.0,0.0,0.9318944474650244,-0.24093715898400836,0.7617622941704176,-0.5129398967081796,-1.8930209711770054,0.10708468772442468,-0.6475775332438344,-0.14125327883151229,-0.1781057493664113,1.2954683970974397,-0.632834588424933,-0.1474557687191013
0.0,0.0,0.0,1.0,0.0,1.0,1.0,0.0,0.0,0.0,0.0,0.0,0.0,0.0,0.0,1.0,0.0,1.6490092048478489,-1.0730053135596445,1.0553048503051996,-0.9013443047180038,-1.9342087963920631,-0.5362802793316727,-0.6475775332438344,-0.14125327883151229,-0.1781057493664113,1.5876993797216516,-0.632834588424933,-0.1474557687191013
0.0,0.0,1.0,0.0,0.0,1.0,0.0,1.0,0.0,0.0,0.0,0.0,0.0,0.0,0.0,0.0,1.0,-0.5023350673006246,1.12062891213976,0.5171434973914326,-1.192647610725372,0.19932054974792177,1.2176551665712594,0.6004621319231397,-0.14125327883151229,-0.1781057493664113,0.12654446660059115,-0.632834588424933,-0.1474557687191013
0.0,1.0,0.0,0.0,0.0,1.0,0.0,0.0,0.0,0.0,0.0,0.0,1.0,1.0,0.0,0.0,0.0,0.7884714959884594,-0.2241277013158136,-1.0484168019940716,-0.7071421007130917,0.9258737865415383,-0.6052122400876832,0.11956611415237905,-0.14125327883151229,-0.1781057493664113,-1.0423794638962574,-0.632834588424933,-0.1474557687191013
0.0,0.0,1.0,0.0,0.0,1.0,0.0,0.0,1.0,0.0,0.0,0.0,0.0,0.0,0.0,1.0,0.0,1.2187403504181542,1.2214856581489282,-0.6081029677918985,-0.5129398967081796,0.9258737865415383,0.8117225087858646,-0.6361276280588162,-0.14125327883151229,-0.1781057493664113,0.41877544922480325,1.580191756725731,-0.1474557687191013
0.0,0.0,0.0,1.0,0.0,1.0,0.0,0.0,0.0,0.0,0.0,1.0,0.0,0.0,0.0,1.0,0.0,1.6490092048478489,-1.1402431442324232,-1.5865781549078386,1.5261832453433977,0.9258737865415383,-1.6851462919318463,-0.6475775332438344,-0.14125327883151229,-0.1781057493664113,-1.3346104465204693,-0.632834588424933,-0.1474557687191013
0.0,1.0,0.0,0.0,0.0,1.0,1.0,0.0,0.0,0.0,0.0,0.0,0.0,0.0,0.0,0.0,1.0,-0.3589121158240597,0.5407026225870439,-0.7059504865034925,-0.41583879470572344,-0.7298767871037782,0.1989939687324386,1.5050046415395701,-0.14125327883151229,-0.1781057493664113,-0.4579174986478331,-0.632834588424933,-0.1474557687191013
0.0,0.0,1.0,0.0,0.0,1.0,0.0,0.0,0.0,1.0,0.0,0.0,0.0,1.0,0.0,0.0,0.0,0.21477969008219988,1.793007218867547,-0.8527217645708836,1.1377788373335735,0.876448396283469,1.141064099064581,2.0202503748653853,-0.14125327883151229,-0.1781057493664113,0.12654446660059115,1.580191756725731,-0.1474557687191013
0.0,1.0,0.0,0.0,0.0,1.0,0.0,0.0,1.0,0.0,0.0,0.0,0.0,0.0,0.0,1.0,0.0,1.0753173989415892,-0.45105537983644167,1.0553048503051996,1.0406777353311174,-1.9836341866501321,0.0075162999657429706,-0.5903280073187437,-0.14125327883151229,-0.1781057493664113,-1.0423794638962574,1.580191756725731,-0.1474557687191013
1.0,0.0,0.0,0.0,0.0,1.0,0.0,0.0,0.0,0.0,0.0,1.0,0.0,0.0,0.0,0.0,1.0,-0.7891809702537543,-0.383817549163663,1.2020761283725907,-0.9984454067204599,-1.6953194101447289,0.10708468772442468,-0.6475775332438344,-0.14125327883151229,-0.1781057493664113,1.2954683970974397,-0.632834588424933,-0.1474557687191013
1.0,0.0,0.0,0.0,0.0,1.0,0.0,0.0,1.0,0.0,0.0,0.0,0.0,0.0,0.0,0.0,1.0,-0.6457580187771894,0.6835830127666986,1.2509998877283877,-1.3868498147302841,0.9258737865415383,1.0721321383085707,-0.5903280073187437,-0.14125327883151229,-0.1781057493664113,0.7110064318490154,1.580191756725731,-0.1474557687191013
0.0,0.0,1.0,0.0,0.0,1.0,0.0,0.0,1.0,0.0,0.0,0.0,0.0,0.0,0.0,0.0,1.0,-0.3589121158240597,1.5324606250105297,-0.021017855522334466,0.16676781730901283,0.2635735570834117,1.3555190880832801,0.7722107096984112,-0.14125327883151229,-0.1781057493664113,0.41877544922480325,1.580191756725731,-0.1474557687191013
0.0,0.0,1.0,0.0,0.0,1.0,1.0,0.0,0.0,0.0,0.0,0.0,0.0,0.0,0.0,1.0,0.0,1.2187403504181542,1.6081031845174059,-0.021017855522334466,0.16676781730901283,0.3871370327285845,1.4167919420886228,-0.6246777228737981,-0.14125327883151229,-0.1781057493664113,0.41877544922480325,-0.632834588424933,-0.1474557687191013
0.0,1.0,0.0,0.0,0.0,1.0,0.0,0.0,0.0,0.0,1.0,0.0,0.0,0.0,0.0,1.0,0.0,1.2187403504181542,0.09525199437988507,-2.1247395078216056,0.8464755313262055,0.9258737865415383,-1.2562363138944483,-0.6475775332438344,-0.14125327883151229,-0.1781057493664113,-0.7501484812720451,-0.632834588424933,-0.1474557687191013
0.0,0.0,1.0,0.0,0.0,1.0,0.0,0.0,0.0,1.0,0.0,0.0,0.0,0.0,0.0,0.0,1.0,-0.3589121158240597,0.8432728606145482,0.46821973803563555,0.16676781730901283,-1.5750509605167606,0.9572455370485534,1.2302069170991357,-0.14125327883151229,-0.1781057493664113,-0.16568651602362097,1.580191756725731,-0.1474557687191013
1.0,0.0,0.0,0.0,0.0,1.0,0.0,0.0,0.0,0.0,0.0,0.0,1.0,0.0,0.0,1.0,0.0,1.2187403504181542,-0.4594601086705391,0.027905903833462538,-0.9984454067204599,0.9258737865415383,-0.32948439706364135,-0.6475775332438344,-0.14125327883151229,-0.1781057493664113,1.0032374144732275,-0.632834588424933,-0.1474557687191013
0.0,1.0,0.0,0.0,0.0,1.0,0.0,1.0,0.0,0.0,0.0,0.0,0.0,0.0,0.0,0.0,1.0,-0.07206621287092989,0.6583688262644065,-1.5376543955520416,-0.02743438669589927,0.9258737865415383,-0.24523422280629528,2.913342979296798,-0.14125327883151229,-0.1781057493664113,-0.4579174986478331,-0.632834588424933,-0.1474557687191013
0.0,1.0,0.0,0.0,0.0,1.0,0.0,0.0,0.0,1.0,0.0,0.0,0.0,0.0,0.0,0.0,1.0,-0.3589121158240597,0.24653711339363718,-1.1951880800614625,-0.41583879470572344,0.9258737865415383,-0.3218252903129736,0.4974129852579766,-0.14125327883151229,-0.1781057493664113,-0.4579174986478331,1.580191756725731,-0.1474557687191013
0.0,0.0,0.0,1.0,0.0,1.0,0.0,0.0,0.0,0.0,0.0,0.0,1.0,0.0,0.0,0.0,1.0,-0.2154891643474948,-1.5520748571031928,-0.11886537423392847,-0.6100409987106356,0.5156430473995643,-1.309850061149123,-0.32698018806332724,-0.14125327883151229,4.949934889745381,1.5876993797216516,-0.632834588424933,0.03522387451140782
0.0,0.0,0.0,1.0,0.0,1.0,0.0,0.0,0.0,1.0,0.0,0.0,0.0,0.0,1.0,0.0,0.0,-1.5062957276365787,-1.804216722126113,-0.9016455239266805,-0.1245354886983552,0.9258737865415383,-1.8306693201945352,-0.6475775332438344,-0.14125327883151229,-0.1781057493664113,1.5876993797216516,1.580191756725731,-0.1474557687191013
0.0,1.0,0.0,0.0,0.0,1.0,0.0,0.0,0.0,0.0,0.0,1.0,0.0,0.0,0.0,0.0,1.0,-0.2154891643474948,0.07003780787759316,-0.9016455239266805,-0.9013443047180038,-1.403709607622121,-0.29118886331030225,1.1844072963590633,-0.14125327883151229,-0.1781057493664113,-1.0423794638962574,-0.632834588424933,-0.1474557687191013
0.0,0.0,1.0,0.0,0.0,1.0,0.0,0.0,0.0,0.0,0.0,0.0,1.0,0.0,0.0,1.0,0.0,1.6490092048478489,0.7760350299417694,1.2020761283725907,0.8464755313262055,-1.5618708564479422,1.141064099064581,-0.6475775332438344,-0.14125327883151229,-0.1781057493664113,-0.16568651602362097,-0.632834588424933,-0.1474557687191013
1.0,0.0,0.0,0.0,0.0,1.0,0.0,0.0,0.0,1.0,0.0,0.0,0.0,1.0,0.0,0.0,0.0,0.3582026415587648,0.8684870471168399,0.6639147754588236,0.4580711233163813,-1.2455483587962997,1.0491548180565673,0.18826554526248765,-0.14125327883151229,-0.1781057493664113,0.7110064318490154,1.580191756725731,-0.1474557687191013
0.0,0.0,1.0,0.0,0.0,1.0,0.0,0.0,0.0,0.0,0.0,0.0,1.0,0.0,1.0,0.0,0.0,-1.076026873206884,0.9693437931260082,1.3488474064399816,2.20589095936059,0.8731533702662645,1.3555190880832801,-0.6475775332438344,-0.14125327883151229,-0.1781057493664113,0.41877544922480325,-0.632834588424933,-0.1474557687191013
1.0,0.0,0.0,0.0,0.0,1.0,0.0,1.0,0.0,0.0,0.0,0.0,0.0,0.0,0.0,0.0,1.0,-0.5023350673006246,-0.08965203997025627,0.9085335722378086,-1.2897487127278282,-0.9012181399984179,0.2832441429897847,-0.510178671023617,-0.14125327883151229,-0.1781057493664113,1.0032374144732275,-0.632834588424933,-0.1474557687191013
0.0,0.0,0.0,1.0,0.0,1.0,0.0,0.0,0.0,0.0,0.0,0.0,1.0,0.0,0.0,0.0,1.0,-0.2154891643474948,-1.1738620595688127,0.27252470061244755,-1.6781531207376523,-0.35259630813385034,-0.8503036561090535,0.07376649341230658,-0.14125327883151229,0.334698314544768,1.5876993797216516,-0.632834588424933,-0.12918780439605038
1.0,0.0,0.0,0.0,0.0,1.0,0.0,1.0,0.0,0.0,0.0,0.0,0.0,1.0,0.0,0.0,0.0,0.3582026415587648,0.5827262667575306,-0.5102554490803045,0.36097002131392514,-1.403709607622121,0.32919878349379156,1.3218061585792804,-0.14125327883151229,-0.1781057493664113,1.0032374144732275,-0.632834588424933,-0.1474557687191013
0.0,0.0,1.0,0.0,0.0,1.0,0.0,0.0,0.0,0.0,0.0,1.0,0.0,0.0,0.0,1.0,0.0,1.2187403504181542,0.7172019281030881,0.17467718190085355,1.5261832453433977,0.9258737865415383,0.7351314412791863,-0.5445283865786714,-0.14125327883151229,-0.1781057493664113,-0.16568651602362097,-0.632834588424933,-0.1474557687191013
0.0,1.0,0.0,0.0,0.0,1.0,0.0,0.0,0.0,0.0,1.0,0.0,0.0,0.0,1.0,0.0,0.0,-0.9326039217303193,0.48186952074836265,1.8870087593537486,-0.8042432027155477,0.80560533691357,1.0721321383085707,-0.6475775332438344,-0.14125327883151229,-0.1781057493664113,-0.4579174986478331,-0.632834588424933,-0.1474557687191013
0.0,0.0,0.0,1.0,0.0,1.0,0.0,0.0,1.0,0.0,0.0,0.0,0.0,0.0,1.0,0.0,0.0,-0.9326039217303193,-1.43440865342583,1.0063810909494026,-0.22163659070081138,-0.38884159432310106,-0.873280976361057,-0.6475775332438344,-0.14125327883151229,-0.1781057493664113,1.5876993797216516,1.580191756725731,-0.1474557687191013
0.0,1.0,0.0,0.0,0.0,1.0,0.0,0.0,0.0,0.0,0.0,0.0,1.0,0.0,0.0,1.0,0.0,0.9318944474650244,-0.29136553198859233,-0.8037980052150865,0.263868919311469,0.9258737865415383,-0.5362802793316727,-0.4872788606535808,-0.14125327883151229,-0.1781057493664113,-1.0423794638962574,-0.632834588424933,-0.1474557687191013
1.0,0.0,0.0,0.0,0.0,1.0,0.0,0.0,1.0,0.0,0.0,0.0,0.0,0.0,0.0,0.0,1.0,-0.3589121158240597,-0.40062700683185765,-0.16778913358972547,2.20589095936059,0.6836893742769994,-0.344802610564977,0.37146402822277746,-0.14125327883151229,-0.1781057493664113,1.0032374144732275,1.580191756725731,-0.1474557687191013
0.0,0.0,1.0,0.0,0.0,1.0,0.0,1.0,0.0,0.0,0.0,0.0,0.0,1.0,0.0,0.0,0.0,0.5016255930353297,0.7676303011076719,0.07682966318925954,-0.41583879470572344,0.7726550767415239,0.7427905480298542,-0.25828075695321856,-0.14125327883151229,-0.1781057493664113,-0.16568651602362097,-0.632834588424933,-0.1474557687191013
0.0,0.0,0.0,1.0,1.0,0.0,1.0,0.0,0.0,0.0,0.0,0.0,0.0,0.0,1.0,0.0,0.0,-1.362872776160014,-1.1906715172370073,1.0063810909494026,-0.9984454067204599,-1.1565826563317751,-0.65116688059169,-0.6475775332438344,-0.14125327883151229,1.873110506278306,1.5876993797216516,-0.632834588424933,-0.07438391142689764
0.0,0.0,1.0,0.0,0.0,1.0,0.0,0.0,0.0,0.0,0.0,0.0,1.0,0.0,0.0,0.0,1.0,-0.6457580187771894,0.9693437931260082,1.8870087593537486,-1.3868498147302841,-2.072599889114657,1.5087012230966368,-0.5674281969487076,0.31590634773155957,-0.1781057493664113,0.12654446660059115,-0.632834588424933,0.30924333935717147
0.0,0.0,0.0,1.0,0.0,1.0,0.0,0.0,0.0,0.0,1.0,0.0,0.0,0.0,0.0,1.0,0.0,1.0753173989415892,-1.0309816693891578,0.6149910161030265,-0.8042432027155477,-0.8484977237231441,-0.6205304535890187,-0.6475775332438344,-0.14125327883151229,1.873110506278306,1.5876993797216516,-0.632834588424933,-0.07438391142689764
0.0,0.0,1.0,0.0,0.0,1.0,0.0,0.0,0.0,0.0,0.0,1.0,0.0,0.0,1.0,0.0,0.0,-1.5062957276365787,1.3475565906603884,0.27252470061244755,-0.5129398967081796,0.9258737865415383,1.317223554329941,-0.6475775332438344,-0.14125327883151229,-0.1781057493664113,0.12654446660059115,-0.632834588424933,-0.1474557687191013
0.0,0.0,1.0,0.0,0.0,1.0,0.0,0.0,0.0,0.0,0.0,1.0,0.0,0.0,0.0,0.0,1.0,-0.2154891643474948,1.3559613194944855,-0.16778913358972547,-0.1245354886983552,-0.05604396658543548,1.141064099064581,2.0546000904204393,-0.14125327883151229,-0.1781057493664113,0.12654446660059115,-0.632834588424933,-0.1474557687191013
0.0,0.0,1.0,0.0,0.0,1.0,0.0,1.0,0.0,0.0,0.0,0.0,0.0,0.0,0.0,1.0,0.0,1.0753173989415892,0.9105106912873266,-0.36348417101291347,0.555172225318837,0.9258737865415383,0.6738585872738436,-0.510178671023617,-0.14125327883151229,-0.1781057493664113,-0.16568651602362097,-0.632834588424933,-0.1474557687191013
0.0,1.0,0.0,0.0,0.0,1.0,0.0,0.0,0.0,0.0,0.0,1.0,0.0,0.0,1.0,0.0,0.0,-1.362872776160014,-0.6443641430206805,0.3703722193240416,-1.095546508722916,-1.3427516263038357,-0.3601208240663127,-0.6475775332438344,-0.14125327883151229,-0.1781057493664113,-1.0423794638962574,-0.632834588424933,-0.1474557687191013
0.0,0.0,0.0,1.0,0.0,1.0,0.0,0.0,0.0,0.0,0.0,1.0,0.0,0.0,0.0,1.0,0.0,0.9318944474650244,-1.4932417552645114,-1.7333494329752295,1.6232843473458538,0.9258737865415383,-2.0681016294652377,-0.6361276280588162,-0.14125327883151229,-0.1781057493664113,1.5876993797216516,-0.632834588424933,-0.1474557687191013
0.0,1.0,0.0,0.0,0.0,1.0,1.0,0.0,0.0,0.0,0.0,0.0,0.0,0.0,0.0,1.0,0.0,1.362163301894719,-0.6107452276842911,0.07682966318925954,0.4580711233163813,-1.2982687750715733,-0.42905278482232306,-0.6475775332438344,-0.14125327883151229,-0.1781057493664113,-1.0423794638962574,-0.632834588424933,-0.1474557687191013
0.0,0.0,1.0,0.0,0.0,1.0,0.0,1.0,0.0,0.0,0.0,0.0,0.0,0.0,0.0,0.0,1.0,-0.2154891643474948,1.5744842691810164,-0.36348417101291347,-0.22163659070081138,0.7611224856813077,1.232973380072595,1.3103562533942623,-0.14125327883151229,-0.1781057493664113,0.12654446660059115,-0.632834588424933,-0.1474557687191013
1.0,0.0,0.0,0.0,0.0,1.0,0.0,0.0,1.0,0.0,0.0,0.0,0.0,0.0,0.0,0.0,1.0,-0.6457580187771894,0.13727563855037175,0.8596098128820115,-0.9013443047180038,0.9258737865415383,0.47472181175648026,-0.6246777228737981,-0.14125327883151229,-0.1781057493664113,0.7110064318490154,1.580191756725731,-0.1474557687191013
1.0,0.0,0.0,0.0,0.0,1.0,0.0,0.0,1.0,0.0,0.0,0.0,0.0,0.0,0.0,1.0,0.0,0.9318944474650244,0.8516775894486454,-1.0973405613498686,1.0406777353311174,0.9258737865415383,0.22197128898444207,-0.10943198954798321,-0.14125327883151229,-0.1781057493664113,0.7110064318490154,1.580191756725731,-0.1474557687191013
0.0,0.0,0.0,1.0,0.0,1.0,0.0,0.0,0.0,0.0,0.0,0.0,1.0,0.0,1.0,0.0,0.0,-1.076026873206884,-2.056358587149033,-0.021017855522334466,-0.41583879470572344,0.7726550767415239,-1.70812361218385,-0.6475775332438344,-0.14125327883151229,-0.1781057493664113,1.5876993797216516,-0.632834588424933,-0.1474557687191013
0.0,1.0,0.0,0.0,0.0,1.0,0.0,0.0,0.0,0.0,0.0,1.0,0.0,0.0,0.0,1.0,0.0,0.9318944474650244,0.6415593685962119,-0.9016455239266805,-0.3187376927032675,0.9258737865415383,0.17601664848043508,0.5661124163680854,-0.14125327883151229,-0.1781057493664113,-0.4579174986478331,-0.632834588424933,-0.1474557687191013
0.0,0.0,1.0,0.0,0.0,1.0,0.0,0.0,0.0,0.0,0.0,1.0,0.0,0.0,1.0,0.0,0.0,-1.362872776160014,0.8348681317804507,1.9359325187095457,-1.5810520187351962,-0.6788038838371068,1.4014737285872874,-0.6475775332438344,-0.14125327883151229,-0.1781057493664113,0.12654446660059115,-0.632834588424933,-0.1474557687191013
1.0,0.0,0.0,0.0,0.0,1.0,0.0,0.0,0.0,0.0,0.0,0.0,1.0,0.0,0.0,1.0,0.0,1.6490092048478489,0.7676303011076719,0.17467718190085355,-0.9013443047180038,0.9258737865415383,0.7810860817831934,-0.6475775332438344,-0.14125327883151229,-0.1781057493664113,0.7110064318490154,-0.632834588424933,-0.1474557687191013
0.0,0.0,0.0,1.0,0.0,1.0,0.0,1.0,0.0,0.0,0.0,0.0,0.0,0.0,0.0,0.0,1.0,-0.3589121158240597,-1.1906715172370073,-0.2656366523013195,-0.8042432027155477,-0.21420521541125676,-1.049440431626417,0.17681564007746953,-0.14125327883151229,-0.1781057493664113,-1.3346104465204693,-0.632834588424933,-0.1474557687191013
0.0,1.0,0.0,0.0,0.0,1.0,1.0,0.0,0.0,0.0,0.0,0.0,0.0,0.0,1.0,0.0,0.0,-1.076026873206884,-0.14008041297484025,0.07682966318925954,-0.9013443047180038,-0.8336701066457234,-0.038438340538264025,-0.6475775332438344,-0.14125327883151229,-0.1781057493664113,-0.7501484812720451,-0.632834588424933,-0.1474557687191013
1.0,0.0,0.0,0.0,0.0,1.0,0.0,0.0,1.0,0.0,0.0,0.0,0.0,0.0,0.0,0.0,1.0,-0.07206621287092989,0.8096539452781586,-0.16778913358972547,0.9435766333286616,-0.2323278585058821,0.6738585872738436,1.4821048311695342,-0.14125327883151229,-0.1781057493664113,0.7110064318490154,1.580191756725731,-0.1474557687191013
0.0,1.0,0.0,0.0,0.0,1.0,0.0,0.0,0.0,1.0,0.0,0.0,0.0,0.0,1.0,0.0,0.0,-1.6497186791131437,-0.4426506510023444,0.9574573315936056,0.06966671530655688,0.49916791731354127,-0.01546102028626056,-0.6475775332438344,-0.14125327883151229,-0.1781057493664113,-0.7501484812720451,1.580191756725731,-0.1474557687191013
0.0,0.0,1.0,0.0,0.0,1.0,0.0,0.0,1.0,0.0,0.0,0.0,0.0,1.0,0.0,0.0,0.0,0.7884714959884594,1.5492700826787242,-0.2656366523013195,1.9145876533532222,0.8830384483178783,1.2559507003245984,1.665303314129824,-0.14125327883151229,-0.1781057493664113,0.12654446660059115,1.580191756725731,-0.1474557687191013
1.0,0.0,0.0,0.0,0.0,1.0,1.0,0.0,0.0,0.0,0.0,0.0,0.0,1.0,0.0,0.0,0.0,0.3582026415587648,0.5322978937529464,-0.2656366523013195,-0.3187376927032675,0.9258737865415383,0.39813074424980205,0.13101601933739718,-0.14125327883151229,-0.1781057493664113,0.7110064318490154,-0.632834588424933,-0.1474557687191013
0.0,0.0,0.0,1.0,0.0,1.0,0.0,0.0,0.0,0.0,0.0,1.0,0.0,0.0,0.0,1.0,0.0,1.362163301894719,-0.6191499565183884,-0.6081029677918985,-0.9013443047180038,-1.1714102734091958,-0.7124397345970326,-0.6475775332438344,-0.14125327883151229,-0.1781057493664113,-1.3346104465204693,-0.632834588424933,-0.1474557687191013
0.0,1.0,0.0,0.0,0.0,1.0,0.0,0.0,0.0,0.0,0.0,0.0,1.0,0.0,1.0,0.0,0.0,-1.076026873206884,-0.8796965503754058,0.12575342254505653,-0.02743438669589927,0.9225787605243336,-0.6435077738410222,-0.6475775332438344,-0.14125327883151229,-0.1781057493664113,-1.0423794638962574,-0.632834588424933,-0.1474557687191013
0.0,1.0,0.0,0.0,0.0,1.0,0.0,0.0,0.0,0.0,1.0,0.0,0.0,0.0,0.0,1.0,0.0,1.6490092048478489,-0.207318243647619,0.17467718190085355,0.36097002131392514,0.42173480590923296,-0.053756554039599655,-0.6475775332438344,-0.14125327883151229,-0.1781057493664113,-0.4579174986478331,-0.632834588424933,-0.1474557687191013
1.0,0.0,0.0,0.0,0.0,1.0,0.0,0.0,0.0,1.0,0.0,0.0,0.0,1.0,0.0,0.0,0.0,0.6450485445118945,0.6415593685962119,-1.1951880800614625,0.263868919311469,0.9258737865415383,-0.007801913535592693,0.7607608045133931,-0.14125327883151229,-0.1781057493664113,1.0032374144732275,1.580191756725731,-0.1474557687191013
0.0,1.0,0.0,0.0,0.0,1.0,0.0,0.0,1.0,0.0,0.0,0.0,0.0,0.0,0.0,1.0,0.0,1.362163301894719,0.5407026225870439,-1.1951880800614625,-0.41583879470572344,0.9258737865415383,-0.08439298104227094,-0.6475775332438344,-0.14125327883151229,-0.1781057493664113,-0.4579174986478331,1.580191756725731,-0.1474557687191013
0.0,0.0,0.0,1.0,0.0,1.0,0.0,0.0,1.0,0.0,0.0,0.0,0.0,0.0,0.0,1.0,0.0,1.2187403504181542,-1.736978891453334,-1.0973405613498686,-0.02743438669589927,0.6919269393200109,-1.8689648539478743,-0.6475775332438344,-0.14125327883151229,-0.1781057493664113,-1.6268414291446816,1.580191756725731,-0.1474557687191013
1.0,0.0,0.0,0.0,1.0,0.0,0.0,1.0,0.0,0.0,0.0,0.0,0.0,0.0,0.0,1.0,0.0,1.5055862533712838,0.2969654863982213,-0.5591792084361015,2.108789857358134,0.9258737865415383,0.06878915397108556,-0.6475775332438344,-0.14125327883151229,-0.1781057493664113,0.7110064318490154,-0.632834588424933,-0.1474557687191013
0.0,0.0,0.0,1.0,1.0,0.0,1.0,0.0,0.0,0.0,0.0,0.0,0.0,0.0,1.0,0.0,0.0,-1.076026873206884,-1.4764322975963167,-0.8037980052150865,-0.3187376927032675,0.8336130580598091,-1.5166459434171542,-0.6475775332438344,-0.14125327883151229,-0.1781057493664113,-1.3346104465204693,-0.632834588424933,-0.1474557687191013
0.0,0.0,0.0,1.0,0.0,1.0,0.0,0.0,0.0,1.0,0.0,0.0,0.0,0.0,1.0,0.0,0.0,-1.362872776160014,-1.4932417552645114,-1.2441118394172594,-1.5810520187351962,0.9258737865415383,-1.746419145937189,-0.6475775332438344,-0.14125327883151229,-0.1781057493664113,-1.3346104465204693,1.580191756725731,-0.1474557687191013
0.0,0.0,1.0,0.0,0.0,1.0,0.0,1.0,0.0,0.0,0.0,0.0,0.0,1.0,0.0,0.0,0.0,0.7884714959884594,0.9945579796283,1.1531523690167935,-0.8042432027155477,0.9258737865415383,1.324882661080609,0.11956611415237905,-0.14125327883151229,-0.1781057493664113,0.41877544922480325,-0.632834588424933,-0.1474557687191013
0.0,1.0,0.0,0.0,0.0,1.0,0.0,0.0,0.0,0.0,1.0,0.0,0.0,1.0,0.0,0.0,0.0,0.7884714959884594,0.8096539452781586,1.8380849999979516,-1.2897487127278282,-1.9589214915210977,1.3555190880832801,-0.5216285762086351,2.144544853983847,-0.1781057493664113,-0.4579174986478331,-0.632834588424933,2.1360397716622623
0.0,1.0,0.0,0.0,1.0,0.0,0.0,0.0,0.0,0.0,0.0,1.0,0.0,1.0,0.0,0.0,0.0,0.6450485445118945,0.5407026225870439,1.0553048503051996,-0.5129398967081796,-1.4580775369059968,0.8883135762925428,-0.04073255843787449,0.2244744224189452,-0.1781057493664113,-0.4579174986478331,-0.632834588424933,0.2179035177419169
0.0,1.0,0.0,0.0,0.0,1.0,0.0,0.0,0.0,0.0,1.0,0.0,0.0,0.0,0.0,1.0,0.0,1.2187403504181542,-0.2157229724817163,1.8870087593537486,0.06966671530655688,-1.756277391463014,0.43642627800314115,-0.6475775332438344,-0.14125327883151229,-0.1781057493664113,-1.0423794638962574,-0.632834588424933,-0.1474557687191013
1.0,0.0,0.0,0.0,0.0,1.0,0.0,0.0,1.0,0.0,0.0,0.0,0.0,0.0,1.0,0.0,0.0,-0.9326039217303193,-0.5855310411819992,0.8106860535262146,-0.7071421007130917,-0.6343210326048445,-0.1839613688009527,-0.6475775332438344,-0.14125327883151229,-0.1781057493664113,1.2954683970974397,1.580191756725731,-0.1474557687191013
0.0,0.0,0.0,1.0,0.0,1.0,0.0,0.0,0.0,0.0,1.0,0.0,0.0,0.0,1.0,0.0,0.0,-0.9326039217303193,-1.8546450951306968,-0.11886537423392847,-1.2897487127278282,0.39537459777159606,-1.5626005839211612,-0.6475775332438344,-0.14125327883151229,-0.1781057493664113,-1.3346104465204693,-0.632834588424933,-0.1474557687191013
0.0,1.0,0.0,0.0,0.0,1.0,0.0,0.0,0.0,0.0,0.0,0.0,1.0,0.0,0.0,1.0,0.0,1.2187403504181542,0.34739385940280515,0.07682966318925954,0.7493744293237493,0.9143411954813221,0.38281253074846644,-0.6475775332438344,-0.14125327883151229,-0.1781057493664113,-1.0423794638962574,-0.632834588424933,-0.1474557687191013
0.0,0.0,1.0,0.0,0.0,1.0,0.0,0.0,0.0,0.0,1.0,0.0,0.0,0.0,0.0,0.0,1.0,-0.2154891643474948,1.145843098642052,1.4466949251515757,-0.1245354886983552,-1.0478467977640231,1.5469967568499758,0.37146402822277746,0.31590634773155957,-0.1781057493664113,0.12654446660059115,-0.632834588424933,0.30924333935717147
0.0,1.0,0.0,0.0,0.0,1.0,1.0,0.0,0.0,0.0,0.0,0.0,0.0,0.0,1.0,0.0,0.0,-1.076026873206884,0.42303641890968136,1.9359325187095457,-0.02743438669589927,-2.0017568297447577,1.0261774978045637,-0.6475775332438344,0.7730659742946313,-0.1781057493664113,-0.4579174986478331,-0.632834588424933,0.7659424474334442
0.0,1.0,0.0,0.0,0.0,1.0,0.0,0.0,0.0,0.0,1.0,0.0,0.0,0.0,0.0,1.0,0.0,1.6490092048478489,-0.056033124633866886,1.2999236470841846,-0.6100409987106356,-1.761219930488821,0.4287671712524734,-0.6475775332438344,-0.14125327883151229,-0.1781057493664113,-0.4579174986478331,-0.632834588424933,-0.1474557687191013
0.0,0.0,0.0,1.0,0.0,1.0,1.0,0.0,0.0,0.0,0.0,0.0,0.0,0.0,1.0,0.0,0.0,-1.362872776160014,-2.258072079167369,-0.7548742458592895,0.8464755313262055,0.9258737865415383,-2.144692696971916,-0.6475775332438344,-0.14125327883151229,-0.1781057493664113,-1.6268414291446816,-0.632834588424933,-0.1474557687191013
0.0,1.0,0.0,0.0,0.0,1.0,0.0,0.0,0.0,0.0,0.0,1.0,0.0,1.0,0.0,0.0,0.0,0.3582026415587648,0.5659168090893361,-1.7333494329752295,0.8464755313262055,0.055986917999521255,-0.47500742532633,2.798843927446616,-0.14125327883151229,-0.1781057493664113,-0.7501484812720451,-0.632834588424933,-0.1474557687191013
0.0,1.0,0.0,0.0,0.0,1.0,0.0,0.0,0.0,0.0,0.0,1.0,0.0,0.0,1.0,0.0,0.0,-1.6497186791131437,-0.9889580252186712,0.5171434973914326,-0.9013443047180038,0.9258737865415383,-0.6128713468383509,-0.6475775332438344,-0.14125327883151229,-0.1781057493664113,-1.0423794638962574,-0.632834588424933,-0.1474557687191013
0.0,0.0,1.0,0.0,0.0,1.0,0.0,0.0,0.0,0.0,0.0,1.0,0.0,1.0,0.0,0.0,0.0,0.21477969008219988,1.019772166130592,0.9085335722378086,-0.5129398967081796,0.8451456491200253,1.2636098070752664,0.5661124163680854,-0.14125327883151229,-0.1781057493664113,0.12654446660059115,-0.632834588424933,-0.1474557687191013
1.0,0.0,0.0,0.0,0.0,1.0,0.0,0.0,0.0,0.0,0.0,1.0,0.0,0.0,0.0,1.0,0.0,1.362163301894719,-0.4594601086705391,-0.16778913358972547,0.263868919311469,0.9258737865415383,-0.39075725106898396,-0.6475775332438344,-0.14125327883151229,-0.1781057493664113,1.0032374144732275,-0.632834588424933,-0.1474557687191013
0.0,0.0,1.0,0.0,0.0,1.0,0.0,0.0,0.0,0.0,0.0,0.0,1.0,0.0,1.0,0.0,0.0,-1.362872776160014,0.9357248777896187,1.0063810909494026,-1.095546508722916,0.7314672515264663,1.2253142733219273,-0.6475775332438344,-0.14125327883151229,-0.1781057493664113,0.41877544922480325,-0.632834588424933,-0.1474557687191013
0.0,1.0,0.0,0.0,0.0,1.0,0.0,0.0,0.0,1.0,0.0,0.0,0.0,1.0,0.0,0.0,0.0,0.3582026415587648,-0.43424592216824703,-1.5376543955520416,-0.7071421007130917,0.9011610914125037,-1.0877359653797563,0.2111653556325239,-0.14125327883151229,-0.1781057493664113,-0.7501484812720451,1.580191756725731,-0.1474557687191013
0.0,1.0,0.0,0.0,0.0,1.0,0.0,0.0,0.0,0.0,0.0,0.0,1.0,0.0,0.0,0.0,1.0,-0.2154891643474948,0.38941750357329186,1.4466949251515757,-0.6100409987106356,-1.8386530418931293,0.8653362560405393,-0.2353809465831824,-0.14125327883151229,-0.1781057493664113,-0.4579174986478331,-0.632834588424933,-0.1474557687191013
0.0,0.0,1.0,0.0,0.0,1.0,0.0,0.0,0.0,0.0,0.0,0.0,1.0,0.0,0.0,1.0,0.0,1.2187403504181542,1.1794620139784415,0.4192959786798386,1.1377788373335735,0.8418506231028207,1.232973380072595,-0.5788781021337256,-0.14125327883151229,-0.1781057493664113,0.12654446660059115,-0.632834588424933,-0.1474557687191013
0.0,0.0,1.0,0.0,0.0,1.0,0.0,0.0,0.0,0.0,0.0,1.0,0.0,0.0,0.0,1.0,0.0,1.5055862533712838,0.7844397587758666,-0.21671289294552248,0.7493744293237493,0.5601258986318266,0.6355630535205045,-0.6475775332438344,-0.14125327883151229,-0.1781057493664113,-0.16568651602362097,-0.632834588424933,-0.1474557687191013
0.0,1.0,0.0,0.0,0.0,1.0,0.0,1.0,0.0,0.0,0.0,0.0,0.0,1.0,0.0,0.0,0.0,0.3582026415587648,0.918915420121424,-0.5591792084361015,0.555172225318837,-1.512445466189873,0.5819493062658299,2.638545254856363,-0.14125327883151229,-0.1781057493664113,-0.7501484812720451,-0.632834588424933,-0.1474557687191013
1.0,0.0,0.0,0.0,0.0,1.0,1.0,0.0,0.0,0.0,0.0,0.0,0.0,0.0,0.0,1.0,0.0,1.362163301894719,-0.8796965503754058,-0.9505692832824775,-1.3868498147302841,0.8731533702662645,-1.0877359653797563,-0.6475775332438344,-0.14125327883151229,-0.1781057493664113,1.2954683970974397,-0.632834588424933,-0.1474557687191013
0.0,1.0,0.0,0.0,0.0,1.0,0.0,0.0,1.0,0.0,0.0,0.0,0.0,0.0,0.0,0.0,1.0,-0.2154891643474948,-0.4930790240069284,-0.7548742458592895,-0.22163659070081138,-1.448192458854383,-0.6741442008436934,-0.16668151547307375,-0.14125327883151229,-0.1781057493664113,-1.0423794638962574,1.580191756725731,-0.1474557687191013
1.0,0.0,0.0,0.0,0.0,1.0,0.0,0.0,0.0,0.0,0.0,1.0,0.0,0.0,1.0,0.0,0.0,-1.5062957276365787,-0.2745560743203976,0.8106860535262146,-1.192647610725372,-1.2686135409167318,0.09176647422308902,-0.6475775332438344,-0.14125327883151229,-0.1781057493664113,1.2954683970974397,-0.632834588424933,-0.1474557687191013
0.0,0.0,0.0,1.0,1.0,0.0,0.0,0.0,0.0,0.0,1.0,0.0,0.0,0.0,0.0,0.0,1.0,-0.7891809702537543,-1.3167424497484672,-0.9994930426382745,-0.7071421007130917,0.9258737865415383,-1.4783504096638151,-0.6475775332438344,-0.14125327883151229,-0.1781057493664113,-1.3346104465204693,-0.632834588424933,-0.1474557687191013
0.0,0.0,0.0,1.0,0.0,1.0,0.0,0.0,0.0,0.0,1.0,0.0,0.0,1.0,0.0,0.0,0.0,0.3582026415587648,-0.7284114313616538,-0.8037980052150865,0.555172225318837,-1.1845903774780144,-0.8962582966130606,0.17681564007746953,-0.14125327883151229,-0.1781057493664113,-1.6268414291446816,-0.632834588424933,-0.1474557687191013
0.0,0.0,1.0,0.0,0.0,1.0,0.0,0.0,1.0,0.0,0.0,0.0,0.0,0.0,0.0,0.0,1.0,-0.6457580187771894,1.145843098642052,0.4192959786798386,-0.9013443047180038,0.9258737865415383,1.2023369530699237,-0.49872876583859893,-0.14125327883151229,-0.1781057493664113,0.41877544922480325,1.580191756725731,-0.1474557687191013
0.0,0.0,1.0,0.0,0.0,1.0,0.0,0.0,0.0,0.0,1.0,0.0,0.0,0.0,0.0,0.0,1.0,-0.6457580187771894,1.2214856581489282,0.6149910161030265,-0.5129398967081796,0.9258737865415383,1.3402008745819447,-0.4872788606535808,-0.14125327883151229,-0.1781057493664113,0.41877544922480325,-0.632834588424933,-0.1474557687191013
1.0,0.0,0.0,0.0,0.0,1.0,0.0,0.0,0.0,0.0,0.0,0.0,1.0,0.0,1.0,0.0,0.0,-1.076026873206884,-0.535102668177415,1.3977711657957785,-0.5129398967081796,-1.4135946856737347,0.022834513467078568,-0.6475775332438344,-0.14125327883151229,-0.1781057493664113,1.2954683970974397,-0.632834588424933,-0.1474557687191013
1.0,0.0,0.0,0.0,0.0,1.0,0.0,0.0,1.0,0.0,0.0,0.0,0.0,0.0,0.0,0.0,1.0,-0.2154891643474948,-0.07284258230206166,0.7128385348146206,0.16676781730901283,-1.7529823654458094,0.23728950248577774,0.4058137437778318,-0.14125327883151229,-0.1781057493664113,1.2954683970974397,1.580191756725731,-0.1474557687191013
0.0,0.0,0.0,1.0,0.0,1.0,0.0,1.0,0.0,0.0,0.0,0.0,0.0,0.0,0.0,0.0,1.0,-0.5023350673006246,-1.4848370264304138,1.3488474064399816,-0.5129398967081796,-1.5322156222931007,-0.82732633585705,-0.6475775332438344,-0.14125327883151229,4.949934889745381,1.5876993797216516,-0.632834588424933,0.03522387451140782
0.0,1.0,0.0,0.0,0.0,1.0,0.0,0.0,1.0,0.0,0.0,0.0,0.0,1.0,0.0,0.0,0.0,0.6450485445118945,-0.43424592216824703,-1.1951880800614625,2.885598673377783,0.8912760133608898,-0.8656218696103891,0.6004621319231397,-0.14125327883151229,-0.1781057493664113,-0.7501484812720451,1.580191756725731,-0.1474557687191013
0.0,0.0,1.0,0.0,0.0,1.0,0.0,0.0,0.0,0.0,0.0,0.0,1.0,0.0,0.0,0.0,1.0,-0.3589121158240597,0.6751782839326015,0.7128385348146206,0.263868919311469,-1.3427516263038357,0.8959726830432108,-0.15523161028805563,-0.14125327883151229,-0.1781057493664113,-0.16568651602362097,-0.632834588424933,-0.1474557687191013
0.0,0.0,0.0,1.0,0.0,1.0,0.0,0.0,1.0,0.0,0.0,0.0,0.0,0.0,1.0,0.0,0.0,-1.5062957276365787,-1.383980280421246,0.8596098128820115,1.1377788373335735,-1.41029965965653,-0.8656218696103891,-0.6475775332438344,-0.14125327883151229,-0.1781057493664113,1.5876993797216516,1.580191756725731,-0.1474557687191013
1.0,0.0,0.0,0.0,0.0,1.0,0.0,1.0,0.0,0.0,0.0,0.0,0.0,0.0,0.0,1.0,0.0,1.0753173989415892,0.2129181980572478,-0.7059504865034925,-0.22163659070081138,-1.0050114595403632,-0.07673387429160315,-0.6475775332438344,-0.14125327883151229,-0.1781057493664113,1.0032374144732275,-0.632834588424933,-0.1474557687191013
0.0,0.0,0.0,1.0,0.0,1.0,0.0,0.0,0.0,1.0,0.0,0.0,0.0,0.0,0.0,1.0,0.0,1.2187403504181542,-0.6611736006888751,1.3977711657957785,-0.3187376927032675,-1.9523314394866884,-0.08439298104227094,-0.6475775332438344,-0.14125327883151229,-0.1781057493664113,1.5876993797216516,1.580191756725731,-0.1474557687191013
0.0,1.0,0.0,0.0,0.0,1.0,1.0,0.0,0.0,0.0,0.0,0.0,0.0,1.0,0.0,0.0,0.0,0.5016255930353297,0.8096539452781586,-1.4398068768404475,-0.1245354886983552,-0.3542438211424527,-0.04609744728893182,2.3980972459709826,-0.14125327883151229,-0.1781057493664113,-0.7501484812720451,-0.632834588424933,-0.1474557687191013
1.0,0.0,0.0,0.0,0.0,1.0,0.0,0.0,0.0,1.0,0.0,0.0,0.0,0.0,0.0,0.0,1.0,-0.2154891643474948,-0.4090317356659551,1.4956186845073727,-1.2897487127278282,-0.12029697392092538,0.16069843497909947,-0.20103123102812803,-0.14125327883151229,-0.1781057493664113,1.0032374144732275,1.580191756725731,-0.1474557687191013
0.0,1.0,0.0,0.0,0.0,1.0,1.0,0.0,0.0,0.0,0.0,0.0,0.0,0.0,0.0,1.0,0.0,1.2187403504181542,0.6751782839326015,-0.7548742458592895,0.06966671530655688,-1.0709119798844553,0.2832441429897847,-0.6475775332438344,-0.14125327883151229,-0.1781057493664113,-0.7501484812720451,-0.632834588424933,-0.1474557687191013
0.0,1.0,0.0,0.0,0.0,1.0,0.0,0.0,0.0,0.0,0.0,1.0,0.0,1.0,0.0,0.0,0.0,0.3582026415587648,0.24653711339363718,-0.31456041165711646,-0.02743438669589927,0.9258737865415383,0.13772111472709594,0.749310899328375,-0.14125327883151229,-0.1781057493664113,-0.7501484812720451,-0.632834588424933,-0.1474557687191013
0.0,0.0,0.0,1.0,0.0,1.0,1.0,0.0,0.0,0.0,0.0,0.0,0.0,0.0,0.0,0.0,1.0,-0.3589121158240597,-1.05619585589145,1.7402374812863577,-1.095546508722916,-2.0412971419512127,-0.35246171731564485,-0.22393104139816428,-0.14125327883151229,9.308769432990406,-1.3346104465204693,-0.632834588424933,0.19050157125734052
0.0,0.0,1.0,0.0,0.0,1.0,0.0,0.0,0.0,0.0,0.0,0.0,1.0,1.0,0.0,0.0,0.0,0.7884714959884594,1.9611017955494936,-0.9505692832824775,-0.5129398967081796,0.9258737865415383,1.2176551665712594,0.6691615630332481,-0.14125327883151229,-0.1781057493664113,0.41877544922480325,-0.632834588424933,-0.1474557687191013
0.0,0.0,0.0,1.0,0.0,1.0,1.0,0.0,0.0,0.0,0.0,0.0,0.0,0.0,1.0,0.0,0.0,-1.6497186791131437,-1.5772890436054847,-0.2656366523013195,-1.095546508722916,-0.2899908138069628,-1.3787820219051332,-0.6475775332438344,-0.14125327883151229,-0.1781057493664113,1.5876993797216516,-0.632834588424933,-0.1474557687191013
0.0,0.0,0.0,1.0,1.0,0.0,0.0,0.0,1.0,0.0,0.0,0.0,0.0,0.0,1.0,0.0,0.0,-0.9326039217303193,-1.5772890436054847,-1.3419593581288536,0.555172225318837,0.924226273532936,-1.8689648539478743,-0.6475775332438344,-0.14125327883151229,-0.1781057493664113,-1.3346104465204693,1.580191756725731,-0.1474557687191013
0.0,0.0,1.0,0.0,0.0,1.0,0.0,0.0,0.0,0.0,1.0,0.0,0.0,0.0,0.0,1.0,0.0,1.6490092048478489,0.9441296066237161,0.6149910161030265,-0.9013443047180038,0.18284541966189874,1.0951094585605743,-0.6475775332438344,-0.14125327883151229,-0.1781057493664113,0.41877544922480325,-0.632834588424933,-0.1474557687191013
0.0,0.0,1.0,0.0,0.0,1.0,0.0,0.0,1.0,0.0,0.0,0.0,0.0,1.0,0.0,0.0,0.0,0.3582026415587648,1.3559613194944855,-0.31456041165711646,1.3319810413384858,0.48928283926192745,1.0721321383085707,2.4209970563410197,-0.14125327883151229,-0.1781057493664113,0.41877544922480325,1.580191756725731,-0.1474557687191013
0.0,0.0,1.0,0.0,0.0,1.0,0.0,0.0,0.0,0.0,0.0,0.0,1.0,1.0,0.0,0.0,0.0,0.21477969008219988,1.1794620139784415,0.8106860535262146,1.9145876533532222,0.8797434223006737,1.3708373015846158,-0.32698018806332724,-0.14125327883151229,-0.1781057493664113,0.41877544922480325,-0.632834588424933,-0.1474557687191013
0.0,0.0,1.0,0.0,0.0,1.0,0.0,0.0,0.0,0.0,0.0,1.0,0.0,1.0,0.0,0.0,0.0,0.3582026415587648,1.5072464385082376,-0.11886537423392847,-0.22163659070081138,0.9258737865415383,1.28658712732727,1.0355585289538278,-0.14125327883151229,-0.1781057493664113,0.12654446660059115,-0.632834588424933,-0.1474557687191013
0.0,0.0,0.0,1.0,0.0,1.0,0.0,1.0,0.0,0.0,0.0,0.0,0.0,0.0,0.0,0.0,1.0,-0.7891809702537543,-1.0982195000619366,-1.2441118394172594,-1.2897487127278282,0.9258737865415383,-1.4247366624091404,-0.6475775332438344,-0.14125327883151229,-0.1781057493664113,-1.6268414291446816,-0.632834588424933,-0.1474557687191013
0.0,0.0,1.0,0.0,0.0,1.0,0.0,1.0,0.0,0.0,0.0,0.0,0.0,1.0,0.0,0.0,0.0,0.5016255930353297,1.8854592360426177,-0.7548742458592895,-0.41583879470572344,0.9258737865415383,1.271268913825934,1.1958572015440814,-0.14125327883151229,-0.1781057493664113,0.12654446660059115,-0.632834588424933,-0.1474557687191013
0.0,0.0,0.0,1.0,0.0,1.0,0.0,0.0,0.0,0.0,0.0,1.0,0.0,0.0,1.0,0.0,0.0,-0.9326039217303193,-1.2495046190756887,1.1531523690167935,-0.41583879470572344,-1.7513348524372072,-0.6664850940930258,-0.6475775332438344,-0.14125327883151229,-0.1781057493664113,-1.3346104465204693,-0.632834588424933,-0.1474557687191013
1.0,0.0,0.0,0.0,1.0,0.0,0.0,0.0,0.0,0.0,0.0,1.0,0.0,0.0,1.0,0.0,0.0,-1.219449824683449,-0.03081893813157497,0.4192959786798386,-1.192647610725372,0.9258737865415383,0.18367575523110294,-0.6475775332438344,-0.14125327883151229,-0.1781057493664113,0.7110064318490154,-0.632834588424933,-0.1474557687191013
0.0,1.0,0.0,0.0,0.0,1.0,1.0,0.0,0.0,0.0,0.0,0.0,0.0,0.0,0.0,0.0,1.0,-0.07206621287092989,0.6331546397621147,-1.1951880800614625,0.4580711233163813,-1.2076555595984466,-0.01546102028626056,2.226348668195711,-0.14125327883151229,-0.1781057493664113,-0.7501484812720451,-0.632834588424933,-0.1474557687191013
0.0,0.0,0.0,1.0,0.0,1.0,0.0,0.0,1.0,0.0,0.0,0.0,0.0,0.0,1.0,0.0,0.0,-1.6497186791131437,-1.4596228399281221,-0.31456041165711646,-0.1245354886983552,-0.31470350893599736,-1.3021909543984551,-0.6475775332438344,-0.14125327883151229,-0.1781057493664113,-1.6268414291446816,1.580191756725731,-0.1474557687191013
0.0,0.0,1.0,0.0,0.0,1.0,0.0,0.0,0.0,1.0,0.0,0.0,0.0,0.0,1.0,0.0,0.0,-0.9326039217303193,0.8684870471168399,0.22360094125665056,-1.3868498147302841,0.9258737865415383,0.8883135762925428,-0.6475775332438344,-0.14125327883151229,-0.1781057493664113,0.41877544922480325,1.580191756725731,-0.1474557687191013
0.0,0.0,0.0,1.0,0.0,1.0,0.0,0.0,0.0,0.0,1.0,0.0,0.0,0.0,0.0,0.0,1.0,-0.7891809702537543,-1.8798592816329889,0.12575342254505653,-0.9984454067204599,0.4052596758232099,-1.5089868366664865,-0.6475775332438344,-0.14125327883151229,-0.1781057493664113,-1.3346104465204693,-0.632834588424933,-0.1474557687191013
0.0,0.0,0.0,1.0,0.0,1.0,0.0,0.0,0.0,0.0,0.0,1.0,0.0,1.0,0.0,0.0,0.0,0.07135673860563499,-2.0479538583149357,-1.5376543955520416,1.9145876533532222,0.8517357011544345,-2.366806792741283,0.7035112785883025,-0.14125327883151229,2.3859145701894855,-1.6268414291446816,-0.632834588424933,-0.05611594710384673
0.0,0.0,1.0,0.0,0.0,1.0,0.0,1.0,0.0,0.0,0.0,0.0,0.0,1.0,0.0,0.0,0.0,0.7884714959884594,1.826626134203936,-0.4613316897245075,1.2348799393360297,0.7051070433888293,1.3938146218366194,0.9210594771036468,-0.14125327883151229,-0.1781057493664113,0.12654446660059115,-0.632834588424933,-0.1474557687191013
0.0,1.0,0.0,0.0,0.0,1.0,0.0,0.0,0.0,0.0,0.0,0.0,1.0,0.0,1.0,0.0,0.0,-1.219449824683449,-0.18210405714532693,1.0063810909494026,-0.9013443047180038,-1.7381547483683888,0.22963039573510985,-0.6475775332438344,-0.14125327883151229,-0.1781057493664113,-1.0423794638962574,-0.632834588424933,-0.1474557687191013
0.0,1.0,0.0,0.0,0.0,1.0,0.0,0.0,0.0,0.0,0.0,1.0,0.0,1.0,0.0,0.0,0.0,0.3582026415587648,1.0449863526328842,-0.2656366523013195,0.263868919311469,-0.7529419692242104,0.8346998290378681,2.214898763010693,-0.14125327883151229,-0.1781057493664113,-0.4579174986478331,-0.632834588424933,-0.1474557687191013
0.0,1.0,0.0,0.0,0.0,1.0,1.0,0.0,0.0,0.0,0.0,0.0,0.0,1.0,0.0,0.0,0.0,0.07135673860563499,-0.535102668177415,0.6149910161030265,2.7884975713753266,-1.47455266699202,-0.19162047555162054,0.5546625111830672,-0.14125327883151229,-0.1781057493664113,-0.7501484812720451,-0.632834588424933,-0.1474557687191013
1.0,0.0,0.0,0.0,0.0,1.0,0.0,0.0,0.0,1.0,0.0,0.0,0.0,0.0,0.0,1.0,0.0,1.5055862533712838,0.7003924704348932,1.3977711657957785,0.6522733273212932,-1.4794952060178268,1.1334049923139133,-0.6475775332438344,-0.14125327883151229,-0.1781057493664113,0.7110064318490154,1.580191756725731,-0.1474557687191013
0.0,0.0,0.0,1.0,1.0,0.0,0.0,0.0,1.0,0.0,0.0,0.0,0.0,0.0,1.0,0.0,0.0,-1.076026873206884,-1.535265399434998,-1.4887306361962445,0.7493744293237493,0.9258737865415383,-1.9302377079532167,-0.6475775332438344,-0.14125327883151229,-0.1781057493664113,-1.3346104465204693,1.580191756725731,-0.1474557687191013
0.0,0.0,1.0,0.0,0.0,1.0,1.0,0.0,0.0,0.0,0.0,0.0,0.0,0.0,0.0,1.0,0.0,0.9318944474650244,1.860245049540326,-0.7059504865034925,0.8464755313262055,0.9258737865415383,1.28658712732727,0.7607608045133931,-0.14125327883151229,-0.1781057493664113,0.41877544922480325,-0.632834588424933,-0.1474557687191013
1.0,0.0,0.0,0.0,0.0,1.0,0.0,1.0,0.0,0.0,0.0,0.0,0.0,0.0,0.0,1.0,0.0,1.0753173989415892,0.3221796729005131,0.7617622941704176,0.06966671530655688,-1.7661624695146279,0.6049266265178332,-0.6475775332438344,-0.14125327883151229,-0.1781057493664113,1.0032374144732275,-0.632834588424933,-0.1474557687191013
0.0,0.0,1.0,0.0,0.0,1.0,0.0,0.0,0.0,0.0,0.0,0.0,1.0,0.0,0.0,1.0,0.0,0.9318944474650244,1.5912937268492109,-0.4124079303687105,0.8464755313262055,-0.10546935684350463,1.2176551665712594,0.7836606148834294,-0.14125327883151229,-0.1781057493664113,0.12654446660059115,-0.632834588424933,-0.1474557687191013
0.0,0.0,0.0,1.0,0.0,1.0,1.0,0.0,0.0,0.0,0.0,0.0,0.0,0.0,1.0,0.0,0.0,-1.219449824683449,-2.434571384683413,-1.1951880800614625,1.1377788373335735,0.9258737865415383,-2.489352500751968,-0.6475775332438344,-0.14125327883151229,1.103904410411537,-1.6268414291446816,-0.632834588424933,-0.101785857911474
1.0,0.0,0.0,0.0,0.0,1.0,0.0,0.0,0.0,0.0,1.0,0.0,0.0,0.0,1.0,0.0,0.0,-1.6497186791131437,-0.8376729062049192,-0.8037980052150865,1.6232843473458538,0.9176362214985267,-0.9805084708704065,-0.6475775332438344,-0.14125327883151229,-0.1781057493664113,1.2954683970974397,-0.632834588424933,-0.1474557687191013
0.0,0.0,1.0,0.0,0.0,1.0,1.0,0.0,0.0,0.0,0.0,0.0,0.0,1.0,0.0,0.0,0.0,0.5016255930353297,1.4400086078354588,0.17467718190085355,0.6522733273212932,0.6062562628726911,1.363178194833948,1.5393543570946244,-0.14125327883151229,-0.1781057493664113,0.12654446660059115,-0.632834588424933,-0.1474557687191013
0.0,1.0,0.0,0.0,0.0,1.0,0.0,0.0,0.0,0.0,1.0,0.0,0.0,0.0,0.0,1.0,0.0,1.6490092048478489,0.5827262667575306,1.9359325187095457,0.06966671530655688,-1.398767068596314,1.1717005260672526,-0.6475775332438344,2.144544853983847,-0.1781057493664113,-0.4579174986478331,-0.632834588424933,2.1360397716622623
0.0,0.0,1.0,0.0,0.0,1.0,0.0,0.0,0.0,1.0,0.0,0.0,0.0,0.0,0.0,1.0,0.0,1.0753173989415892,1.793007218867547,-0.9505692832824775,-0.5129398967081796,0.9258737865415383,1.0797912450592384,0.01651696748721598,-0.14125327883151229,-0.1781057493664113,0.12654446660059115,1.580191756725731,-0.1474557687191013
0.0,0.0,0.0,1.0,1.0,0.0,0.0,1.0,0.0,0.0,0.0,0.0,0.0,0.0,0.0,0.0,1.0,-0.6457580187771894,-1.4932417552645114,-0.11886537423392847,-0.6100409987106356,0.9258737865415383,-1.2562363138944483,-0.6475775332438344,-0.14125327883151229,-0.1781057493664113,-1.6268414291446816,-0.632834588424933,-0.1474557687191013
0.0,0.0,0.0,1.0,0.0,1.0,0.0,0.0,0.0,0.0,0.0,1.0,0.0,0.0,1.0,0.0,0.0,-0.9326039217303193,-1.005767482886866,0.27252470061244755,-1.192647610725372,-1.5371581613189076,-0.7047806278463649,-0.6475775332438344,-0.14125327883151229,-0.1781057493664113,-1.6268414291446816,-0.632834588424933,-0.1474557687191013
0.0,0.0,0.0,1.0,0.0,1.0,0.0,0.0,0.0,0.0,0.0,0.0,1.0,0.0,0.0,0.0,1.0,-0.7891809702537543,-1.661336331946458,-0.5102554490803045,0.6522733273212932,0.9110461694641175,-1.5472823704198257,-0.6475775332438344,-0.14125327883151229,-0.1781057493664113,-1.6268414291446816,-0.632834588424933,-0.1474557687191013
0.0,0.0,0.0,1.0,0.0,1.0,0.0,0.0,0.0,1.0,0.0,0.0,0.0,1.0,0.0,0.0,0.0,0.21477969008219988,-0.6863877871911671,-1.7822731923310267,0.263868919311469,0.013151579775861325,-1.4783504096638151,0.4974129852579766,-0.14125327883151229,-0.1781057493664113,-1.6268414291446816,1.580191756725731,-0.1474557687191013
1.0,0.0,0.0,0.0,0.0,1.0,1.0,0.0,0.0,0.0,0.0,0.0,0.0,0.0,1.0,0.0,0.0,-1.219449824683449,-0.19050878597942422,1.1531523690167935,1.0406777353311174,0.4513900400640744,0.267925929488449,-0.6475775332438344,0.31590634773155957,-0.1781057493664113,1.2954683970974397,-0.632834588424933,0.30924333935717147
0.0,0.0,0.0,1.0,0.0,1.0,0.0,0.0,1.0,0.0,0.0,0.0,0.0,0.0,0.0,1.0,0.0,1.0753173989415892,-0.5939357700160964,0.8596098128820115,-0.6100409987106356,-2.008346881779167,-0.17630226205028487,-0.6475775332438344,-0.14125327883151229,-0.1781057493664113,1.5876993797216516,1.580191756725731,-0.1474557687191013
0.0,1.0,0.0,0.0,0.0,1.0,0.0,1.0,0.0,0.0,0.0,0.0,0.0,0.0,0.0,0.0,1.0,-0.6457580187771894,-0.7788398043662378,1.3977711657957785,0.4580711233163813,0.9258737865415383,-0.19162047555162054,-0.6475775332438344,-0.14125327883151229,-0.1781057493664113,-1.0423794638962574,-0.632834588424933,-0.1474557687191013
0.0,0.0,0.0,1.0,0.0,1.0,1.0,0.0,0.0,0.0,0.0,0.0,0.0,1.0,0.0,0.0,0.0,0.21477969008219988,-1.787407264457918,-1.4398068768404475,0.263868919311469,0.7940727458533539,-2.098738056467909,0.7149611837733206,-0.14125327883151229,-0.1781057493664113,-1.6268414291446816,-0.632834588424933,-0.1474557687191013
0.0,0.0,0.0,1.0,0.0,1.0,1.0,0.0,0.0,0.0,0.0,0.0,0.0,0.0,0.0,1.0,0.0,1.0753173989415892,-1.0477911270573526,-0.8527217645708836,-0.5129398967081796,0.18449293267050104,-1.17964524638777,-0.6475775332438344,-0.14125327883151229,-0.1781057493664113,1.5876993797216516,-0.632834588424933,-0.1474557687191013
0.0,0.0,1.0,0.0,0.0,1.0,0.0,0.0,1.0,0.0,0.0,0.0,0.0,0.0,1.0,0.0,0.0,-1.076026873206884,0.4986789784165573,1.2020761283725907,-1.2897487127278282,-1.5898785775941813,0.8959726830432108,-0.6475775332438344,-0.14125327883151229,-0.1781057493664113,-0.16568651602362097,1.580191756725731,-0.1474557687191013
1.0,0.0,0.0,0.0,0.0,1.0,0.0,0.0,0.0,0.0,1.0,0.0,0.0,0.0,0.0,0.0,1.0,-0.5023350673006246,0.4146316900755839,1.5934662032189666,-0.41583879470572344,-0.8929805749554064,0.9342682167965498,-0.5216285762086351,0.31590634773155957,-0.1781057493664113,0.7110064318490154,-0.632834588424933,0.30924333935717147
0.0,0.0,1.0,0.0,0.0,1.0,0.0,0.0,0.0,1.0,0.0,0.0,0.0,0.0,0.0,0.0,1.0,-0.3589121158240597,0.6499640974303094,-0.36348417101291347,-0.22163659070081138,0.881390935309276,0.45174449150447676,1.2416568222841537,-0.14125327883151229,-0.1781057493664113,0.12654446660059115,1.580191756725731,-0.1474557687191013
0.0,0.0,0.0,1.0,0.0,1.0,0.0,0.0,1.0,0.0,0.0,0.0,0.0,0.0,0.0,1.0,0.0,1.5055862533712838,-1.4596228399281221,1.1042286096609966,-1.2897487127278282,-1.652484071921069,-0.8656218696103891,-0.6475775332438344,-0.14125327883151229,-0.1781057493664113,-1.6268414291446816,1.580191756725731,-0.1474557687191013
1.0,0.0,0.0,0.0,0.0,1.0,0.0,0.0,0.0,0.0,0.0,0.0,1.0,1.0,0.0,0.0,0.0,0.3582026415587648,1.24669984465122,-0.8037980052150865,3.176901979385151,0.78418766780174,0.7198132277778507,2.546946013376218,-0.14125327883151229,-0.1781057493664113,0.7110064318490154,-0.632834588424933,-0.1474557687191013
0.0,0.0,1.0,0.0,0.0,1.0,0.0,0.0,0.0,0.0,0.0,1.0,0.0,0.0,1.0,0.0,0.0,-1.219449824683449,0.9861532507942028,1.0553048503051996,-0.7071421007130917,0.9061036304383105,1.28658712732727,-0.6475775332438344,-0.14125327883151229,-0.1781057493664113,0.12654446660059115,-0.632834588424933,-0.1474557687191013
0.0,1.0,0.0,0.0,0.0,1.0,0.0,0.0,0.0,0.0,0.0,0.0,1.0,0.0,1.0,0.0,0.0,-1.5062957276365787,-0.3501986338272737,-0.6570267271476955,0.36097002131392514,0.029626709861884374,-0.5133029590796692,-0.6475775332438344,-0.14125327883151229,-0.1781057493664113,-0.7501484812720451,-0.632834588424933,-0.1474557687191013
0.0,0.0,1.0,0.0,0.0,1.0,0.0,0.0,1.0,0.0,0.0,0.0,0.0,0.0,0.0,1.0,0.0,1.362163301894719,1.1542478274761496,-0.5102554490803045,-0.8042432027155477,0.9258737865415383,0.8040634020351969,-0.6475775332438344,-0.14125327883151229,-0.1781057493664113,0.41877544922480325,1.580191756725731,-0.1474557687191013
0.0,1.0,0.0,0.0,0.0,1.0,0.0,0.0,1.0,0.0,0.0,0.0,0.0,1.0,0.0,0.0,0.0,0.21477969008219988,0.8096539452781586,-1.1462643207056655,1.6232843473458538,0.5864861067694634,0.16069843497909947,2.226348668195711,-0.14125327883151229,-0.1781057493664113,-0.4579174986478331,1.580191756725731,-0.1474557687191013
0.0,0.0,1.0,0.0,0.0,1.0,0.0,0.0,1.0,0.0,0.0,0.0,0.0,0.0,1.0,0.0,0.0,-1.219449824683449,1.24669984465122,0.5171434973914326,-0.9013443047180038,0.9258737865415383,1.324882661080609,-0.6475775332438344,-0.14125327883151229,-0.1781057493664113,0.41877544922480325,1.580191756725731,-0.1474557687191013
0.0,0.0,0.0,1.0,0.0,1.0,0.0,0.0,1.0,0.0,0.0,0.0,0.0,0.0,1.0,0.0,0.0,-1.6497186791131437,-2.358928825176537,-0.8037980052150865,-0.5129398967081796,0.5403557425285989,-2.2442610847305975,-0.6475775332438344,-0.14125327883151229,0.5911003465003576,-1.6268414291446816,1.580191756725731,-0.12005382223452492
0.0,1.0,0.0,0.0,0.0,1.0,0.0,0.0,0.0,0.0,1.0,0.0,0.0,0.0,0.0,0.0,1.0,-0.7891809702537543,-0.5014837528410258,-0.16778913358972547,0.06966671530655688,0.5634209246490312,-0.42905278482232306,-0.6475775332438344,-0.14125327883151229,-0.1781057493664113,-0.7501484812720451,-0.632834588424933,-0.1474557687191013
0.0,0.0,0.0,1.0,0.0,1.0,0.0,0.0,0.0,1.0,0.0,0.0,0.0,1.0,0.0,0.0,0.0,0.6450485445118945,-1.2747188055779806,-1.5376543955520416,2.20589095936059,0.9258737865415383,-1.7540782526878569,-0.05218246362289261,-0.14125327883151229,-0.1781057493664113,-1.6268414291446816,1.580191756725731,-0.1474557687191013
1.0,0.0,0.0,0.0,0.0,1.0,0.0,0.0,1.0,0.0,0.0,0.0,0.0,1.0,0.0,0.0,0.0,0.5016255930353297,1.0365816237987866,-1.2930355987730566,2.011688755355678,0.8929235263694921,0.23728950248577774,2.1232995215305484,-0.14125327883151229,-0.1781057493664113,0.7110064318490154,1.580191756725731,-0.1474557687191013
0.0,0.0,0.0,1.0,0.0,1.0,1.0,0.0,0.0,0.0,0.0,0.0,0.0,0.0,1.0,0.0,0.0,-1.6497186791131437,-1.535265399434998,-1.0484168019940716,0.4580711233163813,0.9258737865415383,-1.6774871851811786,-0.6475775332438344,-0.14125327883151229,-0.1781057493664113,1.5876993797216516,-0.632834588424933,-0.1474557687191013
0.0,0.0,0.0,1.0,0.0,1.0,0.0,0.0,0.0,0.0,1.0,0.0,0.0,0.0,0.0,1.0,0.0,1.0753173989415892,-0.9721485675504765,-0.8527217645708836,-0.7071421007130917,-0.37566149025428264,-1.1183723923824274,-0.6475775332438344,-0.14125327883151229,-0.1781057493664113,-1.6268414291446816,-0.632834588424933,-0.1474557687191013
1.0,0.0,0.0,0.0,0.0,1.0,1.0,0.0,0.0,0.0,0.0,0.0,0.0,1.0,0.0,0.0,0.0,0.3582026415587648,0.5659168090893361,-1.2930355987730566,0.555172225318837,0.8896285003522876,-0.1303476215462779,1.9286511333852403,-0.14125327883151229,-0.1781057493664113,1.0032374144732275,-0.632834588424933,-0.1474557687191013
0.0,1.0,0.0,0.0,0.0,1.0,0.0,0.0,0.0,0.0,0.0,0.0,1.0,1.0,0.0,0.0,0.0,0.6450485445118945,0.4566553342460706,-1.7822731923310267,0.9435766333286616,0.12682997736942037,-0.6052122400876832,1.9515509437552765,-0.14125327883151229,-0.1781057493664113,-0.7501484812720451,-0.632834588424933,-0.1474557687191013
1.0,0.0,0.0,0.0,0.0,1.0,0.0,0.0,0.0,0.0,0.0,1.0,0.0,0.0,0.0,1.0,0.0,1.6490092048478489,0.1456803673844692,0.46821973803563555,-1.5810520187351962,0.9159887084899244,0.3521761037457951,-0.6475775332438344,-0.14125327883151229,-0.1781057493664113,1.0032374144732275,-0.632834588424933,-0.1474557687191013
0.0,0.0,0.0,1.0,0.0,1.0,0.0,0.0,0.0,1.0,0.0,0.0,0.0,0.0,0.0,1.0,0.0,1.6490092048478489,-1.8294309086284049,-0.8037980052150865,0.36097002131392514,0.8945710393780945,-1.8076919999425316,-0.6475775332438344,-0.14125327883151229,-0.1781057493664113,-1.6268414291446816,1.580191756725731,-0.1474557687191013
0.0,0.0,1.0,0.0,0.0,1.0,0.0,0.0,0.0,0.0,1.0,0.0,0.0,1.0,0.0,0.0,0.0,0.5016255930353297,1.843435591872131,-0.9994930426382745,0.263868919311469,0.9258737865415383,1.0874503518099063,2.558395918561236,-0.14125327883151229,-0.1781057493664113,0.41877544922480325,-0.632834588424933,-0.1474557687191013
1.0,0.0,0.0,0.0,0.0,1.0,0.0,1.0,0.0,0.0,0.0,0.0,0.0,0.0,1.0,0.0,0.0,-1.219449824683449,-0.7116019736934591,0.32144845996824456,-1.5810520187351962,0.9258737865415383,-0.4367118915729909,-0.6475775332438344,-0.14125327883151229,-0.1781057493664113,1.2954683970974397,-0.632834588424933,-0.1474557687191013
0.0,0.0,0.0,1.0,0.0,1.0,1.0,0.0,0.0,0.0,0.0,0.0,0.0,0.0,0.0,0.0,1.0,-0.07206621287092989,-0.7788398043662378,0.6639147754588236,-0.8042432027155477,-1.9803391606329277,-0.3830981443183162,0.6119120371081578,-0.14125327883151229,8.539563337123637,-1.3346104465204693,-0.632834588424933,0.16309962477276413
0.0,1.0,0.0,0.0,0.0,1.0,0.0,0.0,1.0,0.0,0.0,0.0,0.0,1.0,0.0,0.0,0.0,0.21477969008219988,-0.07284258230206166,-2.1736632671774028,-0.1245354886983552,0.7545324336468985,-1.4400548759104759,2.5011463926361457,-0.14125327883151229,-0.1781057493664113,-1.0423794638962574,1.580191756725731,-0.1474557687191013
0.0,1.0,0.0,0.0,0.0,1.0,0.0,0.0,0.0,1.0,0.0,0.0,0.0,1.0,0.0,0.0,0.0,0.3582026415587648,0.34739385940280515,1.2999236470841846,-0.41583879470572344,0.9258737865415383,0.788745188533861,0.42871355414786794,-0.14125327883151229,-0.1781057493664113,-0.4579174986478331,1.580191756725731,-0.1474557687191013
0.0,0.0,0.0,1.0,0.0,1.0,1.0,0.0,0.0,0.0,0.0,0.0,0.0,0.0,0.0,0.0,1.0,-0.7891809702537543,-1.6529316031123606,-1.1462643207056655,-0.41583879470572344,0.9258737865415383,-1.8230102134438673,-0.6475775332438344,-0.14125327883151229,-0.1781057493664113,1.5876993797216516,-0.632834588424933,-0.1474557687191013
0.0,0.0,1.0,0.0,0.0,1.0,0.0,0.0,1.0,0.0,0.0,0.0,0.0,0.0,0.0,0.0,1.0,-0.07206621287092989,1.3391518618262908,0.32144845996824456,0.263868919311469,0.3360641294619131,1.3325417678312768,1.8943014178301862,-0.14125327883151229,-0.1781057493664113,0.12654446660059115,1.580191756725731,-0.1474557687191013
0.0,0.0,0.0,1.0,0.0,1.0,0.0,1.0,0.0,0.0,0.0,0.0,0.0,0.0,0.0,1.0,0.0,1.5055862533712838,-1.8378356374625022,-0.9016455239266805,1.2348799393360297,0.9011610914125037,-1.8536466404465384,-0.6475775332438344,-0.14125327883151229,-0.1781057493664113,-1.6268414291446816,-0.632834588424933,-0.1474557687191013
0.0,0.0,0.0,1.0,0.0,1.0,0.0,0.0,0.0,0.0,0.0,1.0,0.0,0.0,0.0,0.0,1.0,-0.3589121158240597,-1.5940985012736797,-0.31456041165711646,-0.3187376927032675,0.8187854409823884,-1.4094184489078048,-0.04073255843787449,-0.14125327883151229,-0.1781057493664113,-1.3346104465204693,-0.632834588424933,-0.1474557687191013
1.0,0.0,0.0,0.0,0.0,1.0,0.0,0.0,0.0,0.0,0.0,1.0,0.0,1.0,0.0,0.0,0.0,0.6450485445118945,-0.08965203997025627,0.7617622941704176,0.36097002131392514,-1.8485381199447433,0.2449486092364455,-0.3155302828783092,-0.14125327883151229,-0.1781057493664113,1.2954683970974397,-0.632834588424933,-0.1474557687191013
1.0,0.0,0.0,0.0,0.0,1.0,1.0,0.0,0.0,0.0,0.0,0.0,0.0,1.0,0.0,0.0,0.0,0.5016255930353297,0.1708945538867611,-0.31456041165711646,1.6232843473458538,-1.344399139312438,0.07644826072175336,0.84091014080852,-0.14125327883151229,-0.1781057493664113,1.2954683970974397,-0.632834588424933,-0.1474557687191013
0.0,0.0,0.0,1.0,0.0,1.0,0.0,0.0,0.0,0.0,0.0,0.0,1.0,0.0,0.0,0.0,1.0,-0.5023350673006246,-2.056358587149033,-0.5591792084361015,1.5261832453433977,0.9258737865415383,-1.8919421741998776,-0.6475775332438344,-0.14125327883151229,-0.1781057493664113,1.5876993797216516,-0.632834588424933,-0.1474557687191013
0.0,0.0,0.0,1.0,0.0,1.0,0.0,0.0,0.0,0.0,0.0,0.0,1.0,0.0,0.0,1.0,0.0,0.9318944474650244,-1.2495046190756887,-1.1462643207056655,0.36097002131392514,0.9258737865415383,-1.4936686231651506,-0.5903280073187437,-0.14125327883151229,3.9243267619230227,-1.6268414291446816,-0.632834588424933,-0.0013120541346940075
0.0,0.0,0.0,1.0,1.0,0.0,1.0,0.0,0.0,0.0,0.0,0.0,0.0,0.0,0.0,0.0,1.0,-0.5023350673006246,-1.5520748571031928,-0.9994930426382745,-0.9984454067204599,0.9258737865415383,-1.6698280784305106,-0.6017779125037619,-0.14125327883151229,-0.1781057493664113,-1.3346104465204693,-0.632834588424933,-0.1474557687191013
1.0,0.0,0.0,0.0,0.0,1.0,0.0,0.0,0.0,0.0,1.0,0.0,0.0,0.0,0.0,0.0,1.0,-0.2154891643474948,0.4986789784165573,-0.4613316897245075,-0.02743438669589927,0.8929235263694921,0.2832441429897847,1.3332560637642987,-0.14125327883151229,-0.1781057493664113,1.0032374144732275,-0.632834588424933,-0.1474557687191013
0.0,0.0,1.0,0.0,0.0,1.0,0.0,0.0,1.0,0.0,0.0,0.0,0.0,0.0,0.0,1.0,0.0,1.6490092048478489,1.2719140311535122,0.9574573315936056,0.7493744293237493,0.39537459777159606,1.5010421163459688,-0.6475775332438344,-0.14125327883151229,-0.1781057493664113,0.41877544922480325,1.580191756725731,-0.1474557687191013
0.0,0.0,1.0,0.0,0.0,1.0,1.0,0.0,0.0,0.0,0.0,0.0,0.0,0.0,1.0,0.0,0.0,-1.076026873206884,0.5070837072506548,1.3488474064399816,-0.3187376927032675,-1.8386530418931293,0.9419273235472178,-0.6475775332438344,-0.14125327883151229,-0.1781057493664113,-0.16568651602362097,-0.632834588424933,-0.1474557687191013
1.0,0.0,0.0,0.0,0.0,1.0,0.0,1.0,0.0,0.0,0.0,0.0,0.0,0.0,0.0,0.0,1.0,-0.2154891643474948,0.12887090971627443,-0.7548742458592895,-0.9984454067204599,-0.1631323121445853,-0.16864315529961704,0.8981596667336106,-0.14125327883151229,-0.1781057493664113,1.0032374144732275,-0.632834588424933,-0.1474557687191013
0.0,1.0,0.0,0.0,0.0,1.0,0.0,0.0,0.0,0.0,0.0,1.0,0.0,0.0,0.0,0.0,1.0,-0.5023350673006246,0.44825060541197315,0.46821973803563555,-0.6100409987106356,-1.9506839264780862,0.6125857332685012,0.3600141230377593,-0.14125327883151229,-0.1781057493664113,-0.4579174986478331,-0.632834588424933,-0.1474557687191013
0.0,1.0,0.0,0.0,0.0,1.0,1.0,0.0,0.0,0.0,0.0,0.0,0.0,1.0,0.0,0.0,0.0,0.5016255930353297,-0.736816160195751,-1.7822731923310267,-0.41583879470572344,0.6573291661393625,-1.5243050501678221,2.191998952640657,-0.14125327883151229,-0.1781057493664113,-1.0423794638962574,-0.632834588424933,-0.1474557687191013
0.0,0.0,0.0,1.0,0.0,1.0,0.0,0.0,0.0,0.0,0.0,1.0,0.0,0.0,0.0,1.0,0.0,0.9318944474650244,-1.3167424497484672,-0.9016455239266805,-1.6781531207376523,0.9258737865415383,-1.4323957691598084,-0.6475775332438344,-0.14125327883151229,-0.1781057493664113,1.5876993797216516,-0.632834588424933,-0.1474557687191013
0.0,0.0,0.0,1.0,0.0,1.0,0.0,0.0,0.0,1.0,0.0,0.0,0.0,0.0,1.0,0.0,0.0,-1.219449824683449,-1.4007897380894407,0.9574573315936056,-0.1245354886983552,-1.593173603611386,-0.8503036561090535,-0.6475775332438344,-0.14125327883151229,-0.1781057493664113,-1.6268414291446816,1.580191756725731,-0.1474557687191013
1.0,0.0,0.0,0.0,0.0,1.0,0.0,0.0,1.0,0.0,0.0,0.0,0.0,0.0,0.0,1.0,0.0,1.5055862533712838,-0.257746616652203,0.46821973803563555,-0.6100409987106356,-1.0659694408586484,-0.0001428067849248955,-0.6475775332438344,-0.14125327883151229,-0.1781057493664113,1.2954683970974397,1.580191756725731,-0.1474557687191013
0.0,1.0,0.0,0.0,0.0,1.0,0.0,1.0,0.0,0.0,0.0,0.0,0.0,0.0,1.0,0.0,0.0,-1.362872776160014,0.1456803673844692,1.2999236470841846,-1.2897487127278282,0.6474440880877487,0.6049266265178332,-0.6475775332438344,-0.14125327883151229,-0.1781057493664113,-0.4579174986478331,-0.632834588424933,-0.1474557687191013
0.0,0.0,0.0,1.0,1.0,0.0,0.0,0.0,0.0,1.0,0.0,0.0,0.0,0.0,0.0,1.0,0.0,0.9318944474650244,-0.9385296522140871,1.1531523690167935,2.497194265367958,-1.2175406376500604,-0.39075725106898396,-0.6361276280588162,0.31590634773155957,-0.1781057493664113,1.5876993797216516,1.580191756725731,0.30924333935717147
0.0,0.0,0.0,1.0,0.0,1.0,0.0,0.0,0.0,0.0,0.0,0.0,1.0,1.0,0.0,0.0,0.0,0.3582026415587648,-1.2242904325733965,-1.3908831174846505,1.0406777353311174,0.7660650247071147,-1.616214331175836,0.6119120371081578,-0.14125327883151229,-0.1781057493664113,-1.6268414291446816,-0.632834588424933,-0.1474557687191013
1.0,0.0,0.0,0.0,0.0,1.0,0.0,0.0,1.0,0.0,0.0,0.0,0.0,0.0,0.0,1.0,0.0,1.5055862533712838,-0.5435073970115124,-0.36348417101291347,0.06966671530655688,0.9258737865415383,-0.5439393860823405,-0.6475775332438344,-0.14125327883151229,-0.1781057493664113,1.0032374144732275,1.580191756725731,-0.1474557687191013
0.0,0.0,1.0,0.0,0.0,1.0,0.0,0.0,0.0,0.0,1.0,0.0,0.0,0.0,0.0,0.0,1.0,-0.3589121158240597,0.8096539452781586,0.027905903833462538,0.263868919311469,-0.820490002576905,0.7581087615311898,1.379055684504371,-0.14125327883151229,-0.1781057493664113,-0.16568651602362097,-0.632834588424933,-0.1474557687191013
0.0,1.0,0.0,0.0,0.0,1.0,0.0,0.0,0.0,0.0,0.0,1.0,0.0,0.0,0.0,0.0,1.0,-0.5023350673006246,-0.2157229724817163,1.0063810909494026,-0.41583879470572344,0.9258737865415383,0.2066530754831064,-0.3155302828783092,-0.14125327883151229,-0.1781057493664113,-0.7501484812720451,-0.632834588424933,-0.1474557687191013
1.0,0.0,0.0,0.0,0.0,1.0,0.0,0.0,0.0,1.0,0.0,0.0,0.0,0.0,0.0,1.0,0.0,1.6490092048478489,-0.207318243647619,0.7128385348146206,-0.41583879470572344,-0.8353176196543257,0.12240290122576035,-0.6475775332438344,-0.14125327883151229,-0.1781057493664113,1.2954683970974397,1.580191756725731,-0.1474557687191013
0.0,0.0,0.0,1.0,0.0,1.0,1.0,0.0,0.0,0.0,0.0,0.0,0.0,0.0,0.0,1.0,0.0,1.0753173989415892,-1.0982195000619366,0.9085335722378086,-0.02743438669589927,0.9258737865415383,-0.5975531333370152,-0.6475775332438344,-0.14125327883151229,-0.1781057493664113,1.5876993797216516,-0.632834588424933,-0.1474557687191013
0.0,0.0,0.0,1.0,0.0,1.0,0.0,0.0,0.0,0.0,0.0,0.0,1.0,0.0,0.0,1.0,0.0,1.2187403504181542,-1.5940985012736797,-1.1951880800614625,-0.8042432027155477,0.9258737865415383,-1.8000328931918637,-0.6475775332438344,-0.14125327883151229,-0.1781057493664113,1.5876993797216516,-0.632834588424933,-0.1474557687191013
0.0,0.0,0.0,1.0,0.0,1.0,1.0,0.0,0.0,0.0,0.0,0.0,0.0,0.0,0.0,0.0,1.0,-0.07206621287092989,-1.2158857037392994,-1.0484168019940716,-0.7071421007130917,-0.199377598333836,-1.4170775556584725,0.3943638385928137,-0.14125327883151229,-0.1781057493664113,-1.3346104465204693,-0.632834588424933,-0.1474557687191013
0.0,0.0,1.0,0.0,0.0,1.0,0.0,0.0,0.0,0.0,0.0,0.0,1.0,0.0,1.0,0.0,0.0,-1.5062957276365787,0.8180586741122561,1.8870087593537486,-1.192647610725372,0.9258737865415383,1.3708373015846158,-0.6475775332438344,0.31590634773155957,-0.1781057493664113,0.41877544922480325,-0.632834588424933,0.30924333935717147
1.0,0.0,0.0,0.0,0.0,1.0,0.0,1.0,0.0,0.0,0.0,0.0,0.0,0.0,0.0,1.0,0.0,0.9318944474650244,-0.207318243647619,-0.6570267271476955,0.06966671530655688,0.8204329539909907,-0.39075725106898396,-0.6361276280588162,-0.14125327883151229,-0.1781057493664113,1.2954683970974397,-0.632834588424933,-0.1474557687191013
0.0,0.0,0.0,1.0,0.0,1.0,0.0,0.0,0.0,0.0,0.0,0.0,1.0,0.0,0.0,1.0,0.0,0.9318944474650244,-1.535265399434998,-1.2930355987730566,0.4580711233163813,0.9258737865415383,-1.8076919999425316,-0.6475775332438344,-0.14125327883151229,-0.1781057493664113,1.5876993797216516,-0.632834588424933,-0.1474557687191013
0.0,0.0,0.0,1.0,1.0,0.0,0.0,1.0,0.0,0.0,0.0,0.0,0.0,1.0,0.0,0.0,0.0,0.6450485445118945,-1.0646005847255473,-1.5376543955520416,0.263868919311469,0.9258737865415383,-1.5855779041731646,0.01651696748721598,-0.14125327883151229,-0.1781057493664113,1.5876993797216516,-0.632834588424933,-0.1474557687191013
0.0,0.0,0.0,1.0,1.0,0.0,0.0,1.0,0.0,0.0,0.0,0.0,0.0,0.0,0.0,0.0,1.0,-0.5023350673006246,-1.5184559417668033,-0.16778913358972547,-0.7071421007130917,0.9258737865415383,-1.2945318476477874,-0.6475775332438344,-0.14125327883151229,-0.1781057493664113,-1.6268414291446816,-0.632834588424933,-0.1474557687191013
0.0,0.0,0.0,1.0,0.0,1.0,0.0,0.0,1.0,0.0,0.0,0.0,0.0,0.0,0.0,1.0,0.0,1.0753173989415892,-0.9049107368776979,1.4956186845073727,-1.095546508722916,-2.2109909818372504,-0.2835297565596344,-0.6475775332438344,-0.14125327883151229,-0.1781057493664113,1.5876993797216516,1.580191756725731,-0.1474557687191013
1.0,0.0,0.0,0.0,0.0,1.0,0.0,0.0,0.0,1.0,0.0,0.0,0.0,0.0,0.0,1.0,0.0,1.5055862533712838,0.12887090971627443,-0.6081029677918985,0.4580711233163813,0.9258737865415383,-0.09971119454360661,-0.6475775332438344,-0.14125327883151229,-0.1781057493664113,0.7110064318490154,1.580191756725731,-0.1474557687191013
0.0,0.0,0.0,1.0,0.0,1.0,0.0,0.0,0.0,0.0,1.0,0.0,0.0,0.0,1.0,0.0,0.0,-1.362872776160014,-1.7117647049510423,-0.06994161487813147,0.263868919311469,0.8896285003522876,-1.4247366624091404,-0.6475775332438344,-0.14125327883151229,-0.1781057493664113,-1.6268414291446816,-0.632834588424933,-0.1474557687191013
0.0,0.0,0.0,1.0,0.0,1.0,0.0,1.0,0.0,0.0,0.0,0.0,0.0,0.0,0.0,1.0,0.0,1.5055862533712838,-1.0898147712278392,0.46821973803563555,2.7884975713753266,-1.1499926042973658,-0.7200988413477005,-0.6475775332438344,-0.14125327883151229,2.3859145701894855,-1.6268414291446816,-0.632834588424933,-0.05611594710384673
1.0,0.0,0.0,0.0,0.0,1.0,0.0,0.0,1.0,0.0,0.0,0.0,0.0,0.0,0.0,0.0,1.0,-0.6457580187771894,-0.29977026082268965,1.3488474064399816,-1.095546508722916,-1.8864309191425963,0.22197128898444207,-0.6475775332438344,-0.14125327883151229,-0.1781057493664113,1.2954683970974397,1.580191756725731,-0.1474557687191013
0.0,0.0,0.0,1.0,0.0,1.0,0.0,0.0,0.0,0.0,0.0,0.0,1.0,0.0,0.0,1.0,0.0,1.5055862533712838,-2.3757382828447318,-0.6570267271476955,2.20589095936059,0.9258737865415383,-2.1983064442265907,-0.6475775332438344,-0.14125327883151229,1.616708474322716,-1.6268414291446816,-0.632834588424933,-0.08351789358842311
0.0,1.0,0.0,0.0,0.0,1.0,0.0,0.0,0.0,0.0,1.0,0.0,0.0,0.0,0.0,0.0,1.0,-0.2154891643474948,-0.5014837528410258,1.3977711657957785,1.1377788373335735,0.9258737865415383,0.05347094046974989,-0.4758289554685627,-0.14125327883151229,-0.1781057493664113,-0.7501484812720451,-0.632834588424933,-0.1474557687191013
0.0,0.0,1.0,0.0,0.0,1.0,0.0,0.0,1.0,0.0,0.0,0.0,0.0,1.0,0.0,0.0,0.0,0.5016255930353297,1.4063896924990695,-1.6844256736194325,1.1377788373335735,0.8253754930167977,0.2066530754831064,2.7873940222615983,-0.14125327883151229,-0.1781057493664113,-0.16568651602362097,1.580191756725731,-0.1474557687191013
0.0,1.0,0.0,0.0,0.0,1.0,0.0,0.0,0.0,0.0,0.0,0.0,1.0,0.0,0.0,0.0,1.0,-0.6457580187771894,-0.9805532963845739,-0.7548742458592895,-0.22163659070081138,0.9258737865415383,-1.0800768586290883,-0.6475775332438344,-0.14125327883151229,-0.1781057493664113,-1.0423794638962574,-0.632834588424933,-0.1474557687191013
1.0,0.0,0.0,0.0,0.0,1.0,0.0,0.0,0.0,0.0,0.0,0.0,1.0,0.0,0.0,0.0,1.0,-0.07206621287092989,0.9861532507942028,-0.7059504865034925,0.36097002131392514,0.8517357011544345,0.5666310927644941,2.2721482889357834,-0.14125327883151229,-0.1781057493664113,0.7110064318490154,-0.632834588424933,-0.1474557687191013
0.0,0.0,1.0,0.0,0.0,1.0,1.0,0.0,0.0,0.0,0.0,0.0,0.0,0.0,0.0,0.0,1.0,-0.6457580187771894,1.490436980840043,-0.021017855522334466,-0.1245354886983552,0.5584783856232243,1.317223554329941,-0.39567961917343597,-0.14125327883151229,-0.1781057493664113,0.41877544922480325,-0.632834588424933,-0.1474557687191013
0.0,1.0,0.0,0.0,0.0,1.0,0.0,0.0,0.0,0.0,1.0,0.0,0.0,0.0,1.0,0.0,0.0,-1.076026873206884,0.5154884360847519,1.9359325187095457,0.6522733273212932,0.8682108312404576,1.11042767206191,-0.6475775332438344,17.230812530565217,-0.1781057493664113,-0.4579174986478331,-0.632834588424933,17.207110338179262
0.0,0.0,1.0,0.0,0.0,1.0,0.0,0.0,1.0,0.0,0.0,0.0,0.0,1.0,0.0,0.0,0.0,0.21477969008219988,1.2130809293148308,-0.7548742458592895,0.263868919311469,0.9258737865415383,0.7198132277778507,3.256840134847341,-0.14125327883151229,-0.1781057493664113,0.12654446660059115,1.580191756725731,-0.1474557687191013
0.0,1.0,0.0,0.0,0.0,1.0,0.0,0.0,0.0,0.0,0.0,1.0,0.0,0.0,1.0,0.0,0.0,-1.076026873206884,0.3221796729005131,0.7617622941704176,-0.5129398967081796,-0.393784133348908,0.6049266265178332,-0.6475775332438344,-0.14125327883151229,-0.1781057493664113,-0.7501484812720451,-0.632834588424933,-0.1474557687191013
0.0,0.0,0.0,1.0,0.0,1.0,0.0,0.0,0.0,0.0,0.0,0.0,1.0,1.0,0.0,0.0,0.0,0.07135673860563499,-2.1235964178218114,-1.5865781549078386,2.20589095936059,0.9258737865415383,-2.4587160737492972,0.6920613734032844,-0.14125327883151229,2.1295125382338953,-1.6268414291446816,-0.632834588424933,-0.0652499292653722
1.0,0.0,0.0,0.0,0.0,1.0,0.0,0.0,0.0,0.0,0.0,1.0,0.0,0.0,0.0,0.0,1.0,-0.07206621287092989,0.893701233619132,-0.9016455239266805,0.263868919311469,0.9258737865415383,0.3751534239977985,2.3293978148608745,-0.14125327883151229,-0.1781057493664113,0.7110064318490154,-0.632834588424933,-0.1474557687191013
0.0,1.0,0.0,0.0,0.0,1.0,1.0,0.0,0.0,0.0,0.0,0.0,0.0,0.0,0.0,0.0,1.0,-0.6457580187771894,-0.14848514180893754,0.17467718190085355,-0.9984454067204599,-1.0939771620048875,-0.007801913535592693,-0.45292914509852644,-0.14125327883151229,-0.1781057493664113,-0.7501484812720451,-0.632834588424933,-0.1474557687191013
1.0,0.0,0.0,0.0,0.0,1.0,0.0,0.0,0.0,0.0,0.0,1.0,0.0,0.0,1.0,0.0,0.0,-1.219449824683449,-0.9637438387163793,-0.7548742458592895,-0.6100409987106356,0.8945710393780945,-1.0647586451277526,-0.6475775332438344,-0.14125327883151229,-0.1781057493664113,1.2954683970974397,-0.632834588424933,-0.1474557687191013
1.0,0.0,0.0,0.0,0.0,1.0,0.0,1.0,0.0,0.0,0.0,0.0,0.0,0.0,1.0,0.0,0.0,-1.362872776160014,-0.6947925160252644,0.3703722193240416,-0.1245354886983552,0.9258737865415383,-0.4060754645703196,-0.6475775332438344,-0.14125327883151229,-0.1781057493664113,1.2954683970974397,-0.632834588424933,-0.1474557687191013
0.0,0.0,0.0,1.0,0.0,1.0,0.0,0.0,0.0,0.0,1.0,0.0,0.0,0.0,0.0,0.0,1.0,-0.07206621287092989,-1.4680275687622195,-0.9016455239266805,-0.9013443047180038,0.3838420067113799,-1.5549414771704932,0.14246592452241516,-0.14125327883151229,-0.1781057493664113,-1.6268414291446816,-0.632834588424933,-0.1474557687191013
0.0,1.0,0.0,0.0,0.0,1.0,1.0,0.0,0.0,0.0,0.0,0.0,0.0,0.0,1.0,0.0,0.0,-1.5062957276365787,-0.257746616652203,-1.7333494329752295,-0.9984454067204599,0.9258737865415383,-1.1107132856317594,-0.6475775332438344,-0.14125327883151229,-0.1781057493664113,-0.7501484812720451,-0.632834588424933,-0.1474557687191013
0.0,0.0,1.0,0.0,0.0,1.0,1.0,0.0,0.0,0.0,0.0,0.0,0.0,0.0,1.0,0.0,0.0,-1.076026873206884,0.8516775894486454,1.2020761283725907,-0.1245354886983552,-0.5535928951833315,1.2099960598205917,-0.6475775332438344,-0.14125327883151229,-0.1781057493664113,0.41877544922480325,-0.632834588424933,-0.1474557687191013
0.0,0.0,1.0,0.0,0.0,1.0,0.0,0.0,0.0,0.0,0.0,1.0,0.0,0.0,0.0,1.0,0.0,0.9318944474650244,0.9441296066237161,1.8870087593537486,-0.9013443047180038,-2.1961633647598298,1.4857239028446332,-0.6361276280588162,16.773652904002144,-0.1781057493664113,0.41877544922480325,-0.632834588424933,16.75041123010299
0.0,0.0,0.0,1.0,0.0,1.0,0.0,0.0,0.0,0.0,1.0,0.0,0.0,0.0,0.0,0.0,1.0,-0.6457580187771894,-1.7790025356238206,-0.36348417101291347,-1.192647610725372,0.9044561174297082,-1.5855779041731646,-0.6475775332438344,-0.14125327883151229,-0.1781057493664113,-1.6268414291446816,-0.632834588424933,-0.1474557687191013
0.0,0.0,1.0,0.0,0.0,1.0,0.0,0.0,0.0,0.0,0.0,1.0,0.0,0.0,0.0,0.0,1.0,-0.7891809702537543,0.3978222324073893,0.7128385348146206,-1.2897487127278282,-0.41190677644353335,0.6508812670218403,-0.6017779125037619,-0.14125327883151229,-0.1781057493664113,-0.16568651602362097,-0.632834588424933,-0.1474557687191013
0.0,1.0,0.0,0.0,0.0,1.0,1.0,0.0,0.0,0.0,0.0,0.0,0.0,1.0,0.0,0.0,0.0,0.21477969008219988,-0.9049107368776979,-1.7822731923310267,1.3319810413384858,0.3113514343328785,-1.6468507581785072,2.5927456341162904,-0.14125327883151229,-0.1781057493664113,-1.0423794638962574,-0.632834588424933,-0.1474557687191013
0.0,0.0,0.0,1.0,0.0,1.0,0.0,0.0,1.0,0.0,0.0,0.0,0.0,0.0,0.0,1.0,0.0,1.0753173989415892,-1.736978891453334,-1.2930355987730566,2.982699775380239,0.9258737865415383,-1.9685332417065557,-0.6475775332438344,-0.14125327883151229,-0.1781057493664113,-1.3346104465204693,1.580191756725731,-0.1474557687191013
0.0,0.0,1.0,0.0,0.0,1.0,0.0,0.0,0.0,0.0,0.0,1.0,0.0,0.0,0.0,1.0,0.0,0.9318944474650244,1.9442923378812993,-0.6570267271476955,0.263868919311469,0.9258737865415383,1.3784964083352838,0.09666630378234282,-0.14125327883151229,-0.1781057493664113,0.12654446660059115,-0.632834588424933,-0.1474557687191013
0.0,0.0,0.0,1.0,0.0,1.0,1.0,0.0,0.0,0.0,0.0,0.0,0.0,0.0,1.0,0.0,0.0,-1.6497186791131437,-1.081410042393742,0.22360094125665056,-0.9984454067204599,-0.8452026977059395,-0.7890308021037108,-0.6475775332438344,-0.14125327883151229,-0.1781057493664113,1.5876993797216516,-0.632834588424933,-0.1474557687191013
0.0,1.0,0.0,0.0,0.0,1.0,0.0,0.0,0.0,0.0,0.0,0.0,1.0,0.0,1.0,0.0,0.0,-0.9326039217303193,-0.28296080315449507,1.2509998877283877,-0.02743438669589927,-1.6327139158178412,0.21431218223377418,-0.6475775332438344,-0.14125327883151229,-0.1781057493664113,-0.7501484812720451,-0.632834588424933,-0.1474557687191013
0.0,0.0,0.0,1.0,0.0,1.0,0.0,1.0,0.0,0.0,0.0,0.0,0.0,1.0,0.0,0.0,0.0,0.21477969008219988,-0.5855310411819992,0.12575342254505653,0.555172225318837,-1.4893802840694408,-0.39075725106898396,0.3943638385928137,-0.14125327883151229,-0.1781057493664113,-1.6268414291446816,-0.632834588424933,-0.1474557687191013
0.0,1.0,0.0,0.0,0.0,1.0,0.0,0.0,1.0,0.0,0.0,0.0,0.0,0.0,1.0,0.0,0.0,-1.076026873206884,-0.08124731113615896,-0.36348417101291347,-0.1245354886983552,0.8253754930167977,-0.1609840485489492,-0.6475775332438344,-0.14125327883151229,-0.1781057493664113,-0.4579174986478331,1.580191756725731,-0.1474557687191013
0.0,0.0,0.0,1.0,1.0,0.0,1.0,0.0,0.0,0.0,0.0,0.0,0.0,0.0,0.0,1.0,0.0,1.5055862533712838,-1.1486478730665206,0.5660672567472296,1.6232843473458538,-0.38554656830589645,-0.743076161599704,-0.6475775332438344,-0.14125327883151229,-0.1781057493664113,-1.3346104465204693,-0.632834588424933,-0.1474557687191013
0.0,0.0,0.0,1.0,0.0,1.0,0.0,0.0,0.0,0.0,0.0,0.0,1.0,0.0,1.0,0.0,0.0,-1.362872776160014,-0.8376729062049192,0.32144845996824456,-0.9013443047180038,-1.858423197996357,-0.5439393860823405,-0.6475775332438344,-0.14125327883151229,-0.1781057493664113,-1.6268414291446816,-0.632834588424933,-0.1474557687191013
0.0,1.0,0.0,0.0,0.0,1.0,1.0,0.0,0.0,0.0,0.0,0.0,0.0,0.0,0.0,1.0,0.0,0.9318944474650244,0.8600823182827427,-1.2930355987730566,0.8464755313262055,0.5502408205802127,0.09942558097375682,0.5546625111830672,-0.14125327883151229,-0.1781057493664113,-0.4579174986478331,-0.632834588424933,-0.1474557687191013
0.0,1.0,0.0,0.0,0.0,1.0,1.0,0.0,0.0,0.0,0.0,0.0,0.0,0.0,0.0,0.0,1.0,-0.6457580187771894,-1.6529316031123606,-0.31456041165711646,-1.192647610725372,0.19273049771351256,-1.4630321961624795,-0.6475775332438344,-0.14125327883151229,-0.1781057493664113,-1.0423794638962574,-0.632834588424933,-0.1474557687191013
1.0,0.0,0.0,0.0,0.0,1.0,1.0,0.0,0.0,0.0,0.0,0.0,0.0,1.0,0.0,0.0,0.0,0.3582026415587648,-0.4426506510023444,-1.8801207110426206,0.4580711233163813,0.9258737865415383,-1.3864411286558012,1.26455663265419,-0.14125327883151229,-0.1781057493664113,1.2954683970974397,-0.632834588424933,-0.1474557687191013
0.0,0.0,1.0,0.0,0.0,1.0,1.0,0.0,0.0,0.0,0.0,0.0,0.0,0.0,0.0,0.0,1.0,-0.2154891643474948,1.465222794337751,-0.021017855522334466,-1.095546508722916,0.7199346604662501,1.2942462340779375,1.459205020799498,-0.14125327883151229,-0.1781057493664113,0.41877544922480325,-0.632834588424933,-0.1474557687191013
0.0,0.0,1.0,0.0,0.0,1.0,0.0,0.0,0.0,0.0,0.0,1.0,0.0,0.0,0.0,1.0,0.0,1.6490092048478489,1.3811755059967776,0.9574573315936056,-0.3187376927032675,0.05104437897371434,1.6006105041046506,-0.6475775332438344,-0.14125327883151229,-0.1781057493664113,0.41877544922480325,-0.632834588424933,-0.1474557687191013
0.0,0.0,0.0,1.0,0.0,1.0,0.0,1.0,0.0,0.0,0.0,0.0,0.0,1.0,0.0,0.0,0.0,0.21477969008219988,-0.6695783295229725,-0.8527217645708836,0.06966671530655688,-0.5618304602263431,-0.8656218696103891,0.531762700813031,-0.14125327883151229,-0.1781057493664113,-1.3346104465204693,-0.632834588424933,-0.1474557687191013
0.0,0.0,0.0,1.0,0.0,1.0,0.0,1.0,0.0,0.0,0.0,0.0,0.0,0.0,0.0,0.0,1.0,-0.5023350673006246,-1.6025032301077768,-0.9994930426382745,1.817486551350766,0.9159887084899244,-1.70812361218385,-0.6361276280588162,-0.14125327883151229,-0.1781057493664113,1.5876993797216516,-0.632834588424933,-0.1474557687191013
0.0,1.0,0.0,0.0,0.0,1.0,0.0,0.0,0.0,0.0,0.0,1.0,0.0,1.0,0.0,0.0,0.0,0.5016255930353297,-0.5519121258456098,-0.9505692832824775,1.5261832453433977,0.9258737865415383,-0.8196672291063822,0.7378609941433569,-0.14125327883151229,-0.1781057493664113,-1.0423794638962574,-0.632834588424933,-0.1474557687191013
0.0,1.0,0.0,0.0,0.0,1.0,0.0,0.0,0.0,0.0,0.0,0.0,1.0,0.0,0.0,1.0,0.0,0.9318944474650244,0.7256066569371853,-0.9016455239266805,1.72038544934831,0.9044561174297082,0.23728950248577774,0.7035112785883025,-0.14125327883151229,-0.1781057493664113,-0.4579174986478331,-0.632834588424933,-0.1474557687191013
1.0,0.0,0.0,0.0,0.0,1.0,0.0,0.0,0.0,0.0,0.0,1.0,0.0,1.0,0.0,0.0,0.0,0.07135673860563499,-0.383817549163663,-1.1951880800614625,-0.22163659070081138,0.7479423816124893,-0.8196672291063822,1.882851512645168,-0.14125327883151229,-0.1781057493664113,1.0032374144732275,-0.632834588424933,-0.1474557687191013
0.0,1.0,0.0,0.0,0.0,1.0,0.0,0.0,0.0,0.0,1.0,0.0,0.0,0.0,0.0,0.0,1.0,-0.5023350673006246,0.17929928272085843,-0.4124079303687105,-0.1245354886983552,0.15154267249845493,0.03815272696841423,0.6119120371081578,-0.14125327883151229,-0.1781057493664113,-0.4579174986478331,-0.632834588424933,-0.1474557687191013
0.0,1.0,0.0,0.0,0.0,1.0,0.0,0.0,0.0,1.0,0.0,0.0,0.0,1.0,0.0,0.0,0.0,0.6450485445118945,0.918915420121424,-1.0973405613498686,-0.1245354886983552,0.6144938279157026,0.27558503623911684,0.8867097615485925,-0.14125327883151229,-0.1781057493664113,-0.4579174986478331,1.580191756725731,-0.1474557687191013
1.0,0.0,0.0,0.0,0.0,1.0,0.0,0.0,0.0,0.0,0.0,0.0,1.0,0.0,0.0,0.0,1.0,-0.2154891643474948,1.0365816237987866,-0.4613316897245075,2.108789857358134,0.919283734507129,0.7351314412791863,1.791252271165023,-0.14125327883151229,-0.1781057493664113,0.7110064318490154,-0.632834588424933,-0.1474557687191013
0.0,1.0,0.0,0.0,0.0,1.0,0.0,0.0,0.0,0.0,0.0,0.0,1.0,1.0,0.0,0.0,0.0,0.3582026415587648,0.28015602873002643,-1.4887306361962445,1.6232843473458538,0.6029612368554865,-0.4903256388276657,2.9705925052218882,-0.14125327883151229,-0.1781057493664113,-0.7501484812720451,-0.632834588424933,-0.1474557687191013
0.0,0.0,1.0,0.0,0.0,1.0,0.0,0.0,0.0,0.0,0.0,1.0,0.0,1.0,0.0,0.0,0.0,0.07135673860563499,0.6247499109280173,1.8870087593537486,0.06966671530655688,-1.945741387452279,1.2023369530699237,-0.4758289554685627,4.430342986799206,-0.1781057493664113,-0.16568651602362097,-0.632834588424933,4.419535312043626
0.0,0.0,1.0,0.0,0.0,1.0,0.0,0.0,0.0,0.0,1.0,0.0,0.0,0.0,0.0,0.0,1.0,-0.07206621287092989,1.1290336409738575,0.27252470061244755,0.06966671530655688,0.6062562628726911,1.1334049923139133,0.84091014080852,-0.14125327883151229,-0.1781057493664113,-0.16568651602362097,-0.632834588424933,-0.1474557687191013
0.0,1.0,0.0,0.0,0.0,1.0,0.0,1.0,0.0,0.0,0.0,0.0,0.0,0.0,0.0,1.0,0.0,1.362163301894719,-0.8376729062049192,0.027905903833462538,-0.22163659070081138,0.9258737865415383,-0.6435077738410222,-0.6475775332438344,-0.14125327883151229,-0.1781057493664113,-1.0423794638962574,-0.632834588424933,-0.1474557687191013
1.0,0.0,0.0,0.0,0.0,1.0,0.0,0.0,0.0,1.0,0.0,0.0,0.0,0.0,1.0,0.0,0.0,-1.219449824683449,0.7087971992689907,0.12575342254505653,-0.41583879470572344,0.9258737865415383,0.7121541210271828,-0.6475775332438344,-0.14125327883151229,-0.1781057493664113,0.7110064318490154,1.580191756725731,-0.1474557687191013
0.0,0.0,1.0,0.0,0.0,1.0,0.0,0.0,0.0,0.0,0.0,1.0,0.0,0.0,1.0,0.0,0.0,-1.6497186791131437,1.5072464385082376,-0.21671289294552248,-0.9013443047180038,0.9258737865415383,1.2406324868232628,-0.6475775332438344,-0.14125327883151229,-0.1781057493664113,0.12654446660059115,-0.632834588424933,-0.1474557687191013
0.0,0.0,1.0,0.0,0.0,1.0,0.0,0.0,1.0,0.0,0.0,0.0,0.0,0.0,1.0,0.0,0.0,-1.5062957276365787,0.5575120802552386,1.1042286096609966,-1.095546508722916,-1.6788442800587058,0.9189500032952143,-0.6475775332438344,-0.14125327883151229,-0.1781057493664113,-0.16568651602362097,1.580191756725731,-0.1474557687191013
1.0,0.0,0.0,0.0,0.0,1.0,0.0,0.0,0.0,1.0,0.0,0.0,0.0,0.0,0.0,1.0,0.0,0.9318944474650244,-0.3922222779977603,-0.6081029677918985,0.6522733273212932,0.6342639840189302,-0.520962065830337,-0.6475775332438344,-0.14125327883151229,-0.1781057493664113,1.2954683970974397,1.580191756725731,-0.1474557687191013
0.0,0.0,1.0,0.0,0.0,1.0,0.0,0.0,0.0,0.0,0.0,1.0,0.0,0.0,0.0,0.0,1.0,-0.6457580187771894,0.48186952074836265,0.27252470061244755,-0.9984454067204599,-0.5585354342091384,0.574290199515162,-0.09798208436296509,-0.14125327883151229,-0.1781057493664113,-0.16568651602362097,-0.632834588424933,-0.1474557687191013
0.0,0.0,0.0,1.0,0.0,1.0,0.0,0.0,1.0,0.0,0.0,0.0,0.0,1.0,0.0,0.0,0.0,0.7884714959884594,-1.2158857037392994,0.46821973803563555,-0.7071421007130917,-1.1153948311167174,-0.82732633585705,-0.5216285762086351,-0.14125327883151229,-0.1781057493664113,-1.6268414291446816,1.580191756725731,-0.1474557687191013
0.0,0.0,0.0,1.0,1.0,0.0,0.0,1.0,0.0,0.0,0.0,0.0,0.0,1.0,0.0,0.0,0.0,0.5016255930353297,-1.0646005847255473,-1.4887306361962445,0.7493744293237493,0.9258737865415383,-1.5549414771704932,0.38291393340779556,-0.14125327883151229,-0.1781057493664113,1.5876993797216516,-0.632834588424933,-0.1474557687191013
1.0,0.0,0.0,0.0,0.0,1.0,0.0,0.0,0.0,0.0,0.0,1.0,0.0,1.0,0.0,0.0,0.0,0.7884714959884594,-0.16529459947713232,0.6639147754588236,0.555172225318837,-1.9127911272802331,0.1453802214777638,-0.510178671023617,-0.14125327883151229,-0.1781057493664113,1.2954683970974397,-0.632834588424933,-0.1474557687191013
1.0,0.0,0.0,0.0,0.0,1.0,0.0,0.0,0.0,1.0,0.0,0.0,0.0,1.0,0.0,0.0,0.0,0.3582026415587648,0.5238931649188493,-1.4887306361962445,-0.02743438669589927,-0.37895651627148724,-0.3065070768116379,1.5622541674646608,-0.14125327883151229,-0.1781057493664113,1.2954683970974397,1.580191756725731,-0.1474557687191013
0.0,1.0,0.0,0.0,0.0,1.0,1.0,0.0,0.0,0.0,0.0,0.0,0.0,0.0,1.0,0.0,0.0,-0.9326039217303193,-0.5687215835138044,1.8870087593537486,-0.02743438669589927,-1.0725594928930575,0.11474379447509249,-0.6475775332438344,0.31590634773155957,-0.1781057493664113,-0.7501484812720451,-0.632834588424933,0.30924333935717147
0.0,1.0,0.0,0.0,0.0,1.0,0.0,0.0,0.0,0.0,1.0,0.0,0.0,0.0,0.0,1.0,0.0,1.6490092048478489,-0.8628870927072111,0.7128385348146206,0.06966671530655688,-1.5981161426371928,-0.44437099832365873,-0.6475775332438344,-0.14125327883151229,-0.1781057493664113,-1.0423794638962574,-0.632834588424933,-0.1474557687191013
0.0,0.0,0.0,1.0,0.0,1.0,0.0,0.0,0.0,1.0,0.0,0.0,0.0,0.0,0.0,1.0,0.0,1.0753173989415892,-0.8376729062049192,-0.9016455239266805,0.8464755313262055,0.6029612368554865,-1.034122218125081,-0.6361276280588162,-0.14125327883151229,-0.1781057493664113,-1.3346104465204693,1.580191756725731,-0.1474557687191013
0.0,0.0,0.0,1.0,0.0,1.0,0.0,1.0,0.0,0.0,0.0,0.0,0.0,0.0,0.0,1.0,0.0,1.362163301894719,-0.8628870927072111,0.7128385348146206,0.6522733273212932,-1.000068920514556,-0.44437099832365873,-0.6475775332438344,-0.14125327883151229,6.48834708147892,1.5876993797216516,-0.632834588424933,0.09002776748056054
0.0,0.0,1.0,0.0,0.0,1.0,0.0,1.0,0.0,0.0,0.0,0.0,0.0,1.0,0.0,0.0,0.0,0.3582026415587648,1.5996984556833085,-0.6570267271476955,1.0406777353311174,0.8698583442490598,1.0951094585605743,1.0813581496939002,-0.14125327883151229,-0.1781057493664113,0.41877544922480325,-0.632834588424933,-0.1474557687191013
0.0,0.0,1.0,0.0,0.0,1.0,0.0,0.0,0.0,0.0,0.0,1.0,0.0,1.0,0.0,0.0,0.0,0.07135673860563499,0.918915420121424,-0.36348417101291347,0.06966671530655688,0.9258737865415383,0.6815176940245116,1.974450754125313,-0.14125327883151229,-0.1781057493664113,-0.16568651602362097,-0.632834588424933,-0.1474557687191013
0.0,0.0,1.0,0.0,0.0,1.0,0.0,0.0,1.0,0.0,0.0,0.0,0.0,0.0,1.0,0.0,0.0,-1.6497186791131437,1.4231991501672643,0.12575342254505653,-0.02743438669589927,0.5864861067694634,1.324882661080609,-0.6475775332438344,-0.14125327883151229,-0.1781057493664113,0.41877544922480325,1.580191756725731,-0.1474557687191013
0.0,1.0,0.0,0.0,0.0,1.0,0.0,0.0,0.0,0.0,0.0,1.0,0.0,0.0,0.0,0.0,1.0,-0.3589121158240597,-0.9973627540527686,0.17467718190085355,-0.9013443047180038,-0.1647798251531876,-0.7277579480983682,0.325664407482705,-0.14125327883151229,-0.1781057493664113,-1.0423794638962574,-0.632834588424933,-0.1474557687191013
0.0,0.0,0.0,1.0,0.0,1.0,0.0,0.0,0.0,0.0,1.0,0.0,0.0,1.0,0.0,0.0,0.0,0.6450485445118945,-0.7536256178639459,-0.36348417101291347,0.06966671530655688,-0.5371177650973085,-0.7200988413477005,-0.09798208436296509,-0.14125327883151229,2.1295125382338953,1.5876993797216516,-0.632834588424933,-0.0652499292653722
0.0,1.0,0.0,0.0,0.0,1.0,0.0,0.0,0.0,0.0,0.0,1.0,0.0,0.0,1.0,0.0,0.0,-1.362872776160014,-0.3922222779977603,-0.6570267271476955,-0.8042432027155477,0.9044561174297082,-0.5439393860823405,-0.6475775332438344,-0.14125327883151229,-0.1781057493664113,-0.7501484812720451,-0.632834588424933,-0.1474557687191013
1.0,0.0,0.0,0.0,0.0,1.0,1.0,0.0,0.0,0.0,0.0,0.0,0.0,0.0,1.0,0.0,0.0,-1.076026873206884,-1.2663140767438834,-0.8037980052150865,-0.9984454067204599,0.9258737865415383,-1.3404864881517942,-0.6475775332438344,-0.14125327883151229,-0.1781057493664113,1.2954683970974397,-0.632834588424933,-0.1474557687191013
0.0,0.0,1.0,0.0,0.0,1.0,0.0,0.0,0.0,0.0,0.0,1.0,0.0,1.0,0.0,0.0,0.0,0.3582026415587648,1.9106734225449096,-0.4613316897245075,1.0406777353311174,-0.2866957877897582,1.4627465825926298,2.1003997111605117,-0.14125327883151229,-0.1781057493664113,0.12654446660059115,-0.632834588424933,-0.1474557687191013
0.0,0.0,0.0,1.0,0.0,1.0,0.0,0.0,1.0,0.0,0.0,0.0,0.0,1.0,0.0,0.0,0.0,0.21477969008219988,-0.5939357700160964,-1.0973405613498686,0.06966671530655688,0.5634209246490312,-0.9345538303663996,0.6348118474781941,-0.14125327883151229,-0.1781057493664113,1.5876993797216516,1.580191756725731,-0.1474557687191013
0.0,0.0,1.0,0.0,0.0,1.0,0.0,0.0,0.0,0.0,0.0,0.0,1.0,0.0,0.0,1.0,0.0,1.2187403504181542,1.3223424041580962,0.3703722193240416,0.16676781730901283,-0.3773090032628849,1.3402008745819447,-0.5445283865786714,-0.14125327883151229,-0.1781057493664113,0.12654446660059115,-0.632834588424933,-0.1474557687191013
0.0,0.0,0.0,1.0,0.0,1.0,0.0,0.0,0.0,0.0,0.0,1.0,0.0,0.0,1.0,0.0,0.0,-1.076026873206884,-1.4596228399281221,0.027905903833462538,2.5942953673704148,0.021389144818872847,-1.17964524638777,-0.6475775332438344,-0.14125327883151229,2.1295125382338953,-1.6268414291446816,-0.632834588424933,-0.0652499292653722
0.0,1.0,0.0,0.0,0.0,1.0,0.0,0.0,0.0,0.0,0.0,1.0,0.0,0.0,1.0,0.0,0.0,-1.076026873206884,0.5659168090893361,0.07682966318925954,0.16676781730901283,-0.12194448692952768,0.574290199515162,-0.6475775332438344,-0.14125327883151229,-0.1781057493664113,-0.4579174986478331,-0.632834588424933,-0.1474557687191013
0.0,0.0,1.0,0.0,0.0,1.0,0.0,0.0,0.0,0.0,0.0,1.0,0.0,1.0,0.0,0.0,0.0,0.3582026415587648,1.0533910814669816,-0.6570267271476955,0.4580711233163813,0.8616207792060483,0.6432221602711724,0.9439592874736829,-0.14125327883151229,-0.1781057493664113,-0.16568651602362097,-0.632834588424933,-0.1474557687191013
1.0,0.0,0.0,0.0,0.0,1.0,0.0,1.0,0.0,0.0,0.0,0.0,0.0,0.0,0.0,1.0,0.0,1.0753173989415892,0.011204706038911709,0.3703722193240416,-0.02743438669589927,-1.2076555595984466,0.1989939687324386,-0.6475775332438344,-0.14125327883151229,-0.1781057493664113,1.2954683970974397,-0.632834588424933,-0.1474557687191013
0.0,0.0,1.0,0.0,0.0,1.0,1.0,0.0,0.0,0.0,0.0,0.0,0.0,0.0,0.0,1.0,0.0,0.9318944474650244,1.1038194544715654,-0.21671289294552248,0.4580711233163813,-0.42014434148654484,0.9036317897938787,0.3600141230377593,-0.14125327883151229,-0.1781057493664113,-0.16568651602362097,-0.632834588424933,-0.1474557687191013
0.0,0.0,0.0,1.0,0.0,1.0,1.0,0.0,0.0,0.0,0.0,0.0,0.0,1.0,0.0,0.0,0.0,0.6450485445118945,-0.5939357700160964,-1.4887306361962445,-0.02743438669589927,-0.42014434148654484,-1.17964524638777,0.531762700813031,-0.14125327883151229,-0.1781057493664113,-1.3346104465204693,-0.632834588424933,-0.1474557687191013
0.0,0.0,0.0,1.0,0.0,1.0,1.0,0.0,0.0,0.0,0.0,0.0,0.0,0.0,1.0,0.0,0.0,-0.9326039217303193,-1.585693772439582,-0.11886537423392847,0.263868919311469,0.8286705190340022,-1.3328273814011264,-0.6475775332438344,-0.14125327883151229,-0.1781057493664113,1.5876993797216516,-0.632834588424933,-0.1474557687191013
0.0,0.0,1.0,0.0,0.0,1.0,0.0,0.0,0.0,0.0,1.0,0.0,0.0,0.0,0.0,1.0,0.0,1.2187403504181542,1.7509835746970601,-0.021017855522334466,0.6522733273212932,0.13342002940382958,1.539337650099308,-0.6017779125037619,-0.14125327883151229,-0.1781057493664113,0.41877544922480325,-0.632834588424933,-0.1474557687191013
0.0,0.0,1.0,0.0,0.0,1.0,0.0,0.0,1.0,0.0,0.0,0.0,0.0,0.0,0.0,0.0,1.0,-0.5023350673006246,0.6835830127666986,-0.31456041165711646,-0.1245354886983552,0.9225787605243336,0.5053582387591516,0.7264110889583387,-0.14125327883151229,-0.1781057493664113,0.12654446660059115,1.580191756725731,-0.1474557687191013
0.0,0.0,0.0,1.0,0.0,1.0,1.0,0.0,0.0,0.0,0.0,0.0,0.0,1.0,0.0,0.0,0.0,0.5016255930353297,-1.6445268742782635,-1.5865781549078386,0.6522733273212932,0.9044561174297082,-2.0757607362159054,0.4516133645179042,-0.14125327883151229,-0.1781057493664113,-1.6268414291446816,-0.632834588424933,-0.1474557687191013
1.0,0.0,0.0,0.0,0.0,1.0,0.0,0.0,0.0,0.0,0.0,0.0,1.0,1.0,0.0,0.0,0.0,0.21477969008219988,0.2213229268913451,-0.8527217645708836,0.555172225318837,-0.1911400332908245,-0.14566583504761357,1.6538534089448054,-0.14125327883151229,-0.1781057493664113,1.2954683970974397,-0.632834588424933,-0.1474557687191013
0.0,1.0,0.0,0.0,1.0,0.0,0.0,0.0,0.0,0.0,0.0,1.0,0.0,0.0,0.0,0.0,1.0,-0.7891809702537543,0.2045134692231505,-2.8585958981585606,-1.192647610725372,0.416792266883426,0.4670627050058125,-0.5788781021337256,-0.14125327883151229,-0.1781057493664113,-0.4579174986478331,-0.632834588424933,-0.1474557687191013
1.0,0.0,0.0,0.0,0.0,1.0,0.0,1.0,0.0,0.0,0.0,0.0,0.0,0.0,0.0,0.0,1.0,-0.3589121158240597,-0.7116019736934591,0.07682966318925954,-0.9013443047180038,-0.7760071513446427,-0.520962065830337,-0.12088189473300126,-0.14125327883151229,-0.1781057493664113,1.2954683970974397,-0.632834588424933,-0.1474557687191013
1.0,0.0,0.0,0.0,0.0,1.0,0.0,1.0,0.0,0.0,0.0,0.0,0.0,0.0,0.0,1.0,0.0,1.362163301894719,0.2045134692231505,1.3488474064399816,-0.41583879470572344,-2.0758949151318613,0.6738585872738436,-0.6475775332438344,-0.14125327883151229,-0.1781057493664113,1.0032374144732275,-0.632834588424933,-0.1474557687191013
0.0,0.0,1.0,0.0,0.0,1.0,0.0,0.0,1.0,0.0,0.0,0.0,0.0,0.0,0.0,0.0,1.0,-0.5023350673006246,0.6163451820939199,-0.21671289294552248,-0.7071421007130917,-1.0050114595403632,0.49004002525781587,0.7607608045133931,-0.14125327883151229,-0.1781057493664113,-0.16568651602362097,1.580191756725731,-0.1474557687191013
0.0,1.0,0.0,0.0,0.0,1.0,0.0,1.0,0.0,0.0,0.0,0.0,0.0,0.0,0.0,1.0,0.0,1.5055862533712838,-0.29136553198859233,1.5445424438631696,0.16676781730901283,0.9258737865415383,0.2832441429897847,-0.6475775332438344,-0.14125327883151229,-0.1781057493664113,-0.7501484812720451,-0.632834588424933,-0.1474557687191013
0.0,0.0,0.0,1.0,0.0,1.0,0.0,0.0,1.0,0.0,0.0,0.0,0.0,0.0,0.0,1.0,0.0,1.5055862533712838,-0.8040539908685298,-0.21671289294552248,-0.22163659070081138,0.013151579775861325,-0.7047806278463649,-0.6475775332438344,-0.14125327883151229,-0.1781057493664113,1.5876993797216516,1.580191756725731,-0.1474557687191013
1.0,0.0,0.0,0.0,0.0,1.0,0.0,0.0,0.0,0.0,0.0,1.0,0.0,1.0,0.0,0.0,0.0,0.21477969008219988,1.1290336409738575,-0.021017855522334466,1.0406777353311174,0.9258737865415383,1.010859284303228,2.638545254856363,-0.14125327883151229,-0.1781057493664113,0.7110064318490154,-0.632834588424933,-0.1474557687191013
0.0,0.0,1.0,0.0,0.0,1.0,0.0,0.0,0.0,1.0,0.0,0.0,0.0,0.0,0.0,1.0,0.0,1.6490092048478489,0.6583688262644065,-0.11886537423392847,-0.22163659070081138,0.9258737865415383,0.5666310927644941,-0.6475775332438344,-0.14125327883151229,-0.1781057493664113,-0.16568651602362097,1.580191756725731,-0.1474557687191013
0.0,1.0,0.0,0.0,0.0,1.0,0.0,0.0,0.0,0.0,0.0,1.0,0.0,1.0,0.0,0.0,0.0,0.5016255930353297,0.5743215379234332,-0.6570267271476955,0.9435766333286616,-1.2554334368479134,0.25260771598711335,1.4019554948744073,-0.14125327883151229,-0.1781057493664113,-1.0423794638962574,-0.632834588424933,-0.1474557687191013
0.0,0.0,1.0,0.0,0.0,1.0,0.0,0.0,0.0,0.0,0.0,1.0,0.0,0.0,0.0,1.0,0.0,1.5055862533712838,0.7844397587758666,1.7891612406421546,2.302992061363046,-2.0034043427533597,1.317223554329941,-0.6475775332438344,-0.14125327883151229,-0.1781057493664113,-0.16568651602362097,-0.632834588424933,-0.1474557687191013
0.0,1.0,0.0,0.0,0.0,1.0,0.0,0.0,0.0,0.0,1.0,0.0,0.0,0.0,1.0,0.0,0.0,-1.076026873206884,-0.022414209297477516,1.1042286096609966,-1.4839509167327403,-1.680491793067308,0.4057898510004698,-0.6475775332438344,-0.14125327883151229,-0.1781057493664113,-1.0423794638962574,-0.632834588424933,-0.1474557687191013
0.0,0.0,1.0,0.0,0.0,1.0,0.0,0.0,0.0,1.0,0.0,0.0,0.0,0.0,1.0,0.0,0.0,-1.076026873206884,0.3642033170709998,0.32144845996824456,-0.9013443047180038,-0.5684205122607523,0.49004002525781587,-0.6475775332438344,-0.14125327883151229,-0.1781057493664113,-0.16568651602362097,1.580191756725731,-0.1474557687191013
0.0,0.0,0.0,1.0,0.0,1.0,0.0,0.0,0.0,1.0,0.0,0.0,0.0,0.0,1.0,0.0,0.0,-1.076026873206884,-1.43440865342583,1.0063810909494026,-0.5129398967081796,-1.6228288377662274,-0.873280976361057,-0.6475775332438344,-0.14125327883151229,-0.1781057493664113,-1.6268414291446816,1.580191756725731,-0.1474557687191013
0.0,0.0,0.0,1.0,0.0,1.0,0.0,1.0,0.0,0.0,0.0,0.0,0.0,0.0,0.0,1.0,0.0,1.2187403504181542,-1.8798592816329889,-0.4613316897245075,2.011688755355678,0.9258737865415383,-1.70812361218385,-0.6475775332438344,-0.14125327883151229,-0.1781057493664113,1.5876993797216516,-0.632834588424933,-0.1474557687191013
0.0,0.0,1.0,0.0,0.0,1.0,1.0,0.0,0.0,0.0,0.0,0.0,0.0,0.0,0.0,1.0,0.0,1.0753173989415892,1.7089599305265735,-0.4613316897245075,0.8464755313262055,0.9258737865415383,1.2942462340779375,-0.2811805673232548,-0.14125327883151229,-0.1781057493664113,0.41877544922480325,-0.632834588424933,-0.1474557687191013
0.0,1.0,0.0,0.0,0.0,1.0,0.0,0.0,0.0,0.0,0.0,1.0,0.0,1.0,0.0,0.0,0.0,0.7884714959884594,0.5575120802552386,-0.06994161487813147,0.8464755313262055,-0.22409029346287057,0.5053582387591516,-0.02928265325285637,-0.14125327883151229,-0.1781057493664113,-0.7501484812720451,-0.632834588424933,-0.1474557687191013
1.0,0.0,0.0,0.0,1.0,0.0,0.0,0.0,0.0,1.0,0.0,0.0,0.0,0.0,0.0,0.0,1.0,-0.3589121158240597,0.44825060541197315,0.027905903833462538,-0.7071421007130917,0.8451456491200253,0.45174449150447676,0.33711431266772307,-0.14125327883151229,-0.1781057493664113,0.7110064318490154,1.580191756725731,-0.1474557687191013
0.0,0.0,0.0,1.0,0.0,1.0,0.0,0.0,0.0,0.0,0.0,0.0,1.0,0.0,1.0,0.0,0.0,-1.076026873206884,-2.3925477405129265,-1.3908831174846505,0.7493744293237493,0.9258737865415383,-2.5582844615079785,-0.6475775332438344,-0.14125327883151229,2.1295125382338953,-1.6268414291446816,-0.632834588424933,-0.0652499292653722
0.0,0.0,0.0,1.0,1.0,0.0,0.0,0.0,0.0,1.0,0.0,0.0,0.0,0.0,1.0,0.0,0.0,-0.9326039217303193,-1.1654573307347154,1.2999236470841846,1.0406777353311174,-1.8271204508329133,-0.5592575995836762,-0.6475775332438344,-0.14125327883151229,2.8987186341006645,1.5876993797216516,1.580191756725731,-0.03784798278079583
0.0,0.0,0.0,1.0,0.0,1.0,1.0,0.0,0.0,0.0,0.0,0.0,0.0,0.0,0.0,0.0,1.0,-0.3589121158240597,-1.5940985012736797,0.07682966318925954,-1.095546508722916,-1.2307207417188788,-1.2792136341464517,-0.5445283865786714,-0.14125327883151229,-0.1781057493664113,1.5876993797216516,-0.632834588424933,-0.1474557687191013
0.0,1.0,0.0,0.0,0.0,1.0,0.0,0.0,0.0,0.0,0.0,1.0,0.0,0.0,0.0,1.0,0.0,1.362163301894719,-0.11486622647254834,-1.3419593581288536,0.8464755313262055,0.29487630424685546,-0.7047806278463649,-0.6475775332438344,-0.14125327883151229,-0.1781057493664113,-0.7501484812720451,-0.632834588424933,-0.1474557687191013
0.0,0.0,1.0,0.0,0.0,1.0,0.0,0.0,0.0,0.0,0.0,0.0,1.0,1.0,0.0,0.0,0.0,0.7884714959884594,1.6921504728583792,-0.11886537423392847,0.4580711233163813,-0.016503654378980163,1.4474283690912941,0.531762700813031,-0.14125327883151229,-0.1781057493664113,0.12654446660059115,-0.632834588424933,-0.1474557687191013
0.0,1.0,0.0,0.0,0.0,1.0,0.0,1.0,0.0,0.0,0.0,0.0,0.0,1.0,0.0,0.0,0.0,0.6450485445118945,0.9441296066237161,-0.21671289294552248,0.8464755313262055,-1.799112729686674,0.7657678682818577,1.4248553052444435,-0.14125327883151229,-0.1781057493664113,-0.4579174986478331,-0.632834588424933,-0.1474557687191013
0.0,0.0,0.0,1.0,0.0,1.0,0.0,0.0,0.0,0.0,0.0,1.0,0.0,0.0,0.0,1.0,0.0,1.0753173989415892,-0.5855310411819992,-0.7059504865034925,-0.7071421007130917,-1.133517474211343,-0.7277579480983682,-0.6475775332438344,-0.14125327883151229,-0.1781057493664113,-1.3346104465204693,-0.632834588424933,-0.1474557687191013
0.0,0.0,0.0,1.0,0.0,1.0,0.0,0.0,1.0,0.0,0.0,0.0,0.0,0.0,1.0,0.0,0.0,-1.5062957276365787,-1.1738620595688127,0.27252470061244755,-1.2897487127278282,-0.27186817071233743,-0.8503036561090535,-0.6475775332438344,-0.14125327883151229,-0.1781057493664113,-1.6268414291446816,1.580191756725731,-0.1474557687191013
0.0,0.0,1.0,0.0,0.0,1.0,1.0,0.0,0.0,0.0,0.0,0.0,0.0,0.0,1.0,0.0,0.0,-1.6497186791131437,0.9273201489555215,-0.6570267271476955,0.263868919311469,0.9258737865415383,0.5436537725124907,-0.6475775332438344,-0.14125327883151229,-0.1781057493664113,0.41877544922480325,-0.632834588424933,-0.1474557687191013
0.0,1.0,0.0,0.0,0.0,1.0,0.0,0.0,0.0,1.0,0.0,0.0,0.0,1.0,0.0,0.0,0.0,0.07135673860563499,0.6247499109280173,-1.3419593581288536,0.8464755313262055,-0.2290328324886775,-0.12268851479561008,2.546946013376218,-0.14125327883151229,-0.1781057493664113,-0.7501484812720451,1.580191756725731,-0.1474557687191013
1.0,0.0,0.0,0.0,0.0,1.0,0.0,1.0,0.0,0.0,0.0,0.0,0.0,0.0,0.0,1.0,0.0,1.362163301894719,-0.6107452276842911,-0.7059504865034925,0.4580711233163813,-0.3838990552972942,-0.7507352683503716,-0.6475775332438344,-0.14125327883151229,-0.1781057493664113,1.2954683970974397,-0.632834588424933,-0.1474557687191013
0.0,1.0,0.0,0.0,0.0,1.0,0.0,0.0,0.0,1.0,0.0,0.0,0.0,0.0,1.0,0.0,0.0,-1.6497186791131437,-0.6023404988501937,-0.11886537423392847,-0.6100409987106356,-0.6903364748973229,-0.49798474557833355,-0.6475775332438344,-0.14125327883151229,-0.1781057493664113,-1.0423794638962574,1.580191756725731,-0.1474557687191013
0.0,0.0,0.0,1.0,0.0,1.0,0.0,0.0,0.0,0.0,0.0,1.0,0.0,1.0,0.0,0.0,0.0,0.5016255930353297,-1.207480974905202,-1.5865781549078386,1.2348799393360297,0.9258737865415383,-1.7311009324358533,0.3943638385928137,-0.14125327883151229,5.206336921700972,1.5876993797216516,-0.632834588424933,0.04435785667293328
0.0,0.0,1.0,0.0,0.0,1.0,0.0,0.0,0.0,0.0,1.0,0.0,0.0,0.0,1.0,0.0,0.0,-1.5062957276365787,1.0365816237987866,1.0063810909494026,-0.9013443047180038,-0.8468502107145418,1.3095644475792731,-0.6475775332438344,-0.14125327883151229,-0.1781057493664113,0.12654446660059115,-0.632834588424933,-0.1474557687191013
1.0,0.0,0.0,0.0,0.0,1.0,0.0,1.0,0.0,0.0,0.0,0.0,0.0,1.0,0.0,0.0,0.0,0.07135673860563499,0.44825060541197315,-0.9016455239266805,1.72038544934831,0.8566782401802414,0.015175406716410768,1.9630008489402944,-0.14125327883151229,-0.1781057493664113,1.0032374144732275,-0.632834588424933,-0.1474557687191013
0.0,0.0,1.0,0.0,0.0,1.0,0.0,0.0,0.0,0.0,0.0,0.0,1.0,0.0,0.0,0.0,1.0,-0.7891809702537543,0.893701233619132,0.9574573315936056,-1.3868498147302841,0.9258737865415383,1.1717005260672526,-0.6475775332438344,-0.14125327883151229,-0.1781057493664113,0.41877544922480325,-0.632834588424933,-0.1474557687191013
1.0,0.0,0.0,0.0,0.0,1.0,0.0,0.0,0.0,0.0,0.0,1.0,0.0,1.0,0.0,0.0,0.0,0.5016255930353297,-0.18210405714532693,-1.2441118394172594,0.8464755313262055,0.864915805223253,-0.6894624143450292,1.3332560637642987,-0.14125327883151229,-0.1781057493664113,1.0032374144732275,-0.632834588424933,-0.1474557687191013
0.0,1.0,0.0,0.0,0.0,1.0,0.0,0.0,0.0,1.0,0.0,0.0,0.0,0.0,0.0,1.0,0.0,1.2187403504181542,-0.19891351481352168,0.5660672567472296,1.0406777353311174,-1.9803391606329277,0.08410736747242123,-0.6475775332438344,-0.14125327883151229,-0.1781057493664113,-1.0423794638962574,1.580191756725731,-0.1474557687191013
0.0,1.0,0.0,0.0,0.0,1.0,0.0,0.0,0.0,0.0,0.0,1.0,0.0,0.0,0.0,1.0,0.0,1.362163301894719,1.0533910814669816,-0.11886537423392847,-0.9984454067204599,-0.912750731058634,0.9036317897938787,-0.6475775332438344,-0.14125327883151229,-0.1781057493664113,-0.4579174986478331,-0.632834588424933,-0.1474557687191013
0.0,0.0,0.0,1.0,0.0,1.0,1.0,0.0,0.0,0.0,0.0,0.0,0.0,0.0,0.0,1.0,0.0,1.0753173989415892,-1.3755755515871488,-1.1462643207056655,-0.6100409987106356,0.9258737865415383,-1.6008961176745005,-0.6475775332438344,-0.14125327883151229,-0.1781057493664113,1.5876993797216516,-0.632834588424933,-0.1474557687191013
0.0,1.0,0.0,0.0,0.0,1.0,1.0,0.0,0.0,0.0,0.0,0.0,0.0,1.0,0.0,0.0,0.0,0.3582026415587648,-0.8124587197026272,-1.7333494329752295,0.6522733273212932,0.1762553676274895,-1.5396232636691578,2.489696487451128,-0.14125327883151229,-0.1781057493664113,-1.0423794638962574,-0.632834588424933,-0.1474557687191013
0.0,1.0,0.0,0.0,0.0,1.0,0.0,0.0,0.0,0.0,0.0,1.0,0.0,0.0,0.0,0.0,1.0,-0.2154891643474948,-0.014009480463380209,0.46821973803563555,-0.41583879470572344,0.9258737865415383,0.21431218223377418,0.4630632697029223,-0.14125327883151229,-0.1781057493664113,-0.7501484812720451,-0.632834588424933,-0.1474557687191013
0.0,0.0,0.0,1.0,0.0,1.0,0.0,0.0,0.0,0.0,0.0,0.0,1.0,0.0,1.0,0.0,0.0,-1.076026873206884,-1.6529316031123606,0.6639147754588236,0.4580711233163813,0.9258737865415383,-1.1566679261357664,-0.6475775332438344,-0.14125327883151229,1.873110506278306,-1.6268414291446816,-0.632834588424933,-0.07438391142689764
0.0,0.0,0.0,1.0,0.0,1.0,0.0,0.0,0.0,1.0,0.0,0.0,0.0,0.0,1.0,0.0,0.0,-1.6497186791131437,-1.4007897380894407,-1.2441118394172594,-0.02743438669589927,0.9258737865415383,-1.6698280784305106,-0.6475775332438344,-0.14125327883151229,-0.1781057493664113,-1.3346104465204693,1.580191756725731,-0.1474557687191013
0.0,0.0,1.0,0.0,0.0,1.0,0.0,1.0,0.0,0.0,0.0,0.0,0.0,0.0,0.0,0.0,1.0,-0.6457580187771894,0.9609390642919108,0.7128385348146206,-0.8042432027155477,0.76276999868991,1.148723205815249,-0.2353809465831824,-0.14125327883151229,-0.1781057493664113,0.12654446660059115,-0.632834588424933,-0.1474557687191013
0.0,0.0,0.0,1.0,0.0,1.0,0.0,0.0,1.0,0.0,0.0,0.0,0.0,1.0,0.0,0.0,0.0,0.3582026415587648,-1.4428133822599272,-1.6355019142636356,0.263868919311469,0.4810452742189159,-1.95321502820522,0.7264110889583387,-0.14125327883151229,0.334698314544768,-1.6268414291446816,1.580191756725731,-0.12918780439605038
1.0,0.0,0.0,0.0,0.0,1.0,0.0,0.0,0.0,0.0,1.0,0.0,0.0,0.0,0.0,0.0,1.0,-0.07206621287092989,0.8768917759509374,0.12575342254505653,-0.5129398967081796,0.9258737865415383,0.8576771492898716,0.44016345933288603,-0.14125327883151229,-0.1781057493664113,0.7110064318490154,-0.632834588424933,-0.1474557687191013
0.0,1.0,0.0,0.0,0.0,1.0,0.0,0.0,0.0,0.0,0.0,0.0,1.0,0.0,0.0,1.0,0.0,1.362163301894719,0.19610874038905318,0.12575342254505653,-0.6100409987106356,0.8583257531888437,0.27558503623911684,-0.6475775332438344,-0.14125327883151229,-0.1781057493664113,-0.4579174986478331,-0.632834588424933,-0.1474557687191013
1.0,0.0,0.0,0.0,0.0,1.0,0.0,0.0,0.0,0.0,0.0,1.0,0.0,0.0,0.0,1.0,0.0,1.0753173989415892,-0.2745560743203976,-0.6570267271476955,-0.41583879470572344,0.7314672515264663,-0.44437099832365873,-0.6475775332438344,-0.14125327883151229,-0.1781057493664113,1.2954683970974397,-0.632834588424933,-0.1474557687191013
0.0,0.0,0.0,1.0,0.0,1.0,0.0,0.0,0.0,1.0,0.0,0.0,0.0,0.0,0.0,1.0,0.0,1.5055862533712838,-1.1234336865642287,-1.1951880800614625,-0.1245354886983552,0.8945710393780945,-1.4170775556584725,-0.6475775332438344,-0.14125327883151229,-0.1781057493664113,-1.3346104465204693,1.580191756725731,-0.1474557687191013
1.0,0.0,0.0,0.0,0.0,1.0,0.0,1.0,0.0,0.0,0.0,0.0,0.0,0.0,0.0,0.0,1.0,-0.7891809702537543,-0.156889870643035,1.1042286096609966,-1.4839509167327403,-0.604665798450003,0.2832441429897847,-0.6475775332438344,-0.14125327883151229,-0.1781057493664113,1.0032374144732275,-0.632834588424933,-0.1474557687191013
1.0,0.0,0.0,0.0,0.0,1.0,0.0,0.0,0.0,0.0,0.0,0.0,1.0,0.0,0.0,0.0,1.0,-0.2154891643474948,-0.4930790240069284,-0.4613316897245075,0.4580711233163813,0.7479423816124893,-0.5439393860823405,1.0813581496939002,-0.14125327883151229,-0.1781057493664113,1.0032374144732275,-0.632834588424933,-0.1474557687191013
0.0,1.0,0.0,0.0,0.0,1.0,0.0,1.0,0.0,0.0,0.0,0.0,0.0,0.0,0.0,0.0,1.0,-0.7891809702537543,-0.6779830583570697,0.5660672567472296,-0.9984454067204599,0.49587289129633666,-0.32948439706364135,-0.6475775332438344,-0.14125327883151229,-0.1781057493664113,-0.7501484812720451,-0.632834588424933,-0.1474557687191013
1.0,0.0,0.0,0.0,0.0,1.0,0.0,0.0,0.0,0.0,0.0,1.0,0.0,0.0,1.0,0.0,0.0,-1.6497186791131437,-0.6863877871911671,1.0063810909494026,-1.192647610725372,-1.7249746442995704,-0.21459779580362398,-0.6475775332438344,-0.14125327883151229,-0.1781057493664113,1.2954683970974397,-0.632834588424933,-0.1474557687191013
0.0,1.0,0.0,0.0,0.0,1.0,0.0,0.0,0.0,0.0,1.0,0.0,0.0,1.0,0.0,0.0,0.0,0.6450485445118945,0.7256066569371853,-1.7333494329752295,0.7493744293237493,-0.05604396658543548,-0.35246171731564485,1.6080537882047332,-0.14125327883151229,-0.1781057493664113,-0.7501484812720451,-0.632834588424933,-0.1474557687191013
0.0,0.0,1.0,0.0,0.0,1.0,0.0,0.0,1.0,0.0,0.0,0.0,0.0,0.0,0.0,1.0,0.0,1.0753173989415892,1.3643660483285829,0.9574573315936056,-1.6781531207376523,-0.7414093781639943,1.5852922906033151,-0.4758289554685627,-0.14125327883151229,-0.1781057493664113,0.12654446660059115,1.580191756725731,-0.1474557687191013
0.0,0.0,1.0,0.0,0.0,1.0,0.0,0.0,0.0,1.0,0.0,0.0,0.0,0.0,1.0,0.0,0.0,-1.5062957276365787,1.2298903869830253,1.2020761283725907,0.9435766333286616,-0.5107575569596716,1.5469967568499758,-0.6475775332438344,-0.14125327883151229,-0.1781057493664113,0.41877544922480325,1.580191756725731,-0.1474557687191013
0.0,1.0,0.0,0.0,0.0,1.0,0.0,0.0,0.0,0.0,0.0,0.0,1.0,1.0,0.0,0.0,0.0,0.07135673860563499,0.5322978937529464,-1.8801207110426206,-0.6100409987106356,0.3706619026425615,-0.6435077738410222,2.8789932637417435,-0.14125327883151229,-0.1781057493664113,-0.7501484812720451,-0.632834588424933,-0.1474557687191013
0.0,1.0,0.0,0.0,0.0,1.0,1.0,0.0,0.0,0.0,0.0,0.0,0.0,0.0,1.0,0.0,0.0,-1.076026873206884,-0.8881012792095032,0.8596098128820115,-0.7071421007130917,-1.7052044881963426,-0.42905278482232306,-0.6475775332438344,-0.14125327883151229,-0.1781057493664113,-1.0423794638962574,-0.632834588424933,-0.1474557687191013
0.0,0.0,1.0,0.0,0.0,1.0,1.0,0.0,0.0,0.0,0.0,0.0,0.0,0.0,0.0,1.0,0.0,1.6490092048478489,1.3979849636649722,0.8596098128820115,-0.5129398967081796,-0.45968465369300016,1.5852922906033151,-0.6475775332438344,-0.14125327883151229,-0.1781057493664113,0.12654446660059115,-0.632834588424933,-0.1474557687191013
0.0,0.0,0.0,1.0,0.0,1.0,0.0,0.0,0.0,0.0,1.0,0.0,0.0,0.0,0.0,1.0,0.0,1.0753173989415892,-1.2495046190756887,-1.1462643207056655,-0.3187376927032675,0.19767303673931946,-1.4936686231651506,-0.6475775332438344,-0.14125327883151229,-0.1781057493664113,-1.3346104465204693,-0.632834588424933,-0.1474557687191013
0.0,1.0,0.0,0.0,0.0,1.0,0.0,0.0,0.0,1.0,0.0,0.0,0.0,0.0,0.0,1.0,0.0,0.9318944474650244,0.5911309955916281,-1.4887306361962445,1.429082143340942,-0.5338227390801039,-0.2528933295569631,0.37146402822277746,-0.14125327883151229,-0.1781057493664113,-0.7501484812720451,1.580191756725731,-0.1474557687191013
0.0,1.0,0.0,0.0,1.0,0.0,0.0,0.0,0.0,0.0,0.0,1.0,0.0,0.0,0.0,1.0,0.0,1.0753173989415892,0.38101277473919465,1.6913137219305607,-1.3868498147302841,-1.8238254248157086,0.926609110045882,-0.5788781021337256,1.230225600857703,-0.1781057493664113,-0.4579174986478331,-0.632834588424933,1.2226415555097168
0.0,0.0,0.0,1.0,0.0,1.0,0.0,0.0,0.0,0.0,0.0,1.0,0.0,0.0,1.0,0.0,0.0,-1.362872776160014,-1.2747188055779806,0.5171434973914326,-0.7071421007130917,0.9176362214985267,-0.8656218696103891,-0.6475775332438344,-0.14125327883151229,-0.1781057493664113,1.5876993797216516,-0.632834588424933,-0.1474557687191013
0.0,0.0,0.0,1.0,0.0,1.0,0.0,0.0,0.0,1.0,0.0,0.0,0.0,0.0,1.0,0.0,0.0,-1.5062957276365787,-1.1654573307347154,-0.021017855522334466,-1.2897487127278282,-1.7101470272221495,-0.9422129371170673,-0.6475775332438344,-0.14125327883151229,-0.1781057493664113,-1.6268414291446816,1.580191756725731,-0.1474557687191013
0.0,0.0,0.0,1.0,0.0,1.0,0.0,0.0,1.0,0.0,0.0,0.0,0.0,0.0,0.0,1.0,0.0,1.362163301894719,-0.7536256178639459,-0.16778913358972547,-0.5129398967081796,0.016446605793065935,-0.6435077738410222,-0.6475775332438344,-0.14125327883151229,-0.1781057493664113,1.5876993797216516,1.580191756725731,-0.1474557687191013
1.0,0.0,0.0,0.0,0.0,1.0,0.0,0.0,0.0,0.0,0.0,0.0,1.0,0.0,0.0,0.0,1.0,-0.7891809702537543,-0.039223666965672276,1.3488474064399816,0.16676781730901283,-0.013208628361775554,0.4594035982551447,-0.6475775332438344,-0.14125327883151229,-0.1781057493664113,1.0032374144732275,-0.632834588424933,-0.1474557687191013
0.0,0.0,1.0,0.0,0.0,1.0,0.0,0.0,0.0,1.0,0.0,0.0,0.0,0.0,0.0,1.0,0.0,0.9318944474650244,0.9273201489555215,-0.2656366523013195,-0.41583879470572344,0.9258737865415383,0.7351314412791863,-0.09798208436296509,-0.14125327883151229,-0.1781057493664113,-0.16568651602362097,1.580191756725731,-0.1474557687191013
0.0,0.0,0.0,1.0,0.0,1.0,0.0,1.0,0.0,0.0,0.0,0.0,0.0,0.0,1.0,0.0,0.0,-1.219449824683449,-1.1234336865642287,-1.3419593581288536,-1.3868498147302841,0.9258737865415383,-1.5089868366664865,-0.6475775332438344,-0.14125327883151229,-0.1781057493664113,-1.6268414291446816,-0.632834588424933,-0.1474557687191013
0.0,0.0,0.0,1.0,0.0,1.0,1.0,0.0,0.0,0.0,0.0,0.0,0.0,0.0,0.0,1.0,0.0,1.2187403504181542,-1.1234336865642287,1.0063810909494026,-0.22163659070081138,0.7825401547931378,-0.5975531333370152,-0.6475775332438344,-0.14125327883151229,-0.1781057493664113,1.5876993797216516,-0.632834588424933,-0.1474557687191013
0.0,0.0,0.0,1.0,0.0,1.0,0.0,1.0,0.0,0.0,0.0,0.0,0.0,0.0,1.0,0.0,0.0,-1.362872776160014,-1.5184559417668033,0.32144845996824456,-1.2897487127278282,-0.7381143521467897,-1.133690605883763,-0.6475775332438344,-0.14125327883151229,0.334698314544768,1.5876993797216516,-0.632834588424933,-0.12918780439605038
1.0,0.0,0.0,0.0,0.0,1.0,1.0,0.0,0.0,0.0,0.0,0.0,0.0,0.0,0.0,1.0,0.0,1.0753173989415892,-0.8544823638731138,-1.5865781549078386,-0.6100409987106356,0.9258737865415383,-1.4553730894118115,-0.6475775332438344,-0.14125327883151229,-0.1781057493664113,1.2954683970974397,-0.632834588424933,-0.1474557687191013
0.0,0.0,0.0,1.0,0.0,1.0,0.0,0.0,0.0,1.0,0.0,0.0,0.0,0.0,0.0,0.0,1.0,-0.6457580187771894,-1.5688843147713871,-0.021017855522334466,-0.8042432027155477,-0.11535443489511846,-1.2868727408971194,-0.6475775332438344,-0.14125327883151229,-0.1781057493664113,-1.6268414291446816,1.580191756725731,-0.1474557687191013
1.0,0.0,0.0,0.0,0.0,1.0,0.0,0.0,0.0,0.0,0.0,1.0,0.0,1.0,0.0,0.0,0.0,0.6450485445118945,-0.1736993283112296,-1.1951880800614625,0.555172225318837,0.924226273532936,-0.65116688059169,0.6806114682182663,-0.14125327883151229,-0.1781057493664113,1.0032374144732275,-0.632834588424933,-0.1474557687191013
0.0,0.0,1.0,0.0,0.0,1.0,1.0,0.0,0.0,0.0,0.0,0.0,0.0,0.0,0.0,1.0,0.0,1.6490092048478489,0.7508208434394773,-0.16778913358972547,-0.02743438669589927,0.9258737865415383,0.6279039467698369,-0.6475775332438344,-0.14125327883151229,-0.1781057493664113,0.12654446660059115,-0.632834588424933,-0.1474557687191013
1.0,0.0,0.0,0.0,0.0,1.0,0.0,0.0,0.0,0.0,1.0,0.0,0.0,1.0,0.0,0.0,0.0,0.6450485445118945,0.5407026225870439,0.8106860535262146,0.36097002131392514,0.9258737865415383,0.8117225087858646,-0.21248113621314615,-0.14125327883151229,-0.1781057493664113,0.7110064318490154,-0.632834588424933,-0.1474557687191013
1.0,0.0,0.0,0.0,0.0,1.0,0.0,0.0,0.0,0.0,0.0,0.0,1.0,0.0,0.0,0.0,1.0,-0.6457580187771894,-0.37541282032956574,0.9085335722378086,-0.9984454067204599,-0.7793021773618474,0.03049362021774643,-0.6475775332438344,-0.14125327883151229,-0.1781057493664113,1.0032374144732275,-0.632834588424933,-0.1474557687191013
1.0,0.0,0.0,0.0,0.0,1.0,0.0,0.0,0.0,0.0,1.0,0.0,0.0,0.0,1.0,0.0,0.0,-1.076026873206884,-0.5435073970115124,0.5171434973914326,-0.8042432027155477,0.9258737865415383,-0.22991600930495965,-0.6475775332438344,-0.14125327883151229,-0.1781057493664113,1.0032374144732275,-0.632834588424933,-0.1474557687191013
0.0,1.0,0.0,0.0,1.0,0.0,0.0,0.0,0.0,0.0,0.0,1.0,0.0,0.0,1.0,0.0,0.0,-0.9326039217303193,0.2213229268913451,-2.8585958981585606,-1.095546508722916,0.2833437131866393,0.4823809185071481,-0.6475775332438344,-0.14125327883151229,-0.1781057493664113,-0.4579174986478331,-0.632834588424933,-0.1474557687191013
0.0,1.0,0.0,0.0,0.0,1.0,1.0,0.0,0.0,0.0,0.0,0.0,0.0,0.0,0.0,1.0,0.0,1.0753173989415892,0.2045134692231505,-0.6081029677918985,0.8464755313262055,0.5667159506662358,-0.03077923378759619,-0.25828075695321856,-0.14125327883151229,-0.1781057493664113,-0.4579174986478331,-0.632834588424933,-0.1474557687191013
0.0,0.0,1.0,0.0,0.0,1.0,0.0,0.0,0.0,1.0,0.0,0.0,0.0,1.0,0.0,0.0,0.0,0.6450485445118945,1.767793032365255,-0.5591792084361015,0.7493744293237493,0.9258737865415383,1.28658712732727,0.05086668304227034,-0.14125327883151229,-0.1781057493664113,0.41877544922480325,1.580191756725731,-0.1474557687191013
0.0,0.0,1.0,0.0,0.0,1.0,0.0,0.0,1.0,0.0,0.0,0.0,0.0,0.0,0.0,0.0,1.0,-0.3589121158240597,1.0281768949646894,-0.8037980052150865,-0.3187376927032675,0.7957202588619562,0.5436537725124907,1.2989063482092442,-0.14125327883151229,-0.1781057493664113,0.41877544922480325,1.580191756725731,-0.1474557687191013
0.0,0.0,1.0,0.0,0.0,1.0,0.0,0.0,0.0,0.0,0.0,1.0,0.0,1.0,0.0,0.0,0.0,0.6450485445118945,1.5324606250105297,-0.31456041165711646,-0.5129398967081796,0.9258737865415383,1.2176551665712594,1.2187570119141173,-0.14125327883151229,-0.1781057493664113,0.12654446660059115,-0.632834588424933,-0.1474557687191013
0.0,1.0,0.0,0.0,0.0,1.0,0.0,0.0,1.0,0.0,0.0,0.0,0.0,0.0,0.0,0.0,1.0,-0.07206621287092989,0.4986789784165573,-1.3908831174846505,1.2348799393360297,0.46292263112429055,-0.2528933295569631,2.6041955393013083,-0.14125327883151229,-0.1781057493664113,-0.7501484812720451,1.580191756725731,-0.1474557687191013
0.0,0.0,0.0,1.0,0.0,1.0,0.0,1.0,0.0,0.0,0.0,0.0,0.0,0.0,1.0,0.0,0.0,-1.6497186791131437,-1.8798592816329889,-0.6570267271476955,-0.9984454067204599,0.8863334743350829,-1.784714679690528,-0.6475775332438344,-0.14125327883151229,-0.1781057493664113,-1.6268414291446816,-0.632834588424933,-0.1474557687191013
0.0,1.0,0.0,0.0,0.0,1.0,0.0,0.0,0.0,0.0,0.0,0.0,1.0,1.0,0.0,0.0,0.0,0.3582026415587648,0.9441296066237161,-0.021017855522334466,1.1377788373335735,-0.3740139772456803,0.8576771492898716,2.6957947807814535,-0.14125327883151229,-0.1781057493664113,-0.4579174986478331,-0.632834588424933,-0.1474557687191013
0.0,1.0,0.0,0.0,0.0,1.0,0.0,0.0,0.0,0.0,0.0,1.0,0.0,1.0,0.0,0.0,0.0,0.5016255930353297,1.0617958103010787,-0.11886537423392847,0.06966671530655688,-0.5371177650973085,0.9112908965445463,1.3103562533942623,-0.14125327883151229,-0.1781057493664113,-0.4579174986478331,-0.632834588424933,-0.1474557687191013
1.0,0.0,0.0,0.0,0.0,1.0,0.0,0.0,0.0,1.0,0.0,0.0,0.0,0.0,0.0,0.0,1.0,-0.2154891643474948,-0.6947925160252644,-0.9016455239266805,-0.6100409987106356,0.39207957175439145,-0.9115765101143961,0.027966872672234102,-0.14125327883151229,-0.1781057493664113,1.2954683970974397,1.580191756725731,-0.1474557687191013
0.0,1.0,0.0,0.0,0.0,1.0,0.0,0.0,0.0,0.0,1.0,0.0,0.0,0.0,0.0,0.0,1.0,-0.3589121158240597,0.2045134692231505,-0.16778913358972547,-0.02743438669589927,-0.1977300853252337,0.16069843497909947,1.367605779319353,-0.14125327883151229,-0.1781057493664113,-0.4579174986478331,-0.632834588424933,-0.1474557687191013
0.0,0.0,1.0,0.0,0.0,1.0,1.0,0.0,0.0,0.0,0.0,0.0,0.0,0.0,1.0,0.0,0.0,-1.219449824683449,1.145843098642052,1.2509998877283877,-1.2897487127278282,-0.7315243001123805,1.4857239028446332,-0.6475775332438344,-0.14125327883151229,-0.1781057493664113,0.41877544922480325,-0.632834588424933,-0.1474557687191013
0.0,0.0,0.0,1.0,0.0,1.0,0.0,0.0,0.0,1.0,0.0,0.0,0.0,0.0,0.0,1.0,0.0,1.2187403504181542,-1.787407264457918,-1.4887306361962445,1.72038544934831,0.9258737865415383,-2.1293744834705803,-0.6475775332438344,-0.14125327883151229,-0.1781057493664113,-1.3346104465204693,1.580191756725731,-0.1474557687191013
1.0,0.0,0.0,0.0,0.0,1.0,0.0,0.0,0.0,0.0,0.0,1.0,0.0,0.0,1.0,0.0,0.0,-1.362872776160014,-0.11486622647254834,0.5660672567472296,-0.7071421007130917,-0.701869065957539,0.16069843497909947,-0.6475775332438344,-0.14125327883151229,-0.1781057493664113,1.0032374144732275,-0.632834588424933,-0.1474557687191013
0.0,1.0,0.0,0.0,0.0,1.0,0.0,0.0,0.0,1.0,0.0,0.0,0.0,0.0,0.0,1.0,0.0,1.5055862533712838,0.30537021523231844,1.2020761283725907,0.6522733273212932,-1.6837868190845127,0.7198132277778507,-0.6475775332438344,-0.14125327883151229,-0.1781057493664113,-0.7501484812720451,1.580191756725731,-0.1474557687191013
0.0,1.0,0.0,0.0,0.0,1.0,0.0,1.0,0.0,0.0,0.0,0.0,0.0,0.0,1.0,0.0,0.0,-1.362872776160014,-0.9133154657117952,1.4466949251515757,-1.192647610725372,-1.5322156222931007,-0.2988479700609701,-0.6475775332438344,-0.14125327883151229,-0.1781057493664113,-0.7501484812720451,-0.632834588424933,-0.1474557687191013
0.0,0.0,0.0,1.0,0.0,1.0,0.0,0.0,1.0,0.0,0.0,0.0,0.0,0.0,0.0,1.0,0.0,1.362163301894719,-0.6275546853524858,0.9085335722378086,-0.8042432027155477,-2.0198794728393827,-0.19162047555162054,-0.6475775332438344,-0.14125327883151229,-0.1781057493664113,1.5876993797216516,1.580191756725731,-0.1474557687191013
0.0,1.0,0.0,0.0,0.0,1.0,0.0,0.0,0.0,0.0,0.0,0.0,1.0,1.0,0.0,0.0,0.0,0.21477969008219988,0.7340113857712828,1.8870087593537486,0.6522733273212932,-1.2455483587962997,1.2942462340779375,-0.5788781021337256,31.859920580583516,-0.1781057493664113,-0.4579174986478331,-0.632834588424933,31.82148179661999
0.0,1.0,0.0,0.0,0.0,1.0,0.0,0.0,0.0,0.0,0.0,0.0,1.0,0.0,0.0,0.0,1.0,-0.6457580187771894,-0.560316854679707,-0.36348417101291347,-1.3868498147302841,0.864915805223253,-0.5592575995836762,-0.33843009324834533,-0.14125327883151229,-0.1781057493664113,-0.7501484812720451,-0.632834588424933,-0.1474557687191013
1.0,0.0,0.0,0.0,0.0,1.0,1.0,0.0,0.0,0.0,0.0,0.0,0.0,1.0,0.0,0.0,0.0,0.21477969008219988,0.11206145204807984,-0.4613316897245075,1.72038544934831,-0.9028656530070202,-0.038438340538264025,1.3103562533942623,-0.14125327883151229,-0.1781057493664113,1.2954683970974397,-0.632834588424933,-0.1474557687191013
0.0,0.0,0.0,1.0,0.0,1.0,0.0,0.0,0.0,0.0,1.0,0.0,0.0,0.0,0.0,0.0,1.0,-0.5023350673006246,-1.4007897380894407,0.22360094125665056,-0.8042432027155477,0.05763443100812356,-1.0647586451277526,-0.5674281969487076,-0.14125327883151229,-0.1781057493664113,-1.3346104465204693,-0.632834588424933,-0.1474557687191013
1.0,0.0,0.0,0.0,0.0,1.0,0.0,0.0,0.0,0.0,0.0,0.0,1.0,0.0,0.0,1.0,0.0,1.5055862533712838,-0.7116019736934591,-0.5102554490803045,0.4580711233163813,0.5667159506662358,-0.743076161599704,-0.6475775332438344,-0.14125327883151229,-0.1781057493664113,1.2954683970974397,-0.632834588424933,-0.1474557687191013
1.0,0.0,0.0,0.0,0.0,1.0,0.0,0.0,0.0,0.0,0.0,1.0,0.0,0.0,0.0,0.0,1.0,-0.6457580187771894,-0.7284114313616538,0.6639147754588236,-1.3868498147302841,-0.410259263434931,-0.344802610564977,-0.6475775332438344,-0.14125327883151229,-0.1781057493664113,1.2954683970974397,-0.632834588424933,-0.1474557687191013
0.0,1.0,0.0,0.0,0.0,1.0,0.0,0.0,0.0,1.0,0.0,0.0,0.0,0.0,0.0,1.0,0.0,1.362163301894719,0.31377494406641593,1.0063810909494026,-1.095546508722916,0.9258737865415383,0.6738585872738436,-0.6475775332438344,-0.14125327883151229,-0.1781057493664113,-0.4579174986478331,1.580191756725731,-0.1474557687191013
1.0,0.0,0.0,0.0,0.0,1.0,0.0,0.0,0.0,0.0,0.0,1.0,0.0,0.0,0.0,0.0,1.0,-0.5023350673006246,-0.1736993283112296,0.9574573315936056,-0.9013443047180038,-1.690376871118922,0.22963039573510985,-0.61322781768878,-0.14125327883151229,-0.1781057493664113,1.0032374144732275,-0.632834588424933,-0.1474557687191013
0.0,1.0,0.0,0.0,0.0,1.0,0.0,0.0,1.0,0.0,0.0,0.0,0.0,0.0,0.0,1.0,0.0,1.362163301894719,-0.535102668177415,1.2509998877283877,1.0406777353311174,-2.051182220002827,-0.01546102028626056,-0.6475775332438344,-0.14125327883151229,-0.1781057493664113,-1.0423794638962574,1.580191756725731,-0.1474557687191013
1.0,0.0,0.0,0.0,0.0,1.0,0.0,0.0,0.0,0.0,0.0,0.0,1.0,0.0,1.0,0.0,0.0,-1.6497186791131437,-0.5014837528410258,0.027905903833462538,-0.02743438669589927,0.9258737865415383,-0.35246171731564485,-0.6475775332438344,-0.14125327883151229,-0.1781057493664113,1.0032374144732275,-0.632834588424933,-0.1474557687191013
0.0,0.0,1.0,0.0,0.0,1.0,0.0,0.0,0.0,0.0,0.0,0.0,1.0,0.0,1.0,0.0,0.0,-1.5062957276365787,1.297128217655804,1.0553048503051996,-0.22163659070081138,-0.21750024142846136,1.5623149703513115,-0.6475775332438344,-0.14125327883151229,-0.1781057493664113,0.41877544922480325,-0.632834588424933,-0.1474557687191013
1.0,0.0,0.0,0.0,0.0,1.0,0.0,0.0,1.0,0.0,0.0,0.0,0.0,0.0,1.0,0.0,0.0,-1.5062957276365787,-0.383817549163663,0.12575342254505653,-1.4839509167327403,-0.27186817071233743,-0.22991600930495965,-0.6475775332438344,-0.14125327883151229,-0.1781057493664113,1.2954683970974397,1.580191756725731,-0.1474557687191013
0.0,0.0,1.0,0.0,0.0,1.0,0.0,1.0,0.0,0.0,0.0,0.0,0.0,0.0,0.0,1.0,0.0,1.5055862533712838,0.4986789784165573,0.8596098128820115,-1.5810520187351962,0.9258737865415383,0.788745188533861,-0.6475775332438344,-0.14125327883151229,-0.1781057493664113,-0.16568651602362097,-0.632834588424933,-0.1474557687191013
0.0,0.0,0.0,1.0,0.0,1.0,0.0,0.0,1.0,0.0,0.0,0.0,0.0,0.0,1.0,0.0,0.0,-1.362872776160014,-1.6361221454441663,-0.9016455239266805,-0.8042432027155477,0.9258737865415383,-1.6928053986825142,-0.6475775332438344,-0.14125327883151229,-0.1781057493664113,-1.6268414291446816,1.580191756725731,-0.1474557687191013
0.0,0.0,0.0,1.0,0.0,1.0,0.0,1.0,0.0,0.0,0.0,0.0,0.0,1.0,0.0,0.0,0.0,0.7884714959884594,-0.9889580252186712,1.6913137219305607,-0.5129398967081796,-2.235703676966285,-0.3141661835623057,-0.61322781768878,-0.14125327883151229,0.334698314544768,-1.6268414291446816,-0.632834588424933,-0.12918780439605038
0.0,0.0,1.0,0.0,0.0,1.0,0.0,0.0,1.0,0.0,0.0,0.0,0.0,0.0,0.0,1.0,0.0,1.5055862533712838,1.3391518618262908,0.7617622941704176,-0.8042432027155477,0.35253925954793613,1.4933830095953011,-0.6475775332438344,-0.14125327883151229,-0.1781057493664113,0.12654446660059115,1.580191756725731,-0.1474557687191013
0.0,0.0,0.0,1.0,0.0,1.0,1.0,0.0,0.0,0.0,0.0,0.0,0.0,0.0,0.0,0.0,1.0,-0.2154891643474948,-1.3755755515871488,-0.4124079303687105,-0.41583879470572344,-0.051101427559628564,-1.2638954206451158,-0.1895813258431099,-0.14125327883151229,-0.1781057493664113,-1.6268414291446816,-0.632834588424933,-0.1474557687191013
0.0,0.0,0.0,1.0,0.0,1.0,0.0,0.0,0.0,0.0,0.0,0.0,1.0,0.0,1.0,0.0,0.0,-1.076026873206884,-0.6443641430206805,-0.11886537423392847,-0.02743438669589927,-1.5915260906027837,-0.5286211725810048,-0.6475775332438344,-0.14125327883151229,-0.1781057493664113,-1.3346104465204693,-0.632834588424933,-0.1474557687191013
1.0,0.0,0.0,0.0,0.0,1.0,0.0,0.0,0.0,0.0,0.0,1.0,0.0,0.0,1.0,0.0,0.0,-1.5062957276365787,-0.8544823638731138,-0.7548742458592895,-0.7071421007130917,0.513995534390962,-0.9728493641197388,-0.6475775332438344,-0.14125327883151229,-0.1781057493664113,1.2954683970974397,-0.632834588424933,-0.1474557687191013
0.0,0.0,0.0,1.0,1.0,0.0,1.0,0.0,0.0,0.0,0.0,0.0,0.0,0.0,0.0,0.0,1.0,-0.3589121158240597,-1.0730053135596445,0.4192959786798386,-0.9984454067204599,-0.8913330619468041,-0.7200988413477005,-0.61322781768878,-0.14125327883151229,1.3603064423671265,1.5876993797216516,-0.632834588424933,-0.09265187574994856
0.0,0.0,0.0,1.0,0.0,1.0,0.0,0.0,0.0,0.0,0.0,0.0,1.0,1.0,0.0,0.0,0.0,0.6450485445118945,-1.2410998902415913,-1.9779682297542145,0.263868919311469,0.7924252328447515,-2.083419842966573,0.966859097843719,-0.14125327883151229,-0.1781057493664113,-1.3346104465204693,-0.632834588424933,-0.1474557687191013
0.0,0.0,0.0,1.0,0.0,1.0,0.0,1.0,0.0,0.0,0.0,0.0,0.0,0.0,0.0,1.0,0.0,1.6490092048478489,-1.980716027642157,-0.5591792084361015,1.0406777353311174,0.5864861067694634,-1.8306693201945352,-0.6475775332438344,-0.14125327883151229,-0.1781057493664113,-1.3346104465204693,-0.632834588424933,-0.1474557687191013
1.0,0.0,0.0,0.0,0.0,1.0,0.0,1.0,0.0,0.0,0.0,0.0,0.0,0.0,0.0,1.0,0.0,1.5055862533712838,0.1456803673844692,1.2020761283725907,-0.22163659070081138,-1.9951667777103483,0.5819493062658299,-0.6475775332438344,-0.14125327883151229,-0.1781057493664113,1.0032374144732275,-0.632834588424933,-0.1474557687191013
1.0,0.0,0.0,0.0,0.0,1.0,0.0,0.0,1.0,0.0,0.0,0.0,0.0,0.0,1.0,0.0,0.0,-1.5062957276365787,0.4902742495824598,-0.16778913358972547,0.555172225318837,0.9258737865415383,0.4057898510004698,-0.6475775332438344,-0.14125327883151229,-0.1781057493664113,0.7110064318490154,1.580191756725731,-0.1474557687191013
0.0,0.0,0.0,1.0,0.0,1.0,0.0,1.0,0.0,0.0,0.0,0.0,0.0,1.0,0.0,0.0,0.0,0.6450485445118945,-0.29977026082268965,-1.3419593581288536,1.3319810413384858,-0.7661220732930288,-0.8503036561090535,1.1157078652489545,-0.14125327883151229,-0.1781057493664113,-1.3346104465204693,-0.632834588424933,-0.1474557687191013
1.0,0.0,0.0,0.0,0.0,1.0,0.0,1.0,0.0,0.0,0.0,0.0,0.0,0.0,0.0,0.0,1.0,-0.3589121158240597,0.8852965047850349,1.3488474064399816,-0.5129398967081796,-1.815587859772697,1.28658712732727,-0.4872788606535808,1.6873852274207748,-0.1781057493664113,0.7110064318490154,-0.632834588424933,1.6793406635859895
1.0,0.0,0.0,0.0,0.0,1.0,1.0,0.0,0.0,0.0,0.0,0.0,0.0,0.0,0.0,1.0,0.0,1.6490092048478489,-0.6779830583570697,0.8106860535262146,-0.6100409987106356,-0.993478868480147,-0.2605524363076309,-0.6475775332438344,-0.14125327883151229,-0.1781057493664113,1.2954683970974397,-0.632834588424933,-0.1474557687191013
0.0,0.0,1.0,0.0,0.0,1.0,0.0,1.0,0.0,0.0,0.0,0.0,0.0,1.0,0.0,0.0,0.0,0.07135673860563499,1.4063896924990695,-0.8037980052150865,0.36097002131392514,-0.35918636016825956,0.8576771492898716,2.6728949704114178,-0.14125327883151229,-0.1781057493664113,-0.16568651602362097,-0.632834588424933,-0.1474557687191013
0.0,0.0,1.0,0.0,0.0,1.0,0.0,0.0,0.0,0.0,0.0,1.0,0.0,0.0,1.0,0.0,0.0,-0.9326039217303193,0.42303641890968136,0.7128385348146206,-1.192647610725372,-0.42179185449514717,0.6738585872738436,-0.6475775332438344,-0.14125327883151229,-0.1781057493664113,-0.16568651602362097,-0.632834588424933,-0.1474557687191013
1.0,0.0,0.0,0.0,0.0,1.0,0.0,0.0,0.0,1.0,0.0,0.0,0.0,0.0,0.0,1.0,0.0,1.362163301894719,0.7676303011076719,-0.06994161487813147,-0.5129398967081796,0.9258737865415383,0.6815176940245116,-0.6475775332438344,-0.14125327883151229,-0.1781057493664113,0.7110064318490154,1.580191756725731,-0.1474557687191013
1.0,0.0,0.0,0.0,0.0,1.0,0.0,0.0,0.0,0.0,0.0,0.0,1.0,1.0,0.0,0.0,0.0,0.07135673860563499,0.9945579796283,-0.36348417101291347,-0.5129398967081796,0.29817133026406006,0.7427905480298542,1.138607675618991,-0.14125327883151229,-0.1781057493664113,0.7110064318490154,-0.632834588424933,-0.1474557687191013
0.0,1.0,0.0,0.0,1.0,0.0,0.0,0.0,0.0,0.0,0.0,1.0,0.0,0.0,0.0,0.0,1.0,-0.3589121158240597,0.6415593685962119,0.4192959786798386,-0.6100409987106356,-1.6047061946716021,0.7657678682818577,0.84091014080852,-0.14125327883151229,-0.1781057493664113,-0.4579174986478331,-0.632834588424933,-0.1474557687191013
1.0,0.0,0.0,0.0,0.0,1.0,0.0,0.0,0.0,1.0,0.0,0.0,0.0,0.0,1.0,0.0,0.0,-1.6497186791131437,0.8768917759509374,-0.11886537423392847,-0.22163659070081138,0.9258737865415383,0.7581087615311898,-0.6475775332438344,-0.14125327883151229,-0.1781057493664113,0.7110064318490154,1.580191756725731,-0.1474557687191013
0.0,0.0,1.0,0.0,0.0,1.0,0.0,0.0,1.0,0.0,0.0,0.0,0.0,0.0,0.0,1.0,0.0,1.362163301894719,0.9105106912873266,0.6149910161030265,0.555172225318837,0.9258737865415383,1.0721321383085707,-0.6475775332438344,-0.14125327883151229,-0.1781057493664113,0.41877544922480325,1.580191756725731,-0.1474557687191013
0.0,1.0,0.0,0.0,0.0,1.0,0.0,0.0,1.0,0.0,0.0,0.0,0.0,0.0,0.0,1.0,0.0,1.362163301894719,-0.4762695663387337,-0.21671289294552248,0.263868919311469,-0.4876923748392394,-0.42905278482232306,-0.6475775332438344,-0.14125327883151229,-0.1781057493664113,-1.0423794638962574,1.580191756725731,-0.1474557687191013
0.0,0.0,0.0,1.0,1.0,0.0,0.0,1.0,0.0,0.0,0.0,0.0,0.0,0.0,0.0,0.0,1.0,-0.2154891643474948,-1.232695161407494,-1.2930355987730566,-0.9013443047180038,0.5403557425285989,-1.5626005839211612,-0.04073255843787449,-0.14125327883151229,-0.1781057493664113,-1.6268414291446816,-0.632834588424933,-0.1474557687191013
0.0,0.0,1.0,0.0,0.0,1.0,0.0,0.0,0.0,0.0,0.0,1.0,0.0,0.0,1.0,0.0,0.0,-1.362872776160014,1.2214856581489282,0.07682966318925954,2.497194265367958,0.6853368872856017,1.1334049923139133,-0.6475775332438344,-0.14125327883151229,-0.1781057493664113,0.41877544922480325,-0.632834588424933,-0.1474557687191013
1.0,0.0,0.0,0.0,0.0,1.0,0.0,0.0,0.0,0.0,1.0,0.0,0.0,0.0,0.0,0.0,1.0,-0.07206621287092989,0.691987741600796,-0.8527217645708836,0.16676781730901283,0.864915805223253,0.2449486092364455,2.0546000904204393,-0.14125327883151229,-0.1781057493664113,1.0032374144732275,-0.632834588424933,-0.1474557687191013
0.0,0.0,0.0,1.0,0.0,1.0,1.0,0.0,0.0,0.0,0.0,0.0,0.0,0.0,0.0,0.0,1.0,-0.5023350673006246,-1.3755755515871488,-0.9505692832824775,-0.8042432027155477,-0.2619830926607236,-1.5013277299158185,-0.6246777228737981,-0.14125327883151229,-0.1781057493664113,-1.3346104465204693,-0.632834588424933,-0.1474557687191013
0.0,1.0,0.0,0.0,0.0,1.0,1.0,0.0,0.0,0.0,0.0,0.0,0.0,0.0,0.0,0.0,1.0,-0.5023350673006246,-0.9469343810481845,0.4192959786798386,-0.9984454067204599,0.789130206827547,-0.6052122400876832,-0.43002933472849025,-0.14125327883151229,-0.1781057493664113,-1.0423794638962574,-0.632834588424933,-0.1474557687191013
0.0,1.0,0.0,0.0,0.0,1.0,0.0,1.0,0.0,0.0,0.0,0.0,0.0,0.0,0.0,0.0,1.0,-0.5023350673006246,-0.5182932105092204,-0.21671289294552248,-0.9984454067204599,0.4415049620124606,-0.4596892118249944,0.325664407482705,-0.14125327883151229,-0.1781057493664113,-0.7501484812720451,-0.632834588424933,-0.1474557687191013
0.0,0.0,0.0,1.0,0.0,1.0,0.0,0.0,0.0,0.0,0.0,1.0,0.0,1.0,0.0,0.0,0.0,0.7884714959884594,-1.0730053135596445,-1.5376543955520416,0.8464755313262055,0.9258737865415383,-1.5932370109238325,-0.44147923991350835,-0.14125327883151229,-0.1781057493664113,-1.6268414291446816,-0.632834588424933,-0.1474557687191013
0.0,0.0,1.0,0.0,0.0,1.0,0.0,0.0,0.0,1.0,0.0,0.0,0.0,1.0,0.0,0.0,0.0,0.7884714959884594,1.4988417096741402,-1.1951880800614625,0.7493744293237493,0.33276910344470845,0.6815176940245116,1.4019554948744073,-0.14125327883151229,-0.1781057493664113,-0.16568651602362097,1.580191756725731,-0.1474557687191013
1.0,0.0,0.0,0.0,0.0,1.0,0.0,0.0,0.0,0.0,0.0,1.0,0.0,0.0,0.0,0.0,1.0,-0.3589121158240597,0.5659168090893361,-0.4613316897245075,0.16676781730901283,0.9258737865415383,0.3368578902444594,0.7722107096984112,-0.14125327883151229,-0.1781057493664113,0.7110064318490154,-0.632834588424933,-0.1474557687191013
0.0,1.0,0.0,0.0,1.0,0.0,0.0,0.0,0.0,0.0,0.0,1.0,0.0,0.0,1.0,0.0,0.0,-1.5062957276365787,0.23813238455953986,0.6149910161030265,-0.6100409987106356,-0.20761516337684754,0.4823809185071481,-0.6475775332438344,-0.14125327883151229,-0.1781057493664113,-0.4579174986478331,-0.632834588424933,-0.1474557687191013
0.0,0.0,1.0,0.0,0.0,1.0,0.0,0.0,0.0,0.0,1.0,0.0,0.0,0.0,0.0,0.0,1.0,-0.2154891643474948,1.4568180655036533,0.22360094125665056,0.06966671530655688,0.7331147645350685,1.3938146218366194,0.8638099511785562,-0.14125327883151229,-0.1781057493664113,0.41877544922480325,-0.632834588424933,-0.1474557687191013
0.0,0.0,1.0,0.0,0.0,1.0,0.0,0.0,1.0,0.0,0.0,0.0,0.0,0.0,0.0,0.0,1.0,-0.2154891643474948,1.1710572851443442,-1.0484168019940716,-0.5129398967081796,0.8632682922146506,0.5130173455098194,2.008800469680367,-0.14125327883151229,-0.1781057493664113,0.41877544922480325,1.580191756725731,-0.1474557687191013
0.0,0.0,1.0,0.0,0.0,1.0,0.0,0.0,0.0,0.0,0.0,0.0,1.0,0.0,1.0,0.0,0.0,-0.9326039217303193,0.9693437931260082,1.3977711657957785,1.817486551350766,0.8698583442490598,1.3708373015846158,-0.6475775332438344,-0.14125327883151229,-0.1781057493664113,0.41877544922480325,-0.632834588424933,-0.1474557687191013
0.0,0.0,1.0,0.0,0.0,1.0,0.0,0.0,0.0,0.0,0.0,1.0,0.0,0.0,1.0,0.0,0.0,-1.362872776160014,1.24669984465122,0.46821973803563555,-0.8042432027155477,0.9258737865415383,1.3095644475792731,-0.6475775332438344,-0.14125327883151229,-0.1781057493664113,0.41877544922480325,-0.632834588424933,-0.1474557687191013
0.0,1.0,0.0,0.0,0.0,1.0,0.0,0.0,1.0,0.0,0.0,0.0,0.0,0.0,1.0,0.0,0.0,-1.6497186791131437,-0.07284258230206166,0.4192959786798386,-0.5129398967081796,0.9258737865415383,0.1453802214777638,-0.6475775332438344,-0.14125327883151229,-0.1781057493664113,-0.4579174986478331,1.580191756725731,-0.1474557687191013
1.0,0.0,0.0,0.0,0.0,1.0,0.0,1.0,0.0,0.0,0.0,0.0,0.0,1.0,0.0,0.0,0.0,0.7884714959884594,0.8096539452781586,1.8380849999979516,3.0798008773826955,-1.6244763507748297,1.3555190880832801,-0.5674281969487076,11.744897011808353,-0.1781057493664113,0.7110064318490154,-0.632834588424933,11.726721041263989
0.0,1.0,0.0,0.0,0.0,1.0,0.0,0.0,0.0,0.0,0.0,0.0,1.0,1.0,0.0,0.0,0.0,0.7884714959884594,0.9273201489555215,-0.8527217645708836,0.4580711233163813,0.8929235263694921,0.43642627800314115,1.5279044519096063,-0.14125327883151229,-0.1781057493664113,-0.4579174986478331,-0.632834588424933,-0.1474557687191013
1.0,0.0,0.0,0.0,0.0,1.0,0.0,0.0,0.0,0.0,0.0,0.0,1.0,1.0,0.0,0.0,0.0,0.5016255930353297,-0.08965203997025627,-1.1462643207056655,1.2348799393360297,0.7743025897501262,-0.5592575995836762,1.3218061585792804,-0.14125327883151229,-0.1781057493664113,1.0032374144732275,-0.632834588424933,-0.1474557687191013
0.0,1.0,0.0,0.0,0.0,1.0,0.0,0.0,0.0,1.0,0.0,0.0,0.0,1.0,0.0,0.0,0.0,0.3582026415587648,0.6079404532598227,-1.3908831174846505,0.06966671530655688,0.9258737865415383,-0.16864315529961704,0.5088628904429947,-0.14125327883151229,-0.1781057493664113,-0.4579174986478331,1.580191756725731,-0.1474557687191013
0.0,0.0,1.0,0.0,0.0,1.0,0.0,0.0,1.0,0.0,0.0,0.0,0.0,0.0,0.0,1.0,0.0,1.2187403504181542,0.9693437931260082,-0.36348417101291347,-0.02743438669589927,0.9258737865415383,0.7198132277778507,-0.5674281969487076,-0.14125327883151229,-0.1781057493664113,0.12654446660059115,1.580191756725731,-0.1474557687191013
0.0,0.0,1.0,0.0,0.0,1.0,0.0,0.0,1.0,0.0,0.0,0.0,0.0,0.0,0.0,1.0,0.0,1.6490092048478489,0.7592255722735748,0.7128385348146206,-0.1245354886983552,-0.4250868805123518,0.972563750549889,-0.6475775332438344,-0.14125327883151229,-0.1781057493664113,-0.16568651602362097,1.580191756725731,-0.1474557687191013
0.0,0.0,0.0,1.0,0.0,1.0,0.0,0.0,0.0,0.0,0.0,0.0,1.0,1.0,0.0,0.0,0.0,0.7884714959884594,-1.4512181110940245,-1.5865781549078386,0.4580711233163813,0.9258737865415383,-1.922578601202549,-0.4185794295434721,-0.14125327883151229,-0.1781057493664113,1.5876993797216516,-0.632834588424933,-0.1474557687191013
0.0,0.0,1.0,0.0,0.0,1.0,0.0,0.0,0.0,1.0,0.0,0.0,0.0,0.0,0.0,0.0,1.0,-0.5023350673006246,1.3055329464899017,-0.21671289294552248,-0.6100409987106356,0.9258737865415383,1.0721321383085707,0.2913146919276506,-0.14125327883151229,-0.1781057493664113,0.41877544922480325,1.580191756725731,-0.1474557687191013
0.0,0.0,0.0,1.0,0.0,1.0,1.0,0.0,0.0,0.0,0.0,0.0,0.0,0.0,1.0,0.0,0.0,-1.362872776160014,-1.5268606706009005,-0.5591792084361015,-0.8042432027155477,0.036216761896293595,-1.4477139826611438,-0.6475775332438344,-0.14125327883151229,-0.1781057493664113,-1.3346104465204693,-0.632834588424933,-0.1474557687191013
0.0,0.0,0.0,1.0,1.0,0.0,0.0,1.0,0.0,0.0,0.0,0.0,0.0,0.0,1.0,0.0,0.0,-0.9326039217303193,-1.4680275687622195,-0.21671289294552248,-0.9013443047180038,0.573306002700645,-1.2715545273957838,-0.6475775332438344,-0.14125327883151229,-0.1781057493664113,-1.6268414291446816,-0.632834588424933,-0.1474557687191013
0.0,0.0,0.0,1.0,0.0,1.0,0.0,1.0,0.0,0.0,0.0,0.0,0.0,0.0,0.0,1.0,0.0,0.9318944474650244,-1.2747188055779806,-1.4398068768404475,2.108789857358134,0.9258737865415383,-1.6851462919318463,-0.6475775332438344,-0.14125327883151229,-0.1781057493664113,1.5876993797216516,-0.632834588424933,-0.1474557687191013
0.0,0.0,0.0,1.0,0.0,1.0,0.0,0.0,0.0,0.0,0.0,0.0,1.0,1.0,0.0,0.0,0.0,0.5016255930353297,-1.5436701282690954,-1.2441118394172594,2.982699775380239,0.9258737865415383,-1.784714679690528,0.4859630800729585,-0.14125327883151229,0.5911003465003576,-1.6268414291446816,-0.632834588424933,-0.12005382223452492
0.0,1.0,0.0,0.0,0.0,1.0,0.0,0.0,1.0,0.0,0.0,0.0,0.0,0.0,0.0,0.0,1.0,-0.5023350673006246,0.05322835020939839,-0.06994161487813147,-0.3187376927032675,0.9258737865415383,0.07644826072175336,0.8180103304384837,-0.14125327883151229,-0.1781057493664113,-0.4579174986478331,1.580191756725731,-0.1474557687191013
0.0,1.0,0.0,0.0,0.0,1.0,0.0,0.0,0.0,1.0,0.0,0.0,0.0,0.0,1.0,0.0,0.0,-1.362872776160014,-0.7031972448593619,0.9574573315936056,-0.22163659070081138,-1.6014111686543975,-0.24523422280629528,-0.6475775332438344,-0.14125327883151229,-0.1781057493664113,-1.0423794638962574,1.580191756725731,-0.1474557687191013
1.0,0.0,0.0,0.0,0.0,1.0,0.0,0.0,0.0,0.0,0.0,0.0,1.0,0.0,1.0,0.0,0.0,-1.076026873206884,-0.207318243647619,1.7891612406421546,-0.9984454067204599,-2.214286007854455,0.42110806450180555,-0.6475775332438344,-0.14125327883151229,-0.1781057493664113,1.2954683970974397,-0.632834588424933,-0.1474557687191013
0.0,0.0,1.0,0.0,0.0,1.0,0.0,0.0,0.0,0.0,0.0,1.0,0.0,0.0,0.0,0.0,1.0,-0.7891809702537543,1.24669984465122,0.22360094125665056,-1.192647610725372,0.9258737865415383,1.2099960598205917,-0.6361276280588162,-0.14125327883151229,-0.1781057493664113,0.12654446660059115,-0.632834588424933,-0.1474557687191013
0.0,0.0,0.0,1.0,0.0,1.0,0.0,0.0,1.0,0.0,0.0,0.0,0.0,0.0,1.0,0.0,0.0,-1.076026873206884,-1.1906715172370073,1.2020761283725907,-0.9984454067204599,-1.9704540825813137,-0.6052122400876832,-0.6475775332438344,-0.14125327883151229,-0.1781057493664113,1.5876993797216516,1.580191756725731,-0.1474557687191013
0.0,0.0,1.0,0.0,0.0,1.0,0.0,1.0,0.0,0.0,0.0,0.0,0.0,0.0,0.0,0.0,1.0,-0.5023350673006246,1.3139376753239989,1.3488474064399816,-0.3187376927032675,-1.4926753100866454,1.6695424648606612,-0.2811805673232548,0.31590634773155957,-0.1781057493664113,0.41877544922480325,-0.632834588424933,0.30924333935717147
0.0,1.0,0.0,0.0,0.0,1.0,0.0,0.0,0.0,0.0,0.0,0.0,1.0,0.0,0.0,0.0,1.0,-0.6457580187771894,0.04482362137530108,0.8106860535262146,-0.1245354886983552,0.9044561174297082,0.3751534239977985,-0.10943198954798321,-0.14125327883151229,-0.1781057493664113,-0.4579174986478331,-0.632834588424933,-0.1474557687191013
0.0,1.0,0.0,0.0,0.0,1.0,0.0,0.0,0.0,0.0,0.0,0.0,1.0,0.0,0.0,0.0,1.0,-0.6457580187771894,0.38101277473919465,1.7402374812863577,-1.192647610725372,-2.095665071235089,0.9419273235472178,-0.6475775332438344,0.7730659742946313,-0.1781057493664113,-0.4579174986478331,-0.632834588424933,0.7659424474334442
0.0,0.0,1.0,0.0,0.0,1.0,0.0,1.0,0.0,0.0,0.0,0.0,0.0,1.0,0.0,0.0,0.0,0.7884714959884594,1.5996984556833085,-0.7059504865034925,0.8464755313262055,0.48269278722751824,1.0721321383085707,0.03941677785725222,-0.14125327883151229,-0.1781057493664113,0.41877544922480325,-0.632834588424933,-0.1474557687191013
0.0,0.0,1.0,0.0,0.0,1.0,0.0,0.0,0.0,0.0,0.0,1.0,0.0,0.0,0.0,0.0,1.0,-0.7891809702537543,0.6415593685962119,1.8870087593537486,-0.8042432027155477,0.9258737865415383,1.2176551665712594,-0.6246777228737981,-0.14125327883151229,-0.1781057493664113,0.12654446660059115,-0.632834588424933,-0.1474557687191013
0.0,1.0,0.0,0.0,0.0,1.0,0.0,0.0,0.0,0.0,0.0,1.0,0.0,1.0,0.0,0.0,0.0,0.07135673860563499,-0.34179390499317636,-1.2441118394172594,1.3319810413384858,0.9011610914125037,-0.8196672291063822,2.3179479096758557,-0.14125327883151229,-0.1781057493664113,-1.0423794638962574,-0.632834588424933,-0.1474557687191013
1.0,0.0,0.0,0.0,0.0,1.0,0.0,0.0,0.0,1.0,0.0,0.0,0.0,0.0,0.0,0.0,1.0,-0.07206621287092989,0.2633465710618318,-0.8527217645708836,-0.7071421007130917,-0.9226358091102479,-0.10737030129427444,1.7683524607949868,-0.14125327883151229,-0.1781057493664113,1.0032374144732275,1.580191756725731,-0.1474557687191013
0.0,0.0,0.0,1.0,0.0,1.0,0.0,0.0,1.0,0.0,0.0,0.0,0.0,0.0,0.0,1.0,0.0,1.6490092048478489,-1.3671708227530512,-0.4124079303687105,-0.9013443047180038,-0.014856141370377858,-1.2562363138944483,-0.6475775332438344,-0.14125327883151229,-0.1781057493664113,-1.6268414291446816,1.580191756725731,-0.1474557687191013
0.0,0.0,0.0,1.0,0.0,1.0,0.0,0.0,0.0,0.0,0.0,1.0,0.0,0.0,1.0,0.0,0.0,-1.5062957276365787,-1.9723112988080598,-1.0484168019940716,-1.3868498147302841,0.9258737865415383,-2.0374652024625663,-0.6475775332438344,-0.14125327883151229,-0.1781057493664113,-1.6268414291446816,-0.632834588424933,-0.1474557687191013
0.0,0.0,1.0,0.0,0.0,1.0,0.0,0.0,0.0,0.0,1.0,0.0,0.0,0.0,0.0,1.0,0.0,1.6490092048478489,1.3391518618262908,1.0063810909494026,-0.5129398967081796,-0.7694170993102335,1.5776331838526472,-0.6475775332438344,-0.14125327883151229,-0.1781057493664113,0.12654446660059115,-0.632834588424933,-0.1474557687191013
1.0,0.0,0.0,0.0,0.0,1.0,0.0,0.0,1.0,0.0,0.0,0.0,0.0,0.0,1.0,0.0,0.0,-1.362872776160014,0.7508208434394773,1.3488474064399816,-1.2897487127278282,0.4365624229866537,1.1640414193165847,-0.6475775332438344,-0.14125327883151229,-0.1781057493664113,0.7110064318490154,1.580191756725731,-0.1474557687191013
1.0,0.0,0.0,0.0,0.0,1.0,0.0,0.0,0.0,0.0,1.0,0.0,0.0,1.0,0.0,0.0,0.0,0.21477969008219988,1.2551045734853175,-0.31456041165711646,0.555172225318837,0.3360641294619131,0.9878819640512246,1.470654925984516,-0.14125327883151229,-0.1781057493664113,0.7110064318490154,-0.632834588424933,-0.1474557687191013
0.0,0.0,0.0,1.0,0.0,1.0,0.0,0.0,0.0,1.0,0.0,0.0,0.0,1.0,0.0,0.0,0.0,0.5016255930353297,-1.6361221454441663,-1.3908831174846505,3.0798008773826955,0.8253754930167977,-1.9455559214545526,1.5164545467245882,-0.14125327883151229,-0.1781057493664113,-1.3346104465204693,1.580191756725731,-0.1474557687191013
0.0,0.0,0.0,1.0,0.0,1.0,0.0,0.0,1.0,0.0,0.0,0.0,0.0,1.0,0.0,0.0,0.0,0.3582026415587648,-0.37541282032956574,0.22360094125665056,-0.1245354886983552,-1.9358563094006653,-0.1839613688009527,0.17681564007746953,-0.14125327883151229,-0.1781057493664113,1.5876993797216516,1.580191756725731,-0.1474557687191013
0.0,1.0,0.0,0.0,0.0,1.0,0.0,1.0,0.0,0.0,0.0,0.0,0.0,0.0,0.0,0.0,1.0,-0.3589121158240597,-0.4594601086705391,1.1531523690167935,-0.9984454067204599,-2.1269678183985326,0.03049362021774643,-0.01783274806783825,-0.14125327883151229,-0.1781057493664113,-1.0423794638962574,-0.632834588424933,-0.1474557687191013
1.0,0.0,0.0,0.0,0.0,1.0,0.0,1.0,0.0,0.0,0.0,0.0,0.0,0.0,0.0,0.0,1.0,-0.7891809702537543,-0.7788398043662378,0.6149910161030265,-0.9984454067204599,-0.604665798450003,-0.39841635781965185,-0.6475775332438344,-0.14125327883151229,-0.1781057493664113,1.2954683970974397,-0.632834588424933,-0.1474557687191013
1.0,0.0,0.0,0.0,1.0,0.0,0.0,0.0,0.0,0.0,0.0,0.0,1.0,0.0,0.0,1.0,0.0,1.6490092048478489,0.25494184222773464,0.22360094125665056,-1.095546508722916,0.9258737865415383,0.3598352104964629,-0.6475775332438344,-0.14125327883151229,-0.1781057493664113,1.0032374144732275,-0.632834588424933,-0.1474557687191013
1.0,0.0,0.0,0.0,0.0,1.0,0.0,0.0,0.0,0.0,1.0,0.0,0.0,0.0,0.0,1.0,0.0,1.5055862533712838,-0.12327095530664564,0.12575342254505653,-1.4839509167327403,0.9258737865415383,-0.0001428067849248955,-0.6475775332438344,-0.14125327883151229,-0.1781057493664113,1.0032374144732275,-0.632834588424933,-0.1474557687191013
0.0,1.0,0.0,0.0,0.0,1.0,1.0,0.0,0.0,0.0,0.0,0.0,0.0,1.0,0.0,0.0,0.0,0.07135673860563499,0.7928444876099641,-1.2441118394172594,0.06966671530655688,-0.8962756009726109,0.08410736747242123,2.6499951600413807,-0.14125327883151229,-0.1781057493664113,-0.7501484812720451,-0.632834588424933,-0.1474557687191013
1.0,0.0,0.0,0.0,0.0,1.0,0.0,0.0,1.0,0.0,0.0,0.0,0.0,0.0,1.0,0.0,0.0,-1.362872776160014,0.22972765572544257,0.6149910161030265,-0.6100409987106356,0.9258737865415383,0.47472181175648026,-0.6475775332438344,-0.14125327883151229,-0.1781057493664113,0.7110064318490154,1.580191756725731,-0.1474557687191013
0.0,1.0,0.0,0.0,0.0,1.0,0.0,0.0,0.0,0.0,1.0,0.0,0.0,0.0,1.0,0.0,0.0,-1.6497186791131437,0.22972765572544257,1.1531523690167935,-0.1245354886983552,-1.469610127966213,0.6432221602711724,-0.6475775332438344,-0.14125327883151229,-0.1781057493664113,-0.4579174986478331,-0.632834588424933,-0.1474557687191013
0.0,0.0,0.0,1.0,0.0,1.0,0.0,0.0,1.0,0.0,0.0,0.0,0.0,0.0,1.0,0.0,0.0,-1.6497186791131437,-0.9721485675504765,0.6149910161030265,-0.6100409987106356,-1.3971195555877116,-0.566916706334344,-0.6475775332438344,-0.14125327883151229,-0.1781057493664113,-1.3346104465204693,1.580191756725731,-0.1474557687191013
0.0,0.0,0.0,1.0,0.0,1.0,0.0,0.0,0.0,0.0,0.0,1.0,0.0,0.0,1.0,0.0,0.0,-1.219449824683449,-2.073168044817227,-1.1462643207056655,1.429082143340942,0.9126936824727198,-2.1676700172239194,-0.6475775332438344,-0.14125327883151229,-0.1781057493664113,-1.3346104465204693,-0.632834588424933,-0.1474557687191013
0.0,0.0,1.0,0.0,0.0,1.0,0.0,0.0,0.0,1.0,0.0,0.0,0.0,1.0,0.0,0.0,0.0,0.3582026415587648,1.4063896924990695,-1.5865781549078386,0.4580711233163813,0.6260264189759187,0.29856235649112023,3.0163921259619606,-0.14125327883151229,-0.1781057493664113,-0.16568651602362097,1.580191756725731,-0.1474557687191013
0.0,0.0,0.0,1.0,0.0,1.0,0.0,0.0,0.0,0.0,0.0,1.0,0.0,0.0,1.0,0.0,0.0,-1.6497186791131437,-1.1990762460711046,0.4192959786798386,2.7884975713753266,-0.7496469432070059,-0.82732633585705,-0.6475775332438344,-0.14125327883151229,2.3859145701894855,-1.6268414291446816,-0.632834588424933,-0.05611594710384673
0.0,1.0,0.0,0.0,0.0,1.0,0.0,0.0,0.0,0.0,0.0,0.0,1.0,0.0,0.0,1.0,0.0,1.2187403504181542,-0.09805676880435357,-1.2441118394172594,0.263868919311469,0.9258737865415383,-0.6205304535890187,-0.6475775332438344,-0.14125327883151229,-0.1781057493664113,-0.7501484812720451,-0.632834588424933,-0.1474557687191013
0.0,0.0,0.0,1.0,0.0,1.0,0.0,0.0,0.0,0.0,1.0,0.0,0.0,0.0,1.0,0.0,0.0,-1.6497186791131437,-1.535265399434998,-0.11886537423392847,-0.3187376927032675,0.919283734507129,-1.2945318476477874,-0.6475775332438344,-0.14125327883151229,3.9243267619230227,-1.3346104465204693,-0.632834588424933,-0.0013120541346940075
0.0,1.0,0.0,0.0,0.0,1.0,0.0,0.0,0.0,0.0,0.0,1.0,0.0,0.0,0.0,0.0,1.0,-0.5023350673006246,0.3221796729005131,-0.21671289294552248,-0.02743438669589927,0.9258737865415383,0.2449486092364455,0.5890122267381216,-0.14125327883151229,-0.1781057493664113,-0.4579174986478331,-0.632834588424933,-0.1474557687191013
0.0,1.0,0.0,0.0,0.0,1.0,0.0,0.0,1.0,0.0,0.0,0.0,0.0,0.0,0.0,0.0,1.0,-0.2154891643474948,-0.736816160195751,-1.3419593581288536,3.0798008773826955,0.3673668766253569,-1.1949634598891057,1.379055684504371,-0.14125327883151229,-0.1781057493664113,-0.7501484812720451,1.580191756725731,-0.1474557687191013
1.0,0.0,0.0,0.0,0.0,1.0,1.0,0.0,0.0,0.0,0.0,0.0,0.0,0.0,0.0,0.0,1.0,-0.5023350673006246,-1.3503613650848567,-0.7548742458592895,-0.6100409987106356,0.9258737865415383,-1.3864411286558012,-0.61322781768878,-0.14125327883151229,-0.1781057493664113,1.2954683970974397,-0.632834588424933,-0.1474557687191013
0.0,0.0,0.0,1.0,0.0,1.0,0.0,1.0,0.0,0.0,0.0,0.0,0.0,0.0,1.0,0.0,0.0,-0.9326039217303193,-1.9723112988080598,-0.5591792084361015,-0.7071421007130917,0.7957202588619562,-1.8230102134438673,-0.6475775332438344,-0.14125327883151229,-0.1781057493664113,-1.6268414291446816,-0.632834588424933,-0.1474557687191013
0.0,1.0,0.0,0.0,1.0,0.0,0.0,0.0,0.0,0.0,0.0,1.0,0.0,0.0,0.0,0.0,1.0,-0.07206621287092989,0.8096539452781586,0.22360094125665056,-0.6100409987106356,-1.372406860458677,0.8346998290378681,0.9096095719186287,-0.14125327883151229,-0.1781057493664113,-0.4579174986478331,-0.632834588424933,-0.1474557687191013
1.0,0.0,0.0,0.0,0.0,1.0,0.0,1.0,0.0,0.0,0.0,0.0,0.0,0.0,0.0,1.0,0.0,0.9318944474650244,0.2969654863982213,0.12575342254505653,1.1377788373335735,0.9258737865415383,0.3598352104964629,-0.46437905028354454,-0.14125327883151229,-0.1781057493664113,1.0032374144732275,-0.632834588424933,-0.1474557687191013
1.0,0.0,0.0,0.0,0.0,1.0,0.0,0.0,0.0,1.0,0.0,0.0,0.0,0.0,0.0,0.0,1.0,-0.3589121158240597,0.4566553342460706,0.17467718190085355,-1.192647610725372,0.6738042962253856,0.5130173455098194,0.4974129852579766,-0.14125327883151229,-0.1781057493664113,0.7110064318490154,1.580191756725731,-0.1474557687191013
0.0,1.0,0.0,0.0,0.0,1.0,0.0,0.0,0.0,0.0,0.0,1.0,0.0,0.0,0.0,1.0,0.0,1.5055862533712838,-0.7200067025275565,-0.9016455239266805,-0.41583879470572344,0.7133446084318409,-0.9345538303663996,-0.6475775332438344,-0.14125327883151229,-0.1781057493664113,-1.0423794638962574,-0.632834588424933,-0.1474557687191013
1.0,0.0,0.0,0.0,0.0,1.0,0.0,1.0,0.0,0.0,0.0,0.0,0.0,1.0,0.0,0.0,0.0,0.21477969008219988,0.5575120802552386,-0.31456041165711646,0.36097002131392514,-1.5256255702586914,0.39813074424980205,1.44775511561448,-0.14125327883151229,-0.1781057493664113,1.0032374144732275,-0.632834588424933,-0.1474557687191013
0.0,0.0,1.0,0.0,0.0,1.0,1.0,0.0,0.0,0.0,0.0,0.0,0.0,0.0,0.0,1.0,0.0,1.2187403504181542,1.1038194544715654,0.5660672567472296,-0.22163659070081138,-1.064321927850046,1.2176551665712594,-0.510178671023617,-0.14125327883151229,-0.1781057493664113,-0.16568651602362097,-0.632834588424933,-0.1474557687191013
0.0,0.0,0.0,1.0,0.0,1.0,0.0,0.0,0.0,0.0,0.0,1.0,0.0,1.0,0.0,0.0,0.0,0.07135673860563499,-0.7620303466980431,-1.7333494329752295,1.72038544934831,0.5716584896920427,-1.5013277299158185,1.6767532193148418,-0.14125327883151229,-0.1781057493664113,-1.3346104465204693,-0.632834588424933,-0.1474557687191013
0.0,0.0,1.0,0.0,0.0,1.0,0.0,0.0,0.0,0.0,1.0,0.0,0.0,0.0,1.0,0.0,0.0,-0.9326039217303193,0.3978222324073893,1.5934662032189666,0.4580711233163813,-1.7216796182823657,0.9189500032952143,-0.6475775332438344,-0.14125327883151229,-0.1781057493664113,-0.16568651602362097,-0.632834588424933,-0.1474557687191013
0.0,0.0,0.0,1.0,0.0,1.0,0.0,1.0,0.0,0.0,0.0,0.0,0.0,0.0,0.0,0.0,1.0,-0.5023350673006246,-1.863049823964794,-1.2441118394172594,0.36097002131392514,0.9225787605243336,-2.045124309213234,-0.61322781768878,-0.14125327883151229,-0.1781057493664113,-1.3346104465204693,-0.632834588424933,-0.1474557687191013
0.0,0.0,1.0,0.0,0.0,1.0,0.0,0.0,0.0,0.0,0.0,0.0,1.0,0.0,1.0,0.0,0.0,-1.362872776160014,1.011367437296495,1.1531523690167935,-1.4839509167327403,0.9258737865415383,1.3402008745819447,-0.6475775332438344,-0.14125327883151229,-0.1781057493664113,0.12654446660059115,-0.632834588424933,-0.1474557687191013
0.0,0.0,0.0,1.0,0.0,1.0,0.0,0.0,0.0,1.0,0.0,0.0,0.0,0.0,0.0,1.0,0.0,1.362163301894719,-1.081410042393742,-0.16778913358972547,0.7493744293237493,0.8303180320426046,-0.9192356168650639,-0.6475775332438344,-0.14125327883151229,-0.1781057493664113,-1.3346104465204693,1.580191756725731,-0.1474557687191013
0.0,0.0,1.0,0.0,0.0,1.0,1.0,0.0,0.0,0.0,0.0,0.0,0.0,0.0,0.0,1.0,0.0,1.362163301894719,1.5324606250105297,-0.16778913358972547,-0.8042432027155477,0.9258737865415383,1.28658712732727,-0.6475775332438344,-0.14125327883151229,-0.1781057493664113,0.41877544922480325,-0.632834588424933,-0.1474557687191013
1.0,0.0,0.0,0.0,0.0,1.0,0.0,1.0,0.0,0.0,0.0,0.0,0.0,0.0,0.0,1.0,0.0,1.2187403504181542,0.7424161146053799,0.32144845996824456,0.7493744293237493,0.902808604421106,0.8193816155365324,-0.6475775332438344,-0.14125327883151229,-0.1781057493664113,0.7110064318490154,-0.632834588424933,-0.1474557687191013
0.0,1.0,0.0,0.0,0.0,1.0,0.0,0.0,0.0,0.0,0.0,1.0,0.0,1.0,0.0,0.0,0.0,0.3582026415587648,0.7676303011076719,-0.8037980052150865,-0.02743438669589927,0.9258737865415383,0.32919878349379156,1.974450754125313,-0.14125327883151229,-0.1781057493664113,-0.4579174986478331,-0.632834588424933,-0.1474557687191013
1.0,0.0,0.0,0.0,0.0,1.0,0.0,1.0,0.0,0.0,0.0,0.0,0.0,0.0,0.0,0.0,1.0,-0.6457580187771894,-0.8124587197026272,0.6639147754588236,-0.7071421007130917,0.9077511434469129,-0.4137345713209875,-0.6475775332438344,-0.14125327883151229,-0.1781057493664113,1.2954683970974397,-0.632834588424933,-0.1474557687191013
0.0,0.0,0.0,1.0,0.0,1.0,0.0,0.0,0.0,0.0,0.0,0.0,1.0,0.0,0.0,0.0,1.0,-0.07206621287092989,-1.6865505184487501,-1.4887306361962445,1.5261832453433977,0.6441490620705441,-2.045124309213234,1.138607675618991,-0.14125327883151229,-0.1781057493664113,-1.3346104465204693,-0.632834588424933,-0.1474557687191013
1.0,0.0,0.0,0.0,0.0,1.0,0.0,0.0,0.0,0.0,0.0,1.0,0.0,0.0,1.0,0.0,0.0,-0.9326039217303193,0.40622696124148644,0.9085335722378086,-1.192647610725372,0.36242433759954995,0.7274723345285187,-0.6475775332438344,-0.14125327883151229,-0.1781057493664113,0.7110064318490154,-0.632834588424933,-0.1474557687191013
0.0,1.0,0.0,0.0,0.0,1.0,0.0,0.0,0.0,1.0,0.0,0.0,0.0,0.0,0.0,1.0,0.0,1.6490092048478489,-0.14848514180893754,1.7402374812863577,-0.1245354886983552,-1.7628674434974234,0.4594035982551447,-0.6475775332438344,2.6017044805469185,-0.1781057493664113,-0.7501484812720451,1.580191756725731,2.592738879738535
0.0,1.0,0.0,0.0,0.0,1.0,0.0,0.0,0.0,1.0,0.0,0.0,0.0,0.0,1.0,0.0,0.0,-1.076026873206884,-0.9553391098822819,-0.36348417101291347,-0.41583879470572344,0.9258737865415383,-0.8885991898623926,-0.6475775332438344,-0.14125327883151229,-0.1781057493664113,-0.7501484812720451,1.580191756725731,-0.1474557687191013
1.0,0.0,0.0,0.0,0.0,1.0,0.0,0.0,1.0,0.0,0.0,0.0,0.0,0.0,0.0,0.0,1.0,-0.07206621287092989,-0.4426506510023444,-0.9994930426382745,-0.9013443047180038,-0.11370692188651615,-0.7583943751010396,1.2416568222841537,-0.14125327883151229,-0.1781057493664113,1.2954683970974397,1.580191756725731,-0.1474557687191013
0.0,0.0,0.0,1.0,0.0,1.0,1.0,0.0,0.0,0.0,0.0,0.0,0.0,1.0,0.0,0.0,0.0,0.07135673860563499,-0.9637438387163793,-1.4887306361962445,-1.192647610725372,-0.4036692114005218,-1.4706913029131474,0.3600141230377593,-0.14125327883151229,-0.1781057493664113,-1.3346104465204693,-0.632834588424933,-0.1474557687191013
1.0,0.0,0.0,0.0,0.0,1.0,0.0,0.0,0.0,0.0,0.0,1.0,0.0,0.0,0.0,1.0,0.0,1.2187403504181542,-0.4594601086705391,0.027905903833462538,-0.6100409987106356,0.9258737865415383,-0.32948439706364135,-0.6475775332438344,-0.14125327883151229,-0.1781057493664113,1.0032374144732275,-0.632834588424933,-0.1474557687191013
0.0,0.0,1.0,0.0,0.0,1.0,0.0,1.0,0.0,0.0,0.0,0.0,0.0,1.0,0.0,0.0,0.0,0.6450485445118945,0.9777485219601053,1.2999236470841846,-0.5129398967081796,-0.48604486183063705,1.3555190880832801,0.4859630800729585,-0.14125327883151229,-0.1781057493664113,0.41877544922480325,-0.632834588424933,-0.1474557687191013
1.0,0.0,0.0,0.0,0.0,1.0,0.0,0.0,1.0,0.0,0.0,0.0,0.0,1.0,0.0,0.0,0.0,0.07135673860563499,0.1708945538867611,-0.21671289294552248,0.4580711233163813,-1.5536332914049307,0.11474379447509249,1.5393543570946244,-0.14125327883151229,-0.1781057493664113,1.2954683970974397,1.580191756725731,-0.1474557687191013
0.0,0.0,0.0,1.0,1.0,0.0,0.0,0.0,1.0,0.0,0.0,0.0,0.0,1.0,0.0,0.0,0.0,0.21477969008219988,-1.1318384153983259,-2.1247395078216056,0.6522733273212932,0.8237279800081954,-2.1600109104732512,2.1690991422706207,-0.14125327883151229,-0.1781057493664113,-1.3346104465204693,1.580191756725731,-0.1474557687191013
0.0,0.0,1.0,0.0,0.0,1.0,0.0,0.0,1.0,0.0,0.0,0.0,0.0,0.0,1.0,0.0,0.0,-1.219449824683449,0.8432728606145482,1.0553048503051996,0.263868919311469,0.6770993222425902,1.1563823125659167,-0.6475775332438344,-0.14125327883151229,-0.1781057493664113,0.41877544922480325,1.580191756725731,-0.1474557687191013
0.0,1.0,0.0,0.0,0.0,1.0,1.0,0.0,0.0,0.0,0.0,0.0,0.0,0.0,1.0,0.0,0.0,-1.6497186791131437,-0.8544823638731138,0.6639147754588236,-0.41583879470572344,-0.8814479838951902,-0.4520301050743266,-0.6475775332438344,-0.14125327883151229,-0.1781057493664113,-1.0423794638962574,-0.632834588424933,-0.1474557687191013
1.0,0.0,0.0,0.0,0.0,1.0,0.0,0.0,0.0,0.0,0.0,0.0,1.0,0.0,0.0,1.0,0.0,1.362163301894719,-0.2661513454863003,-0.4124079303687105,-0.5129398967081796,0.9258737865415383,-0.32948439706364135,-0.6475775332438344,-0.14125327883151229,-0.1781057493664113,1.0032374144732275,-0.632834588424933,-0.1474557687191013
0.0,1.0,0.0,0.0,0.0,1.0,0.0,0.0,1.0,0.0,0.0,0.0,0.0,0.0,0.0,1.0,0.0,1.5055862533712838,-0.0056047516292829025,-0.6570267271476955,-0.1245354886983552,0.45303755307267674,-0.22991600930495965,-0.6475775332438344,-0.14125327883151229,-0.1781057493664113,-0.7501484812720451,1.580191756725731,-0.1474557687191013
0.0,0.0,0.0,1.0,0.0,1.0,0.0,0.0,0.0,0.0,0.0,0.0,1.0,0.0,1.0,0.0,0.0,-0.9326039217303193,-0.6611736006888751,0.027905903833462538,-0.02743438669589927,-1.6491890459038643,-0.4903256388276657,-0.6475775332438344,-0.14125327883151229,-0.1781057493664113,-1.3346104465204693,-0.632834588424933,-0.1474557687191013
0.0,1.0,0.0,0.0,0.0,1.0,0.0,0.0,1.0,0.0,0.0,0.0,0.0,1.0,0.0,0.0,0.0,0.3582026415587648,-0.3501986338272737,1.7402374812863577,-0.41583879470572344,-0.5091100439510693,0.27558503623911684,-0.3155302828783092,0.31590634773155957,-0.1781057493664113,-0.7501484812720451,1.580191756725731,0.30924333935717147
0.0,0.0,1.0,0.0,0.0,1.0,1.0,0.0,0.0,0.0,0.0,0.0,0.0,0.0,0.0,1.0,0.0,1.2187403504181542,1.0365816237987866,0.7617622941704176,-0.1245354886983552,0.9258737865415383,1.232973380072595,-0.6475775332438344,-0.14125327883151229,-0.1781057493664113,0.41877544922480325,-0.632834588424933,-0.1474557687191013
0.0,0.0,0.0,1.0,0.0,1.0,0.0,1.0,0.0,0.0,0.0,0.0,0.0,0.0,0.0,1.0,0.0,1.0753173989415892,-0.7284114313616538,-0.2656366523013195,-0.5129398967081796,-1.4827902320350315,-0.6588259873423579,-0.6475775332438344,-0.14125327883151229,-0.1781057493664113,-1.6268414291446816,-0.632834588424933,-0.1474557687191013
0.0,0.0,0.0,1.0,0.0,1.0,0.0,0.0,0.0,0.0,0.0,0.0,1.0,0.0,0.0,0.0,1.0,-0.5023350673006246,-0.6191499565183884,-0.06994161487813147,0.7493744293237493,-1.614591272723216,-0.4903256388276657,-0.6017779125037619,-0.14125327883151229,-0.1781057493664113,-1.3346104465204693,-0.632834588424933,-0.1474557687191013
0.0,1.0,0.0,0.0,0.0,1.0,0.0,0.0,0.0,0.0,1.0,0.0,0.0,0.0,1.0,0.0,0.0,-1.5062957276365787,-0.34179390499317636,0.17467718190085355,0.16676781730901283,0.9258737865415383,-0.17630226205028487,-0.6475775332438344,-0.14125327883151229,-0.1781057493664113,-0.7501484812720451,-0.632834588424933,-0.1474557687191013
0.0,0.0,0.0,1.0,0.0,1.0,0.0,1.0,0.0,0.0,0.0,0.0,0.0,0.0,0.0,1.0,0.0,1.362163301894719,-0.9469343810481845,0.22360094125665056,-0.5129398967081796,-1.3740543734672794,-0.6741442008436934,-0.6475775332438344,-0.14125327883151229,-0.1781057493664113,-1.3346104465204693,-0.632834588424933,-0.1474557687191013
0.0,0.0,0.0,1.0,0.0,1.0,0.0,0.0,0.0,0.0,1.0,0.0,0.0,1.0,0.0,0.0,0.0,0.21477969008219988,-0.8040539908685298,-0.21671289294552248,1.429082143340942,-1.6063537076802044,-0.7047806278463649,0.13101601933739718,-0.14125327883151229,-0.1781057493664113,-1.6268414291446816,-0.632834588424933,-0.1474557687191013
1.0,0.0,0.0,0.0,0.0,1.0,0.0,0.0,0.0,1.0,0.0,0.0,0.0,1.0,0.0,0.0,0.0,0.5016255930353297,-0.29136553198859233,-1.1951880800614625,-0.1245354886983552,0.6062562628726911,-0.7507352683503716,0.18826554526248765,-0.14125327883151229,-0.1781057493664113,1.2954683970974397,1.580191756725731,-0.1474557687191013
0.0,0.0,0.0,1.0,0.0,1.0,0.0,1.0,0.0,0.0,0.0,0.0,0.0,0.0,0.0,1.0,0.0,1.0753173989415892,-1.106624228896034,1.4466949251515757,1.429082143340942,-1.41029965965653,-0.4673483185756622,-0.6475775332438344,-0.14125327883151229,2.3859145701894855,-1.6268414291446816,-0.632834588424933,-0.05611594710384673
0.0,1.0,0.0,0.0,0.0,1.0,0.0,1.0,0.0,0.0,0.0,0.0,0.0,1.0,0.0,0.0,0.0,0.5016255930353297,-0.23253243014991093,-0.7548742458592895,0.7493744293237493,0.9258737865415383,-0.4596892118249944,2.157649237085603,-0.14125327883151229,-0.1781057493664113,-1.0423794638962574,-0.632834588424933,-0.1474557687191013
0.0,0.0,1.0,0.0,0.0,1.0,1.0,0.0,0.0,0.0,0.0,0.0,0.0,0.0,0.0,0.0,1.0,-0.3589121158240597,0.9861532507942028,1.2999236470841846,-0.02743438669589927,0.9258737865415383,1.3555190880832801,-0.2811805673232548,-0.14125327883151229,-0.1781057493664113,0.41877544922480325,-0.632834588424933,-0.1474557687191013
0.0,0.0,0.0,1.0,0.0,1.0,1.0,0.0,0.0,0.0,0.0,0.0,0.0,0.0,1.0,0.0,0.0,-0.9326039217303193,-1.5268606706009005,-0.16778913358972547,-0.22163659070081138,0.023036657827475153,-1.3021909543984551,-0.6475775332438344,-0.14125327883151229,-0.1781057493664113,-1.6268414291446816,-0.632834588424933,-0.1474557687191013
1.0,0.0,0.0,0.0,0.0,1.0,0.0,0.0,0.0,0.0,0.0,1.0,0.0,1.0,0.0,0.0,0.0,0.3582026415587648,1.070200539135176,-1.0484168019940716,-0.22163659070081138,0.9176362214985267,0.4287671712524734,1.8943014178301862,-0.14125327883151229,-0.1781057493664113,0.7110064318490154,-0.632834588424933,-0.1474557687191013
0.0,0.0,0.0,1.0,0.0,1.0,0.0,0.0,0.0,0.0,1.0,0.0,0.0,0.0,0.0,1.0,0.0,0.9318944474650244,-2.0899775024854224,-1.2441118394172594,2.20589095936059,0.9258737865415383,-2.228942871229262,-0.6017779125037619,-0.14125327883151229,1.103904410411537,-1.6268414291446816,-0.632834588424933,-0.101785857911474
0.0,1.0,0.0,0.0,0.0,1.0,0.0,0.0,1.0,0.0,0.0,0.0,0.0,0.0,0.0,0.0,1.0,-0.6457580187771894,-1.0225769405550604,0.9574573315936056,-0.6100409987106356,-1.4877327710608383,-0.520962065830337,-0.6475775332438344,-0.14125327883151229,-0.1781057493664113,-1.0423794638962574,1.580191756725731,-0.1474557687191013
0.0,1.0,0.0,0.0,0.0,1.0,0.0,0.0,0.0,0.0,0.0,1.0,0.0,1.0,0.0,0.0,0.0,0.7884714959884594,-0.24093715898400836,-1.5376543955520416,1.0406777353311174,0.6392065230447371,-0.9422129371170673,0.749310899328375,-0.14125327883151229,-0.1781057493664113,-1.0423794638962574,-0.632834588424933,-0.1474557687191013
0.0,0.0,1.0,0.0,1.0,0.0,0.0,0.0,0.0,0.0,0.0,0.0,1.0,1.0,0.0,0.0,0.0,0.5016255930353297,1.2214856581489282,-0.4613316897245075,1.9145876533532222,-1.2883836970199596,0.8883135762925428,2.546946013376218,-0.14125327883151229,-0.1781057493664113,-0.16568651602362097,-0.632834588424933,-0.1474557687191013
0.0,0.0,0.0,1.0,0.0,1.0,0.0,0.0,0.0,0.0,0.0,1.0,0.0,0.0,0.0,0.0,1.0,-0.6457580187771894,-2.165620061992298,-0.8527217645708836,1.9145876533532222,0.8962185523866968,-2.1063971632185767,-0.6475775332438344,-0.14125327883151229,-0.1781057493664113,-1.3346104465204693,-0.632834588424933,-0.1474557687191013
1.0,0.0,0.0,0.0,0.0,1.0,0.0,0.0,0.0,1.0,0.0,0.0,0.0,0.0,1.0,0.0,0.0,-1.5062957276365787,0.8180586741122561,1.2509998877283877,-0.8042432027155477,-1.0066589725489654,1.1946778463192558,-0.6475775332438344,-0.14125327883151229,-0.1781057493664113,0.7110064318490154,1.580191756725731,-0.1474557687191013
0.0,0.0,0.0,1.0,0.0,1.0,0.0,0.0,0.0,0.0,0.0,1.0,0.0,1.0,0.0,0.0,0.0,0.07135673860563499,-1.787407264457918,-1.3419593581288536,0.9435766333286616,0.6919269393200109,-2.0374652024625663,1.7454526504249503,-0.14125327883151229,-0.1781057493664113,-1.3346104465204693,-0.632834588424933,-0.1474557687191013
0.0,0.0,0.0,1.0,0.0,1.0,0.0,0.0,0.0,0.0,0.0,0.0,1.0,0.0,0.0,0.0,1.0,-0.2154891643474948,-1.5688843147713871,-0.9994930426382745,1.1377788373335735,0.5172905604081667,-1.6774871851811786,-0.01783274806783825,-0.14125327883151229,-0.1781057493664113,-1.6268414291446816,-0.632834588424933,-0.1474557687191013
0.0,0.0,1.0,0.0,0.0,1.0,1.0,0.0,0.0,0.0,0.0,0.0,0.0,0.0,1.0,0.0,0.0,-1.219449824683449,0.465060063080168,1.2020761283725907,1.1377788373335735,-0.9045131660156225,0.8653362560405393,-0.6475775332438344,-0.14125327883151229,-0.1781057493664113,-0.16568651602362097,-0.632834588424933,-0.1474557687191013
1.0,0.0,0.0,0.0,0.0,1.0,0.0,1.0,0.0,0.0,0.0,0.0,0.0,1.0,0.0,0.0,0.0,0.5016255930353297,1.2046762004807334,-1.2441118394172594,0.9435766333286616,0.8517357011544345,0.4057898510004698,2.214898763010693,-0.14125327883151229,-0.1781057493664113,0.7110064318490154,-0.632834588424933,-0.1474557687191013
0.0,0.0,1.0,0.0,0.0,1.0,0.0,0.0,0.0,0.0,0.0,1.0,0.0,0.0,1.0,0.0,0.0,-1.076026873206884,0.4566553342460706,0.6639147754588236,-1.095546508722916,-0.44485703661557946,0.6891768007751795,-0.6475775332438344,-0.14125327883151229,-0.1781057493664113,-0.16568651602362097,-0.632834588424933,-0.1474557687191013
0.0,0.0,1.0,0.0,0.0,1.0,0.0,1.0,0.0,0.0,0.0,0.0,0.0,0.0,0.0,1.0,0.0,1.5055862533712838,0.8768917759509374,1.4466949251515757,-1.095546508722916,0.9258737865415383,1.3019053408286054,-0.6475775332438344,-0.14125327883151229,-0.1781057493664113,0.41877544922480325,-0.632834588424933,-0.1474557687191013
0.0,0.0,0.0,1.0,0.0,1.0,0.0,0.0,0.0,0.0,0.0,1.0,0.0,0.0,0.0,0.0,1.0,-0.5023350673006246,-2.165620061992298,-0.8527217645708836,1.3319810413384858,0.9258737865415383,-2.1063971632185767,-0.6246777228737981,-0.14125327883151229,-0.1781057493664113,-1.3346104465204693,-0.632834588424933,-0.1474557687191013
0.0,0.0,1.0,0.0,0.0,1.0,1.0,0.0,0.0,0.0,0.0,0.0,0.0,1.0,0.0,0.0,0.0,0.7884714959884594,1.7846024900334494,-0.7059504865034925,0.36097002131392514,0.438209935995256,1.2176551665712594,1.4935547363545523,-0.14125327883151229,-0.1781057493664113,0.12654446660059115,-0.632834588424933,-0.1474557687191013
0.0,0.0,1.0,0.0,0.0,1.0,0.0,0.0,0.0,0.0,1.0,0.0,0.0,0.0,1.0,0.0,0.0,-1.219449824683449,1.515651167342335,0.5660672567472296,-1.2897487127278282,0.018094118801668238,1.5776331838526472,-0.6475775332438344,-0.14125327883151229,-0.1781057493664113,0.41877544922480325,-0.632834588424933,-0.1474557687191013
0.0,0.0,0.0,1.0,0.0,1.0,0.0,0.0,1.0,0.0,0.0,0.0,0.0,0.0,0.0,0.0,1.0,-0.3589121158240597,-0.9637438387163793,0.9574573315936056,0.263868919311469,-1.9407988484264722,-0.4673483185756622,-0.45292914509852644,-0.14125327883151229,-0.1781057493664113,-1.3346104465204693,1.580191756725731,-0.1474557687191013
0.0,1.0,0.0,0.0,0.0,1.0,0.0,0.0,0.0,1.0,0.0,0.0,0.0,0.0,1.0,0.0,0.0,-1.5062957276365787,-0.40062700683185765,1.5934662032189666,-1.5810520187351962,-1.9045535622372216,0.1989939687324386,-0.6475775332438344,-0.14125327883151229,-0.1781057493664113,-1.0423794638962574,1.580191756725731,-0.1474557687191013
0.0,0.0,1.0,0.0,0.0,1.0,0.0,1.0,0.0,0.0,0.0,0.0,0.0,1.0,0.0,0.0,0.0,0.3582026415587648,0.5995357244257252,1.4956186845073727,-0.7071421007130917,0.6853368872856017,1.0721321383085707,-0.33843009324834533,0.31590634773155957,-0.1781057493664113,0.12654446660059115,-0.632834588424933,0.30924333935717147
0.0,0.0,1.0,0.0,0.0,1.0,0.0,0.0,0.0,0.0,0.0,1.0,0.0,1.0,0.0,0.0,0.0,0.07135673860563499,1.5828889980151135,-0.06994161487813147,-0.8042432027155477,0.8945710393780945,1.3784964083352838,0.8180103304384837,-0.14125327883151229,-0.1781057493664113,0.41877544922480325,-0.632834588424933,-0.1474557687191013
0.0,1.0,0.0,0.0,0.0,1.0,0.0,0.0,1.0,0.0,0.0,0.0,0.0,0.0,0.0,1.0,0.0,1.2187403504181542,-0.6611736006888751,0.5171434973914326,0.06966671530655688,-0.3987266723747149,-0.32948439706364135,-0.6475775332438344,-0.14125327883151229,-0.1781057493664113,-1.0423794638962574,1.580191756725731,-0.1474557687191013
0.0,0.0,0.0,1.0,0.0,1.0,0.0,0.0,0.0,0.0,0.0,1.0,0.0,1.0,0.0,0.0,0.0,0.07135673860563499,-1.3251471785825646,-0.6570267271476955,0.6522733273212932,0.4431524750210629,-1.3251682746504585,0.5546625111830672,-0.14125327883151229,0.8475023784559472,-1.6268414291446816,-0.632834588424933,-0.11091984007299946
0.0,0.0,0.0,1.0,0.0,1.0,0.0,0.0,1.0,0.0,0.0,0.0,0.0,0.0,0.0,1.0,0.0,1.2187403504181542,-0.9385296522140871,1.5445424438631696,-0.8042432027155477,-2.2241710859060686,-0.2988479700609701,-0.6475775332438344,-0.14125327883151229,-0.1781057493664113,1.5876993797216516,1.580191756725731,-0.1474557687191013
0.0,0.0,1.0,0.0,0.0,1.0,0.0,0.0,0.0,0.0,1.0,0.0,0.0,0.0,0.0,0.0,1.0,-0.07206621287092989,1.2046762004807334,0.9574573315936056,0.555172225318837,-0.45144708864998867,1.4474283690912941,0.623361942293176,-0.14125327883151229,-0.1781057493664113,0.12654446660059115,-0.632834588424933,-0.1474557687191013
1.0,0.0,0.0,0.0,0.0,1.0,0.0,0.0,0.0,0.0,0.0,0.0,1.0,0.0,0.0,1.0,0.0,0.9318944474650244,0.11206145204807984,0.9085335722378086,-0.7071421007130917,-0.8666203668177694,0.4670627050058125,-0.6475775332438344,-0.14125327883151229,-0.1781057493664113,1.2954683970974397,-0.632834588424933,-0.1474557687191013
0.0,0.0,0.0,1.0,0.0,1.0,0.0,0.0,1.0,0.0,0.0,0.0,0.0,1.0,0.0,0.0,0.0,0.7884714959884594,-0.6191499565183884,-0.2656366523013195,0.06966671530655688,-1.9144386402888354,-0.566916706334344,-0.39567961917343597,-0.14125327883151229,-0.1781057493664113,-1.6268414291446816,1.580191756725731,-0.1474557687191013
0.0,0.0,1.0,0.0,0.0,1.0,0.0,0.0,0.0,1.0,0.0,0.0,0.0,1.0,0.0,0.0,0.0,0.7884714959884594,1.6501268286878925,-1.2441118394172594,0.7493744293237493,0.9159887084899244,0.7657678682818577,0.7035112785883025,-0.14125327883151229,-0.1781057493664113,0.41877544922480325,1.580191756725731,-0.1474557687191013
1.0,0.0,0.0,0.0,0.0,1.0,1.0,0.0,0.0,0.0,0.0,0.0,0.0,0.0,0.0,0.0,1.0,-0.07206621287092989,0.25494184222773464,1.4956186845073727,0.6522733273212932,-0.5371177650973085,0.7581087615311898,-0.1895813258431099,1.230225600857703,-0.1781057493664113,1.0032374144732275,-0.632834588424933,1.2226415555097168
0.0,0.0,0.0,1.0,0.0,1.0,0.0,0.0,0.0,0.0,0.0,0.0,1.0,0.0,0.0,0.0,1.0,-0.7891809702537543,-1.43440865342583,-1.1951880800614625,1.6232843473458538,0.9258737865415383,-1.6698280784305106,-0.6475775332438344,-0.14125327883151229,-0.1781057493664113,-1.3346104465204693,-0.632834588424933,-0.1474557687191013
0.0,0.0,1.0,0.0,0.0,1.0,1.0,0.0,0.0,0.0,0.0,0.0,0.0,0.0,0.0,0.0,1.0,-0.6457580187771894,1.0870099968033708,0.9574573315936056,-0.9984454067204599,0.9061036304383105,1.3402008745819447,-0.46437905028354454,-0.14125327883151229,-0.1781057493664113,0.41877544922480325,-0.632834588424933,-0.1474557687191013
0.0,1.0,0.0,0.0,0.0,1.0,0.0,0.0,0.0,0.0,0.0,1.0,0.0,0.0,0.0,0.0,1.0,-0.2154891643474948,-0.4762695663387337,-1.1462643207056655,1.72038544934831,0.9093986564555152,-0.8656218696103891,1.4248553052444435,-0.14125327883151229,-0.1781057493664113,-1.0423794638962574,-0.632834588424933,-0.1474557687191013
0.0,1.0,0.0,0.0,0.0,1.0,0.0,0.0,1.0,0.0,0.0,0.0,0.0,0.0,0.0,0.0,1.0,-0.6457580187771894,-0.19050878597942422,0.9574573315936056,-1.192647610725372,-1.8172353727812993,0.21431218223377418,-0.3498799984333635,-0.14125327883151229,-0.1781057493664113,-0.7501484812720451,1.580191756725731,-0.1474557687191013
1.0,0.0,0.0,0.0,0.0,1.0,0.0,0.0,0.0,0.0,1.0,0.0,0.0,0.0,0.0,1.0,0.0,1.2187403504181542,-0.2661513454863003,-0.2656366523013195,-0.02743438669589927,0.708402069406034,-0.2758706498089666,-0.6475775332438344,-0.14125327883151229,-0.1781057493664113,1.2954683970974397,-0.632834588424933,-0.1474557687191013
1.0,0.0,0.0,0.0,0.0,1.0,0.0,0.0,0.0,0.0,0.0,0.0,1.0,1.0,0.0,0.0,0.0,0.21477969008219988,0.34739385940280515,-0.7548742458592895,0.555172225318837,0.6540341401221579,0.0075162999657429706,1.276006537839208,-0.14125327883151229,-0.1781057493664113,1.0032374144732275,-0.632834588424933,-0.1474557687191013
1.0,0.0,0.0,0.0,0.0,1.0,0.0,0.0,0.0,1.0,0.0,0.0,0.0,0.0,0.0,0.0,1.0,-0.07206621287092989,0.9525343354578133,-0.8527217645708836,-0.41583879470572344,0.8962185523866968,0.45174449150447676,2.3408477200458924,-0.14125327883151229,-0.1781057493664113,0.7110064318490154,1.580191756725731,-0.1474557687191013
0.0,1.0,0.0,0.0,0.0,1.0,0.0,0.0,1.0,0.0,0.0,0.0,0.0,1.0,0.0,0.0,0.0,0.7884714959884594,0.3557985882369026,-1.0973405613498686,1.6232843473458538,0.4678651701500975,-0.17630226205028487,0.2684148815576145,-0.14125327883151229,-0.1781057493664113,-1.0423794638962574,1.580191756725731,-0.1474557687191013
0.0,1.0,0.0,0.0,0.0,1.0,1.0,0.0,0.0,0.0,0.0,0.0,0.0,0.0,0.0,0.0,1.0,-0.5023350673006246,-0.207318243647619,-1.5376543955520416,-0.6100409987106356,0.9258737865415383,-0.9115765101143961,-0.20103123102812803,-0.14125327883151229,-0.1781057493664113,-0.7501484812720451,-0.632834588424933,-0.1474557687191013
0.0,0.0,1.0,0.0,0.0,1.0,0.0,0.0,0.0,0.0,0.0,1.0,0.0,0.0,0.0,0.0,1.0,-0.07206621287092989,1.6249126421856002,-0.21671289294552248,0.16676781730901283,0.8632682922146506,1.3402008745819447,0.4516133645179042,-0.14125327883151229,-0.1781057493664113,0.41877544922480325,-0.632834588424933,-0.1474557687191013
1.0,0.0,0.0,0.0,0.0,1.0,0.0,1.0,0.0,0.0,0.0,0.0,0.0,0.0,0.0,0.0,1.0,-0.07206621287092989,0.30537021523231844,0.32144845996824456,-0.22163659070081138,-1.2570809498565159,0.43642627800314115,0.9783090030287371,-0.14125327883151229,-0.1781057493664113,1.0032374144732275,-0.632834588424933,-0.1474557687191013
1.0,0.0,0.0,0.0,0.0,1.0,0.0,1.0,0.0,0.0,0.0,0.0,0.0,0.0,0.0,1.0,0.0,1.2187403504181542,0.7087971992689907,1.8870087593537486,-1.3868498147302841,0.9258737865415383,1.271268913825934,-0.6475775332438344,0.31590634773155957,-0.1781057493664113,0.7110064318490154,-0.632834588424933,0.30924333935717147
0.0,0.0,1.0,0.0,0.0,1.0,1.0,0.0,0.0,0.0,0.0,0.0,0.0,1.0,0.0,0.0,0.0,0.3582026415587648,1.12062891213976,-0.7548742458592895,0.36097002131392514,0.8336130580598091,0.6508812670218403,3.0507418415170156,-0.14125327883151229,-0.1781057493664113,-0.16568651602362097,-0.632834588424933,-0.1474557687191013
0.0,1.0,0.0,0.0,0.0,1.0,0.0,0.0,1.0,0.0,0.0,0.0,0.0,0.0,0.0,1.0,0.0,1.2187403504181542,0.5575120802552386,-0.2656366523013195,0.263868919311469,0.6639192181737718,0.42110806450180555,-0.6475775332438344,-0.14125327883151229,-0.1781057493664113,-0.4579174986478331,1.580191756725731,-0.1474557687191013
0.0,0.0,1.0,0.0,0.0,1.0,0.0,0.0,0.0,0.0,1.0,0.0,0.0,0.0,0.0,1.0,0.0,1.362163301894719,1.700555201692476,0.22360094125665056,-0.5129398967081796,-0.22079526744566597,1.6006105041046506,-0.6475775332438344,-0.14125327883151229,-0.1781057493664113,0.41877544922480325,-0.632834588424933,-0.1474557687191013
0.0,0.0,0.0,1.0,0.0,1.0,0.0,0.0,0.0,0.0,0.0,0.0,1.0,1.0,0.0,0.0,0.0,0.6450485445118945,-0.4258411933341497,-1.0973405613498686,1.72038544934831,-0.7002215529489367,-0.7966899088543787,0.6004621319231397,-0.14125327883151229,-0.1781057493664113,-1.3346104465204693,-0.632834588424933,-0.1474557687191013
0.0,0.0,1.0,0.0,0.0,1.0,0.0,0.0,0.0,0.0,1.0,0.0,0.0,0.0,0.0,1.0,0.0,1.362163301894719,1.238295115817123,1.1531523690167935,-1.3868498147302841,-0.06757655764565161,1.539337650099308,-0.6475775332438344,-0.14125327883151229,-0.1781057493664113,0.41877544922480325,-0.632834588424933,-0.1474557687191013
0.0,1.0,0.0,0.0,0.0,1.0,1.0,0.0,0.0,0.0,0.0,0.0,0.0,1.0,0.0,0.0,0.0,0.6450485445118945,-0.5435073970115124,-0.4124079303687105,2.20589095936059,-1.3065063401145849,-0.566916706334344,0.2798647867426326,-0.14125327883151229,-0.1781057493664113,-0.7501484812720451,-0.632834588424933,-0.1474557687191013
0.0,0.0,1.0,0.0,0.0,1.0,0.0,1.0,0.0,0.0,0.0,0.0,0.0,0.0,0.0,1.0,0.0,1.362163301894719,1.4568180655036533,0.3703722193240416,-0.1245354886983552,0.9258737865415383,1.455087475841962,-0.6475775332438344,-0.14125327883151229,-0.1781057493664113,0.41877544922480325,-0.632834588424933,-0.1474557687191013
1.0,0.0,0.0,0.0,0.0,1.0,0.0,0.0,0.0,0.0,1.0,0.0,0.0,0.0,0.0,0.0,1.0,-0.6457580187771894,-0.6947925160252644,0.8596098128820115,-0.9984454067204599,-1.1137473181081152,-0.2605524363076309,-0.6475775332438344,-0.14125327883151229,-0.1781057493664113,1.2954683970974397,-0.632834588424933,-0.1474557687191013
0.0,0.0,1.0,0.0,0.0,1.0,1.0,0.0,0.0,0.0,0.0,0.0,0.0,1.0,0.0,0.0,0.0,0.7884714959884594,1.6837457440242818,-1.5376543955520416,0.16676781730901283,0.8846859613264806,0.5513128792631585,1.367605779319353,-0.14125327883151229,-0.1781057493664113,0.41877544922480325,-0.632834588424933,-0.1474557687191013
0.0,0.0,0.0,1.0,0.0,1.0,0.0,0.0,0.0,1.0,0.0,0.0,0.0,0.0,0.0,1.0,0.0,1.5055862533712838,-1.1234336865642287,-1.2930355987730566,-0.9984454067204599,0.9258737865415383,-1.4783504096638151,-0.6475775332438344,-0.14125327883151229,-0.1781057493664113,-1.6268414291446816,1.580191756725731,-0.1474557687191013
0.0,0.0,0.0,1.0,0.0,1.0,0.0,1.0,0.0,0.0,0.0,0.0,0.0,0.0,0.0,0.0,1.0,-0.6457580187771894,-1.5184559417668033,1.2999236470841846,-0.9984454067204599,-2.0627148110630427,-0.873280976361057,-0.6475775332438344,-0.14125327883151229,4.437130825834202,1.5876993797216516,-0.632834588424933,0.016955910188356894
0.0,1.0,0.0,0.0,0.0,1.0,0.0,0.0,1.0,0.0,0.0,0.0,0.0,0.0,0.0,1.0,0.0,1.2187403504181542,0.5070837072506548,-1.9779682297542145,-0.5129398967081796,0.9258737865415383,-0.7737125886023752,-0.6475775332438344,-0.14125327883151229,-0.1781057493664113,-0.7501484812720451,1.580191756725731,-0.1474557687191013
0.0,1.0,0.0,0.0,0.0,1.0,0.0,1.0,0.0,0.0,0.0,0.0,0.0,0.0,1.0,0.0,0.0,-1.219449824683449,-0.9637438387163793,1.7402374812863577,-1.3868498147302841,-1.6673116889984896,-0.2758706498089666,-0.6475775332438344,-0.14125327883151229,-0.1781057493664113,-0.7501484812720451,-0.632834588424933,-0.1474557687191013
0.0,0.0,0.0,1.0,0.0,1.0,0.0,0.0,0.0,0.0,1.0,0.0,0.0,1.0,0.0,0.0,0.0,0.21477969008219988,-1.4175991957576355,-1.2930355987730566,-0.8042432027155477,0.6408540360533395,-1.7157827189345178,-0.05218246362289261,-0.14125327883151229,-0.1781057493664113,1.5876993797216516,-0.632834588424933,-0.1474557687191013
1.0,0.0,0.0,0.0,0.0,1.0,0.0,0.0,0.0,0.0,0.0,0.0,1.0,1.0,0.0,0.0,0.0,0.5016255930353297,0.19610874038905318,0.6639147754588236,-0.6100409987106356,-1.3674643214328701,0.4594035982551447,0.005067062302197861,-0.14125327883151229,-0.1781057493664113,1.2954683970974397,-0.632834588424933,-0.1474557687191013
0.0,0.0,0.0,1.0,0.0,1.0,0.0,0.0,0.0,0.0,0.0,0.0,1.0,0.0,0.0,1.0,0.0,1.362163301894719,-1.232695161407494,-0.31456041165711646,0.4580711233163813,0.9258737865415383,-1.1030541788810917,-0.6475775332438344,-0.14125327883151229,-0.1781057493664113,-1.3346104465204693,-0.632834588424933,-0.1474557687191013
0.0,0.0,0.0,1.0,0.0,1.0,0.0,0.0,0.0,0.0,0.0,1.0,0.0,1.0,0.0,0.0,0.0,0.21477969008219988,-1.207480974905202,-1.1462643207056655,0.263868919311469,0.7495898946210916,-1.4630321961624795,0.7035112785883025,-0.14125327883151229,-0.1781057493664113,-1.6268414291446816,-0.632834588424933,-0.1474557687191013
1.0,0.0,0.0,0.0,0.0,1.0,0.0,0.0,0.0,0.0,0.0,0.0,1.0,0.0,0.0,1.0,0.0,1.362163301894719,-0.19050878597942422,-0.2656366523013195,-0.8042432027155477,0.9258737865415383,-0.21459779580362398,-0.6475775332438344,-0.14125327883151229,-0.1781057493664113,1.0032374144732275,-0.632834588424933,-0.1474557687191013
0.0,0.0,1.0,0.0,0.0,1.0,1.0,0.0,0.0,0.0,0.0,0.0,0.0,0.0,1.0,0.0,0.0,-1.362872776160014,1.238295115817123,1.0063810909494026,-0.3187376927032675,-0.6409110846392537,1.4933830095953011,-0.6475775332438344,-0.14125327883151229,-0.1781057493664113,0.12654446660059115,-0.632834588424933,-0.1474557687191013
0.0,0.0,1.0,0.0,0.0,1.0,0.0,1.0,0.0,0.0,0.0,0.0,0.0,0.0,0.0,0.0,1.0,-0.07206621287092989,1.1962714716466363,-0.6570267271476955,0.6522733273212932,-0.9753562253855216,0.7657678682818577,2.6041955393013083,-0.14125327883151229,-0.1781057493664113,-0.16568651602362097,-0.632834588424933,-0.1474557687191013
0.0,0.0,0.0,1.0,0.0,1.0,0.0,0.0,0.0,0.0,1.0,0.0,0.0,0.0,1.0,0.0,0.0,-1.5062957276365787,-1.9218829258034755,-0.5102554490803045,-0.9013443047180038,0.9258737865415383,-1.7617373594385246,-0.6475775332438344,-0.14125327883151229,-0.1781057493664113,1.5876993797216516,-0.632834588424933,-0.1474557687191013
0.0,0.0,1.0,0.0,0.0,1.0,0.0,0.0,1.0,0.0,0.0,0.0,0.0,0.0,1.0,0.0,0.0,-1.6497186791131437,0.6583688262644065,-0.2656366523013195,-0.3187376927032675,0.45962760510708595,0.5053582387591516,-0.6475775332438344,-0.14125327883151229,-0.1781057493664113,-0.16568651602362097,1.580191756725731,-0.1474557687191013
0.0,1.0,0.0,0.0,0.0,1.0,0.0,0.0,0.0,1.0,0.0,0.0,0.0,0.0,0.0,1.0,0.0,1.5055862533712838,0.2129181980572478,-0.7548742458592895,0.555172225318837,-0.6952790139231297,-0.09971119454360661,-0.6475775332438344,-0.14125327883151229,-0.1781057493664113,-0.7501484812720451,1.580191756725731,-0.1474557687191013
1.0,0.0,0.0,0.0,0.0,1.0,0.0,0.0,0.0,1.0,0.0,0.0,0.0,0.0,0.0,1.0,0.0,1.6490092048478489,0.011204706038911709,0.7128385348146206,-0.5129398967081796,0.3311215904361062,0.313880569992456,-0.6475775332438344,-0.14125327883151229,-0.1781057493664113,1.0032374144732275,1.580191756725731,-0.1474557687191013
1.0,0.0,0.0,0.0,0.0,1.0,0.0,0.0,1.0,0.0,0.0,0.0,0.0,1.0,0.0,0.0,0.0,0.21477969008219988,0.3978222324073893,-1.4398068768404475,0.263868919311469,-0.18125495523921065,-0.3601208240663127,1.8370518919050953,-0.14125327883151229,-0.1781057493664113,1.2954683970974397,1.580191756725731,-0.1474557687191013
0.0,1.0,0.0,0.0,0.0,1.0,0.0,1.0,0.0,0.0,0.0,0.0,0.0,0.0,0.0,1.0,0.0,0.9318944474650244,0.24653711339363718,-1.2441118394172594,1.1377788373335735,-0.4942824268736486,-0.344802610564977,0.03941677785725222,-0.14125327883151229,-0.1781057493664113,-1.0423794638962574,-0.632834588424933,-0.1474557687191013
1.0,0.0,0.0,0.0,0.0,1.0,0.0,0.0,0.0,1.0,0.0,0.0,0.0,0.0,0.0,0.0,1.0,-0.3589121158240597,-0.46786483750463637,0.07682966318925954,-1.192647610725372,-1.1747052994264005,-0.3141661835623057,0.25696497637259635,-0.14125327883151229,-0.1781057493664113,1.2954683970974397,1.580191756725731,-0.1474557687191013
0.0,0.0,0.0,1.0,0.0,1.0,1.0,0.0,0.0,0.0,0.0,0.0,0.0,0.0,0.0,0.0,1.0,-0.2154891643474948,-1.0982195000619366,-1.4398068768404475,-0.41583879470572344,0.25368847903179786,-1.5472823704198257,-0.05218246362289261,-0.14125327883151229,-0.1781057493664113,-1.6268414291446816,-0.632834588424933,-0.1474557687191013
0.0,0.0,0.0,1.0,0.0,1.0,0.0,1.0,0.0,0.0,0.0,0.0,0.0,0.0,0.0,0.0,1.0,-0.07206621287092989,-1.4932417552645114,-1.0973405613498686,2.011688755355678,0.9258737865415383,-1.6698280784305106,0.4974129852579766,-0.14125327883151229,-0.1781057493664113,1.5876993797216516,-0.632834588424933,-0.1474557687191013
0.0,0.0,1.0,0.0,0.0,1.0,0.0,0.0,0.0,1.0,0.0,0.0,0.0,0.0,0.0,0.0,1.0,-0.3589121158240597,1.4736275231718483,-0.21671289294552248,-0.02743438669589927,0.6474440880877487,1.2176551665712594,1.276006537839208,-0.14125327883151229,-0.1781057493664113,0.12654446660059115,1.580191756725731,-0.1474557687191013
0.0,1.0,0.0,0.0,0.0,1.0,0.0,0.0,1.0,0.0,0.0,0.0,0.0,0.0,0.0,1.0,0.0,1.362163301894719,-0.7788398043662378,-0.9505692832824775,1.429082143340942,0.9258737865415383,-1.011144897873078,-0.6475775332438344,-0.14125327883151229,-0.1781057493664113,-0.7501484812720451,1.580191756725731,-0.1474557687191013
0.0,1.0,0.0,0.0,0.0,1.0,0.0,1.0,0.0,0.0,0.0,0.0,0.0,1.0,0.0,0.0,0.0,0.07135673860563499,-0.4594601086705391,-0.021017855522334466,0.6522733273212932,0.9258737865415383,-0.3371435038143092,1.470654925984516,-0.14125327883151229,-0.1781057493664113,-1.0423794638962574,-0.632834588424933,-0.1474557687191013
1.0,0.0,0.0,0.0,0.0,1.0,0.0,0.0,0.0,0.0,1.0,0.0,0.0,1.0,0.0,0.0,0.0,0.07135673860563499,0.011204706038911709,-1.3419593581288536,2.011688755355678,0.9258737865415383,-0.5975531333370152,2.306498004490838,-0.14125327883151229,-0.1781057493664113,1.0032374144732275,-0.632834588424933,-0.1474557687191013
1.0,0.0,0.0,0.0,0.0,1.0,0.0,0.0,0.0,0.0,1.0,0.0,0.0,1.0,0.0,0.0,0.0,0.6450485445118945,0.4566553342460706,-0.9016455239266805,0.06966671530655688,0.9258737865415383,0.022834513467078568,0.8180103304384837,-0.14125327883151229,-0.1781057493664113,1.0032374144732275,-0.632834588424933,-0.1474557687191013
0.0,0.0,1.0,0.0,0.0,1.0,0.0,0.0,0.0,0.0,1.0,0.0,0.0,0.0,1.0,0.0,0.0,-1.5062957276365787,1.3223424041580962,0.8106860535262146,0.36097002131392514,0.8846859613264806,1.5010421163459688,-0.6475775332438344,-0.14125327883151229,-0.1781057493664113,0.41877544922480325,-0.632834588424933,-0.1474557687191013
1.0,0.0,0.0,0.0,0.0,1.0,1.0,0.0,0.0,0.0,0.0,0.0,0.0,1.0,0.0,0.0,0.0,0.6450485445118945,-0.10646149763845088,0.3703722193240416,1.2348799393360297,-1.2373107937532881,0.09942558097375682,-0.1437817051030375,-0.14125327883151229,-0.1781057493664113,1.2954683970974397,-0.632834588424933,-0.1474557687191013
0.0,1.0,0.0,0.0,0.0,1.0,1.0,0.0,0.0,0.0,0.0,0.0,0.0,0.0,0.0,0.0,1.0,-0.2154891643474948,-0.535102668177415,-0.6081029677918985,0.4580711233163813,0.8204329539909907,-0.6435077738410222,1.4019554948744073,-0.14125327883151229,-0.1781057493664113,-1.0423794638962574,-0.632834588424933,-0.1474557687191013
0.0,0.0,1.0,0.0,0.0,1.0,0.0,0.0,0.0,1.0,0.0,0.0,0.0,0.0,0.0,1.0,0.0,1.5055862533712838,1.2130809293148308,0.9085335722378086,-0.8042432027155477,0.5601258986318266,1.4321101555899585,-0.6475775332438344,-0.14125327883151229,-0.1781057493664113,0.12654446660059115,1.580191756725731,-0.1474557687191013
0.0,0.0,0.0,1.0,0.0,1.0,1.0,0.0,0.0,0.0,0.0,0.0,0.0,1.0,0.0,0.0,0.0,0.07135673860563499,-1.9050734681352806,-1.5376543955520416,0.263868919311469,0.8352605710684115,-2.2519201914812657,0.6920613734032844,-0.14125327883151229,-0.1781057493664113,-1.6268414291446816,-0.632834588424933,-0.1474557687191013
0.0,0.0,0.0,1.0,0.0,1.0,0.0,0.0,1.0,0.0,0.0,0.0,0.0,0.0,0.0,0.0,1.0,-0.5023350673006246,-0.9637438387163793,1.1531523690167935,-0.41583879470572344,-1.7941701906608671,-0.4137345713209875,-0.6361276280588162,-0.14125327883151229,-0.1781057493664113,-1.3346104465204693,1.580191756725731,-0.1474557687191013
1.0,0.0,0.0,0.0,0.0,1.0,0.0,0.0,0.0,0.0,0.0,0.0,1.0,0.0,1.0,0.0,0.0,-1.362872776160014,-0.29977026082268965,1.3977711657957785,-0.7071421007130917,-0.8550877757575533,0.23728950248577774,-0.6475775332438344,-0.14125327883151229,-0.1781057493664113,1.0032374144732275,-0.632834588424933,-0.1474557687191013
1.0,0.0,0.0,0.0,0.0,1.0,0.0,0.0,0.0,0.0,0.0,0.0,1.0,0.0,0.0,0.0,1.0,-0.07206621287092989,0.8852965047850349,-0.16778913358972547,-1.095546508722916,0.46951268315869976,0.7427905480298542,0.5088628904429947,-0.14125327883151229,-0.1781057493664113,0.7110064318490154,-0.632834588424933,-0.1474557687191013
0.0,1.0,0.0,0.0,0.0,1.0,0.0,0.0,0.0,1.0,0.0,0.0,0.0,1.0,0.0,0.0,0.0,0.07135673860563499,-0.19891351481352168,1.2999236470841846,-0.8042432027155477,-1.7216796182823657,0.29856235649112023,-0.05218246362289261,-0.14125327883151229,-0.1781057493664113,-1.0423794638962574,1.580191756725731,-0.1474557687191013
0.0,1.0,0.0,0.0,0.0,1.0,1.0,0.0,0.0,0.0,0.0,0.0,0.0,0.0,1.0,0.0,0.0,-1.6497186791131437,-0.10646149763845088,0.9574573315936056,-1.095546508722916,-1.647541532895262,0.2832441429897847,-0.6475775332438344,-0.14125327883151229,-0.1781057493664113,-1.0423794638962574,-0.632834588424933,-0.1474557687191013
1.0,0.0,0.0,0.0,0.0,1.0,0.0,1.0,0.0,0.0,0.0,0.0,0.0,1.0,0.0,0.0,0.0,0.6450485445118945,1.2130809293148308,-0.9505692832824775,-0.22163659070081138,0.9258737865415383,0.6125857332685012,1.0241086237688097,-0.14125327883151229,-0.1781057493664113,0.7110064318490154,-0.632834588424933,-0.1474557687191013
0.0,0.0,1.0,0.0,0.0,1.0,0.0,0.0,0.0,0.0,0.0,1.0,0.0,0.0,1.0,0.0,0.0,-1.6497186791131437,1.1626525563102468,0.12575342254505653,-0.22163659070081138,-1.042904258738216,1.102768565311242,-0.6475775332438344,-0.14125327883151229,-0.1781057493664113,-0.16568651602362097,-0.632834588424933,-0.1474557687191013
0.0,1.0,0.0,0.0,0.0,1.0,0.0,0.0,0.0,0.0,1.0,0.0,0.0,0.0,0.0,0.0,1.0,-0.7891809702537543,-0.46786483750463637,1.7402374812863577,0.6522733273212932,-1.5272730832672938,0.16835754172976727,-0.6475775332438344,0.2244744224189452,-0.1781057493664113,-0.7501484812720451,-0.632834588424933,0.2179035177419169
0.0,0.0,1.0,0.0,0.0,1.0,1.0,0.0,0.0,0.0,0.0,0.0,0.0,0.0,0.0,0.0,1.0,-0.7891809702537543,0.9693437931260082,1.1531523690167935,-1.4839509167327403,-0.4629796797102048,1.3019053408286054,-0.6246777228737981,-0.14125327883151229,-0.1781057493664113,0.12654446660059115,-0.632834588424933,-0.1474557687191013
1.0,0.0,0.0,0.0,0.0,1.0,0.0,0.0,0.0,0.0,0.0,1.0,0.0,0.0,0.0,1.0,0.0,1.5055862533712838,0.7676303011076719,-0.021017855522334466,-0.22163659070081138,0.9258737865415383,0.7044950142765151,-0.6475775332438344,-0.14125327883151229,-0.1781057493664113,0.7110064318490154,-0.632834588424933,-0.1474557687191013
0.0,0.0,1.0,0.0,0.0,1.0,0.0,0.0,0.0,0.0,1.0,0.0,0.0,1.0,0.0,0.0,0.0,0.3582026415587648,1.2130809293148308,0.3703722193240416,1.0406777353311174,-0.739761865155392,1.2406324868232628,0.22261526081754202,-0.14125327883151229,-0.1781057493664113,0.41877544922480325,-0.632834588424933,-0.1474557687191013
1.0,0.0,0.0,0.0,0.0,1.0,1.0,0.0,0.0,0.0,0.0,0.0,0.0,0.0,0.0,1.0,0.0,1.6490092048478489,0.5407026225870439,1.1531523690167935,-1.095546508722916,0.9258737865415383,0.9189500032952143,-0.6475775332438344,-0.14125327883151229,-0.1781057493664113,0.7110064318490154,-0.632834588424933,-0.1474557687191013
0.0,0.0,1.0,0.0,0.0,1.0,0.0,0.0,0.0,1.0,0.0,0.0,0.0,0.0,1.0,0.0,0.0,-0.9326039217303193,0.6415593685962119,1.4466949251515757,-1.095546508722916,-0.5568879212005362,1.0951094585605743,-0.6475775332438344,-0.14125327883151229,-0.1781057493664113,0.41877544922480325,1.580191756725731,-0.1474557687191013
0.0,1.0,0.0,0.0,0.0,1.0,0.0,1.0,0.0,0.0,0.0,0.0,0.0,0.0,0.0,1.0,0.0,1.362163301894719,0.6247499109280173,0.4192959786798386,-0.3187376927032675,-1.7809900865920487,0.750449654780522,-0.6475775332438344,-0.14125327883151229,-0.1781057493664113,-0.4579174986478331,-0.632834588424933,-0.1474557687191013
0.0,1.0,0.0,0.0,0.0,1.0,0.0,0.0,0.0,0.0,0.0,1.0,0.0,0.0,1.0,0.0,0.0,-1.5062957276365787,0.24653711339363718,0.27252470061244755,-0.7071421007130917,0.2668685831006163,0.3674943172471307,-0.6475775332438344,-0.14125327883151229,-0.1781057493664113,-0.4579174986478331,-0.632834588424933,-0.1474557687191013
0.0,1.0,0.0,0.0,0.0,1.0,0.0,0.0,0.0,0.0,1.0,0.0,0.0,1.0,0.0,0.0,0.0,0.07135673860563499,-0.48467429517283106,1.7891612406421546,0.4580711233163813,-1.2554334368479134,0.16835754172976727,-0.30408037769329105,0.31590634773155957,-0.1781057493664113,-0.7501484812720451,-0.632834588424933,0.30924333935717147
0.0,0.0,1.0,0.0,0.0,1.0,1.0,0.0,0.0,0.0,0.0,0.0,0.0,0.0,0.0,0.0,1.0,-0.5023350673006246,1.1878667428125387,0.5171434973914326,0.06966671530655688,0.924226273532936,1.278928020576602,0.15391582970743328,-0.14125327883151229,-0.1781057493664113,0.41877544922480325,-0.632834588424933,-0.1474557687191013
0.0,1.0,0.0,0.0,0.0,1.0,0.0,0.0,0.0,0.0,0.0,1.0,0.0,0.0,1.0,0.0,0.0,-1.6497186791131437,-0.34179390499317636,0.46821973803563555,-0.6100409987106356,-1.6673116889984896,-0.07673387429160315,-0.6475775332438344,-0.14125327883151229,-0.1781057493664113,-1.0423794638962574,-0.632834588424933,-0.1474557687191013
0.0,1.0,0.0,0.0,0.0,1.0,0.0,0.0,0.0,0.0,0.0,1.0,0.0,0.0,0.0,0.0,1.0,-0.7891809702537543,-0.4174364645000524,0.3703722193240416,-1.095546508722916,-1.685434332093115,-0.16864315529961704,-0.6475775332438344,-0.14125327883151229,-0.1781057493664113,-1.0423794638962574,-0.632834588424933,-0.1474557687191013
1.0,0.0,0.0,0.0,0.0,1.0,0.0,0.0,0.0,0.0,0.0,0.0,1.0,1.0,0.0,0.0,0.0,0.6450485445118945,-0.29136553198859233,-2.0268919891100117,1.2348799393360297,0.4415049620124606,-1.4247366624091404,0.23406516600256014,-0.14125327883151229,-0.1781057493664113,1.2954683970974397,-0.632834588424933,-0.1474557687191013
0.0,0.0,0.0,1.0,0.0,1.0,0.0,1.0,0.0,0.0,0.0,0.0,0.0,0.0,1.0,0.0,0.0,-1.076026873206884,-2.0815727736513248,-0.36348417101291347,-0.5129398967081796,0.9258737865415383,-1.8459875336958707,-0.6475775332438344,-0.14125327883151229,-0.1781057493664113,-1.3346104465204693,-0.632834588424933,-0.1474557687191013
0.0,0.0,1.0,0.0,0.0,1.0,0.0,0.0,0.0,0.0,0.0,1.0,0.0,0.0,0.0,0.0,1.0,-0.6457580187771894,0.5743215379234332,0.6639147754588236,-1.095546508722916,-0.9852413034371355,0.788745188533861,-0.2811805673232548,-0.14125327883151229,-0.1781057493664113,-0.16568651602362097,-0.632834588424933,-0.1474557687191013
0.0,0.0,0.0,1.0,0.0,1.0,0.0,0.0,0.0,0.0,0.0,0.0,1.0,1.0,0.0,0.0,0.0,0.3582026415587648,-2.0311444006467405,-1.5865781549078386,2.011688755355678,0.8929235263694921,-2.3821250062426187,0.7836606148834294,-0.14125327883151229,1.873110506278306,-1.6268414291446816,-0.632834588424933,-0.07438391142689764
1.0,0.0,0.0,0.0,0.0,1.0,0.0,0.0,0.0,1.0,0.0,0.0,0.0,0.0,1.0,0.0,0.0,-1.076026873206884,-0.5266979393433178,0.32144845996824456,-0.6100409987106356,0.9258737865415383,-0.2835297565596344,-0.6475775332438344,-0.14125327883151229,-0.1781057493664113,1.0032374144732275,1.580191756725731,-0.1474557687191013
1.0,0.0,0.0,0.0,0.0,1.0,0.0,0.0,0.0,0.0,0.0,0.0,1.0,0.0,0.0,0.0,1.0,-0.7891809702537543,0.5659168090893361,1.1531523690167935,-1.192647610725372,0.9258737865415383,0.9419273235472178,-0.6475775332438344,-0.14125327883151229,-0.1781057493664113,0.7110064318490154,-0.632834588424933,-0.1474557687191013
0.0,0.0,1.0,0.0,0.0,1.0,0.0,1.0,0.0,0.0,0.0,0.0,0.0,0.0,1.0,0.0,0.0,-1.5062957276365787,0.691987741600796,1.8870087593537486,-0.7071421007130917,0.021389144818872847,1.2559507003245984,-0.6475775332438344,2.6017044805469185,-0.1781057493664113,0.12654446660059115,-0.632834588424933,2.592738879738535
0.0,1.0,0.0,0.0,0.0,1.0,1.0,0.0,0.0,0.0,0.0,0.0,0.0,0.0,0.0,0.0,1.0,-0.5023350673006246,-0.6023404988501937,1.5445424438631696,1.0406777353311174,0.6293214449931234,-0.0001428067849248955,-0.2811805673232548,-0.14125327883151229,-0.1781057493664113,-0.7501484812720451,-0.632834588424933,-0.1474557687191013
0.0,0.0,1.0,0.0,0.0,1.0,0.0,0.0,1.0,0.0,0.0,0.0,0.0,0.0,1.0,0.0,0.0,-1.362872776160014,0.7760350299417694,-1.0484168019940716,0.06966671530655688,0.9258737865415383,0.19133486198177074,-0.6475775332438344,-0.14125327883151229,-0.1781057493664113,-0.16568651602362097,1.580191756725731,-0.1474557687191013
0.0,1.0,0.0,0.0,0.0,1.0,1.0,0.0,0.0,0.0,0.0,0.0,0.0,0.0,0.0,0.0,1.0,-0.6457580187771894,-0.8881012792095032,1.0063810909494026,-0.3187376927032675,-1.4860852580522361,-0.3830981443183162,-0.6361276280588162,-0.14125327883151229,-0.1781057493664113,-1.0423794638962574,-0.632834588424933,-0.1474557687191013
0.0,0.0,1.0,0.0,0.0,1.0,0.0,0.0,0.0,1.0,0.0,0.0,0.0,0.0,0.0,0.0,1.0,-0.7891809702537543,0.9861532507942028,1.2020761283725907,-1.4839509167327403,0.15813272453286414,1.3325417678312768,-0.6246777228737981,-0.14125327883151229,-0.1781057493664113,0.12654446660059115,1.580191756725731,-0.1474557687191013
0.0,1.0,0.0,0.0,0.0,1.0,0.0,0.0,0.0,1.0,0.0,0.0,0.0,1.0,0.0,0.0,0.0,0.3582026415587648,0.05322835020939839,-0.4124079303687105,1.9145876533532222,-0.3624813861854642,-0.06907476754093532,1.9859006593103308,-0.14125327883151229,-0.1781057493664113,-0.7501484812720451,1.580191756725731,-0.1474557687191013
0.0,0.0,0.0,1.0,0.0,1.0,0.0,0.0,0.0,0.0,1.0,0.0,0.0,0.0,0.0,1.0,0.0,1.5055862533712838,-1.3251471785825646,-0.5102554490803045,0.8464755313262055,0.6688617571995786,-1.2638954206451158,-0.6475775332438344,-0.14125327883151229,-0.1781057493664113,1.5876993797216516,-0.632834588424933,-0.1474557687191013
0.0,0.0,0.0,1.0,0.0,1.0,0.0,1.0,0.0,0.0,0.0,0.0,0.0,0.0,0.0,0.0,1.0,-0.2154891643474948,-0.9385296522140871,-0.6081029677918985,-0.6100409987106356,-0.3377686910564296,-0.9805084708704065,0.9439592874736829,-0.14125327883151229,-0.1781057493664113,-1.3346104465204693,-0.632834588424933,-0.1474557687191013
0.0,1.0,0.0,0.0,0.0,1.0,0.0,1.0,0.0,0.0,0.0,0.0,0.0,0.0,0.0,1.0,0.0,1.0753173989415892,0.8768917759509374,-0.5102554490803045,-0.22163659070081138,0.8089003629307746,0.574290199515162,-0.1895813258431099,-0.14125327883151229,-0.1781057493664113,-0.4579174986478331,-0.632834588424933,-0.1474557687191013
0.0,0.0,0.0,1.0,0.0,1.0,0.0,0.0,0.0,1.0,0.0,0.0,0.0,0.0,1.0,0.0,0.0,-1.076026873206884,-1.8966687393011834,-0.9016455239266805,0.16676781730901283,0.9258737865415383,-1.9072603877012133,-0.6475775332438344,-0.14125327883151229,-0.1781057493664113,1.5876993797216516,1.580191756725731,-0.1474557687191013
1.0,0.0,0.0,0.0,0.0,1.0,0.0,0.0,0.0,1.0,0.0,0.0,0.0,0.0,0.0,1.0,0.0,1.5055862533712838,0.03641889254120378,0.6149910161030265,-0.02743438669589927,0.44974252705547213,0.30622146324178817,-0.6475775332438344,-0.14125327883151229,-0.1781057493664113,1.0032374144732275,1.580191756725731,-0.1474557687191013
0.0,0.0,1.0,0.0,0.0,1.0,1.0,0.0,0.0,0.0,0.0,0.0,0.0,1.0,0.0,0.0,0.0,0.7884714959884594,1.8182214053698393,0.027905903833462538,0.9435766333286616,-0.5651254862435477,1.6235878243566542,1.058458339323864,-0.14125327883151229,-0.1781057493664113,0.12654446660059115,-0.632834588424933,-0.1474557687191013
0.0,0.0,0.0,1.0,0.0,1.0,0.0,0.0,0.0,0.0,0.0,0.0,1.0,0.0,0.0,0.0,1.0,-0.5023350673006246,-1.4596228399281221,-1.0973405613498686,0.16676781730901283,0.8517357011544345,-1.6391916514278395,-0.5788781021337256,-0.14125327883151229,-0.1781057493664113,-1.3346104465204693,-0.632834588424933,-0.1474557687191013
0.0,0.0,1.0,0.0,0.0,1.0,0.0,0.0,0.0,0.0,0.0,1.0,0.0,0.0,0.0,1.0,0.0,1.362163301894719,0.8264634029463532,1.9359325187095457,0.36097002131392514,-0.4811023228048301,1.3938146218366194,-0.6475775332438344,26.831164688389723,-0.1781057493664113,0.41877544922480325,-0.632834588424933,26.79779160778099
1.0,0.0,0.0,0.0,0.0,1.0,0.0,0.0,1.0,0.0,0.0,0.0,0.0,1.0,0.0,0.0,0.0,0.21477969008219988,1.37277077716268,-0.5102554490803045,0.16676781730901283,0.8303180320426046,0.9878819640512246,2.6499951600413807,-0.14125327883151229,-0.1781057493664113,0.7110064318490154,1.580191756725731,-0.1474557687191013
0.0,0.0,0.0,1.0,1.0,0.0,1.0,0.0,0.0,0.0,0.0,0.0,0.0,0.0,0.0,0.0,1.0,-0.7891809702537543,-1.106624228896034,0.6149910161030265,-0.9013443047180038,-0.8946280879640087,-0.6894624143450292,-0.6475775332438344,-0.14125327883151229,1.616708474322716,1.5876993797216516,-0.632834588424933,-0.08351789358842311
0.0,1.0,0.0,0.0,0.0,1.0,0.0,0.0,0.0,1.0,0.0,0.0,0.0,1.0,0.0,0.0,0.0,0.07135673860563499,0.4146316900755839,-0.2656366523013195,1.3319810413384858,-0.14500966904995993,0.29856235649112023,1.1042579600639364,-0.14125327883151229,-0.1781057493664113,-0.7501484812720451,1.580191756725731,-0.1474557687191013
0.0,0.0,0.0,1.0,0.0,1.0,0.0,0.0,0.0,0.0,0.0,0.0,1.0,0.0,0.0,1.0,0.0,1.0753173989415892,-1.535265399434998,-1.2441118394172594,0.8464755313262055,0.9258737865415383,-1.784714679690528,-0.6475775332438344,-0.14125327883151229,-0.1781057493664113,-1.3346104465204693,-0.632834588424933,-0.1474557687191013
1.0,0.0,0.0,0.0,0.0,1.0,0.0,0.0,0.0,0.0,0.0,1.0,0.0,0.0,0.0,0.0,1.0,-0.7891809702537543,0.38941750357329186,0.9085335722378086,-1.4839509167327403,0.5255281254511781,0.7121541210271828,-0.6475775332438344,-0.14125327883151229,-0.1781057493664113,0.7110064318490154,-0.632834588424933,-0.1474557687191013
1.0,0.0,0.0,0.0,0.0,1.0,0.0,1.0,0.0,0.0,0.0,0.0,0.0,0.0,0.0,1.0,0.0,1.6490092048478489,0.7256066569371853,1.8870087593537486,-0.9013443047180038,-0.98853632945434,1.28658712732727,-0.6475775332438344,-0.14125327883151229,-0.1781057493664113,0.7110064318490154,-0.632834588424933,-0.1474557687191013
0.0,0.0,0.0,1.0,0.0,1.0,0.0,1.0,0.0,0.0,0.0,0.0,0.0,1.0,0.0,0.0,0.0,0.3582026415587648,-1.2999329920802727,-1.3908831174846505,1.6232843473458538,0.6359114970275326,-1.6774871851811786,1.7340027452399325,-0.14125327883151229,-0.1781057493664113,-1.3346104465204693,-0.632834588424933,-0.1474557687191013
0.0,0.0,0.0,1.0,0.0,1.0,0.0,0.0,0.0,0.0,0.0,1.0,0.0,1.0,0.0,0.0,0.0,0.7884714959884594,-0.5266979393433178,-0.06994161487813147,-0.7071421007130917,-1.3427516263038357,-0.4137345713209875,-0.46437905028354454,-0.14125327883151229,-0.1781057493664113,-1.3346104465204693,-0.632834588424933,-0.1474557687191013
0.0,0.0,0.0,1.0,0.0,1.0,0.0,0.0,0.0,0.0,0.0,0.0,1.0,0.0,0.0,1.0,0.0,0.9318944474650244,-0.7956492620344325,1.5445424438631696,0.36097002131392514,-0.9770037383941239,-0.16864315529961704,-0.6475775332438344,8.544779625866852,-0.1781057493664113,-1.3346104465204693,-0.632834588424933,8.52982728473008
0.0,1.0,0.0,0.0,0.0,1.0,0.0,0.0,0.0,0.0,1.0,0.0,0.0,1.0,0.0,0.0,0.0,0.21477969008219988,0.8600823182827427,-1.1462643207056655,1.9145876533532222,0.7182871474576478,0.1989939687324386,3.107991367442106,-0.14125327883151229,-0.1781057493664113,-0.4579174986478331,-0.632834588424933,-0.1474557687191013
0.0,1.0,0.0,0.0,0.0,1.0,0.0,1.0,0.0,0.0,0.0,0.0,0.0,1.0,0.0,0.0,0.0,0.7884714959884594,0.1877040115549559,-1.5865781549078386,-0.8042432027155477,-0.2982283788499743,-0.6435077738410222,0.9439592874736829,-0.14125327883151229,-0.1781057493664113,-0.7501484812720451,-0.632834588424933,-0.1474557687191013
0.0,1.0,0.0,0.0,1.0,0.0,0.0,0.0,0.0,0.0,0.0,1.0,0.0,0.0,0.0,0.0,1.0,-0.5023350673006246,0.4314411477437785,0.22360094125665056,-0.9013443047180038,0.48269278722751824,0.5130173455098194,0.4974129852579766,-0.14125327883151229,-0.1781057493664113,-0.4579174986478331,-0.632834588424933,-0.1474557687191013
0.0,0.0,0.0,1.0,0.0,1.0,0.0,0.0,1.0,0.0,0.0,0.0,0.0,0.0,0.0,1.0,0.0,0.9318944474650244,-1.5436701282690954,-1.4887306361962445,1.72038544934831,0.9258737865415383,-1.9378968147038846,-0.6475775332438344,-0.14125327883151229,-0.1781057493664113,1.5876993797216516,1.580191756725731,-0.1474557687191013
1.0,0.0,0.0,0.0,0.0,1.0,0.0,0.0,0.0,1.0,0.0,0.0,0.0,1.0,0.0,0.0,0.0,0.21477969008219988,-0.2745560743203976,0.5660672567472296,-0.02743438669589927,-1.7760475475662418,0.015175406716410768,-0.2697306621382367,-0.14125327883151229,-0.1781057493664113,1.2954683970974397,1.580191756725731,-0.1474557687191013
0.0,0.0,0.0,1.0,0.0,1.0,1.0,0.0,0.0,0.0,0.0,0.0,0.0,0.0,0.0,1.0,0.0,1.5055862533712838,-1.0982195000619366,-0.11886537423392847,-0.9013443047180038,0.1746078546188872,-0.9192356168650639,-0.6475775332438344,-0.14125327883151229,-0.1781057493664113,-1.6268414291446816,-0.632834588424933,-0.1474557687191013
0.0,0.0,1.0,0.0,0.0,1.0,0.0,1.0,0.0,0.0,0.0,0.0,0.0,0.0,0.0,1.0,0.0,1.5055862533712838,1.4484133366695562,0.07682966318925954,0.06966671530655688,0.9258737865415383,1.324882661080609,-0.6475775332438344,-0.14125327883151229,-0.1781057493664113,0.12654446660059115,-0.632834588424933,-0.1474557687191013
0.0,0.0,0.0,1.0,1.0,0.0,0.0,0.0,0.0,1.0,0.0,0.0,0.0,0.0,1.0,0.0,0.0,-1.076026873206884,-1.115028957730131,1.3977711657957785,1.72038544934831,-1.9638640305469046,-0.4903256388276657,-0.6475775332438344,-0.14125327883151229,2.8987186341006645,1.5876993797216516,1.580191756725731,-0.03784798278079583
0.0,0.0,0.0,1.0,1.0,0.0,0.0,0.0,0.0,1.0,0.0,0.0,0.0,0.0,0.0,1.0,0.0,1.5055862533712838,-1.2747188055779806,-1.0973405613498686,-0.02743438669589927,0.9258737865415383,-1.4936686231651506,-0.6475775332438344,-0.14125327883151229,-0.1781057493664113,1.5876993797216516,1.580191756725731,-0.1474557687191013
1.0,0.0,0.0,0.0,0.0,1.0,0.0,0.0,0.0,0.0,1.0,0.0,0.0,0.0,0.0,0.0,1.0,-0.5023350673006246,0.7340113857712828,0.9085335722378086,-0.8042432027155477,-0.03133127145640091,1.010859284303228,-0.15523161028805563,-0.14125327883151229,-0.1781057493664113,0.7110064318490154,-0.632834588424933,-0.1474557687191013
0.0,0.0,1.0,0.0,0.0,1.0,0.0,0.0,0.0,0.0,1.0,0.0,0.0,0.0,0.0,0.0,1.0,-0.7891809702537543,0.42303641890968136,1.4466949251515757,-0.6100409987106356,-1.9210286923232447,0.8959726830432108,-0.61322781768878,-0.14125327883151229,-0.1781057493664113,-0.16568651602362097,-0.632834588424933,-0.1474557687191013
0.0,1.0,0.0,0.0,0.0,1.0,0.0,0.0,0.0,0.0,1.0,0.0,0.0,0.0,1.0,0.0,0.0,-1.6497186791131437,0.24653711339363718,0.5171434973914326,0.6522733273212932,0.7001645043630225,0.4594035982551447,-0.6475775332438344,-0.14125327883151229,-0.1781057493664113,-1.0423794638962574,-0.632834588424933,-0.1474557687191013
0.0,0.0,1.0,0.0,0.0,1.0,0.0,0.0,0.0,1.0,0.0,0.0,0.0,1.0,0.0,0.0,0.0,0.5016255930353297,1.919078151379007,-1.0484168019940716,0.16676781730901283,0.8418506231028207,1.1180867788125775,1.6195036933897513,-0.14125327883151229,-0.1781057493664113,0.12654446660059115,1.580191756725731,-0.1474557687191013
0.0,0.0,1.0,0.0,0.0,1.0,1.0,0.0,0.0,0.0,0.0,0.0,0.0,0.0,1.0,0.0,0.0,-1.076026873206884,0.8012492164440614,0.3703722193240416,-0.8042432027155477,0.9258737865415383,0.8883135762925428,-0.6475775332438344,-0.14125327883151229,-0.1781057493664113,0.12654446660059115,-0.632834588424933,-0.1474557687191013
0.0,0.0,0.0,1.0,0.0,1.0,0.0,0.0,1.0,0.0,0.0,0.0,0.0,1.0,0.0,0.0,0.0,0.6450485445118945,-0.7284114313616538,-1.2441118394172594,-0.1245354886983552,0.864915805223253,-1.133690605883763,-0.1895813258431099,-0.14125327883151229,-0.1781057493664113,1.5876993797216516,1.580191756725731,-0.1474557687191013
1.0,0.0,0.0,0.0,0.0,1.0,1.0,0.0,0.0,0.0,0.0,0.0,0.0,0.0,0.0,1.0,0.0,1.362163301894719,0.28856075756412386,1.8380849999979516,0.4580711233163813,-0.7825972033790519,0.8806544695418751,-0.6475775332438344,1.230225600857703,-0.1781057493664113,1.0032374144732275,-0.632834588424933,1.2226415555097168
1.0,0.0,0.0,0.0,0.0,1.0,0.0,0.0,0.0,0.0,0.0,0.0,1.0,0.0,1.0,0.0,0.0,-1.219449824683449,-0.19050878597942422,1.4466949251515757,-0.7071421007130917,-2.1302628444157374,0.34451699699512733,-0.6475775332438344,0.31590634773155957,-0.1781057493664113,1.2954683970974397,-0.632834588424933,0.30924333935717147
1.0,0.0,0.0,0.0,0.0,1.0,0.0,0.0,0.0,0.0,0.0,1.0,0.0,0.0,1.0,0.0,0.0,-1.362872776160014,0.48186952074836265,0.7617622941704176,-1.4839509167327403,0.7051070433888293,0.7427905480298542,-0.6475775332438344,-0.14125327883151229,-0.1781057493664113,0.7110064318490154,-0.632834588424933,-0.1474557687191013
0.0,1.0,0.0,0.0,1.0,0.0,0.0,0.0,0.0,0.0,1.0,0.0,0.0,0.0,0.0,0.0,1.0,-0.07206621287092989,-1.0309816693891578,-0.31456041165711646,2.7884975713753266,-0.663976266759686,-0.9345538303663996,1.87140160746015,-0.14125327883151229,-0.1781057493664113,-1.0423794638962574,-0.632834588424933,-0.1474557687191013
0.0,0.0,1.0,0.0,0.0,1.0,0.0,1.0,0.0,0.0,0.0,0.0,0.0,0.0,0.0,0.0,1.0,-0.5023350673006246,0.7592255722735748,-0.7059504865034925,-0.3187376927032675,-0.0049710633187640295,0.3751534239977985,0.6806114682182663,-0.14125327883151229,-0.1781057493664113,-0.16568651602362097,-0.632834588424933,-0.1474557687191013
0.0,0.0,0.0,1.0,0.0,1.0,1.0,0.0,0.0,0.0,0.0,0.0,0.0,1.0,0.0,0.0,0.0,0.21477969008219988,-0.8965060080436005,-1.6355019142636356,-0.1245354886983552,0.9258737865415383,-1.5243050501678221,0.6806114682182663,-0.14125327883151229,-0.1781057493664113,1.5876993797216516,-0.632834588424933,-0.1474557687191013
1.0,0.0,0.0,0.0,0.0,1.0,0.0,1.0,0.0,0.0,0.0,0.0,0.0,0.0,1.0,0.0,0.0,-1.5062957276365787,0.07003780787759316,-0.06994161487813147,0.263868919311469,0.9258737865415383,0.09176647422308902,-0.6475775332438344,-0.14125327883151229,-0.1781057493664113,1.0032374144732275,-0.632834588424933,-0.1474557687191013
0.0,0.0,0.0,1.0,0.0,1.0,0.0,0.0,1.0,0.0,0.0,0.0,0.0,0.0,1.0,0.0,0.0,-1.362872776160014,-1.1738620595688127,0.32144845996824456,-1.095546508722916,-0.11370692188651615,-0.8349854426077179,-0.6475775332438344,-0.14125327883151229,-0.1781057493664113,-1.6268414291446816,1.580191756725731,-0.1474557687191013
0.0,0.0,1.0,0.0,0.0,1.0,1.0,0.0,0.0,0.0,0.0,0.0,0.0,0.0,0.0,1.0,0.0,0.9318944474650244,1.0786052679692733,-0.7059504865034925,-0.22163659070081138,0.9258737865415383,0.6432221602711724,0.9096095719186287,-0.14125327883151229,-0.1781057493664113,-0.16568651602362097,-0.632834588424933,-0.1474557687191013
0.0,1.0,0.0,0.0,0.0,1.0,0.0,0.0,0.0,0.0,1.0,0.0,0.0,0.0,0.0,1.0,0.0,1.0753173989415892,-0.2241277013158136,1.9359325187095457,0.263868919311469,-1.7249746442995704,0.43642627800314115,-0.6475775332438344,-0.14125327883151229,-0.1781057493664113,-1.0423794638962574,-0.632834588424933,-0.1474557687191013
0.0,1.0,0.0,0.0,0.0,1.0,0.0,0.0,0.0,1.0,0.0,0.0,0.0,1.0,0.0,0.0,0.0,0.7884714959884594,0.8768917759509374,-1.2930355987730566,1.429082143340942,0.8023103108963654,-0.32948439706364135,0.5088628904429947,-0.14125327883151229,-0.1781057493664113,-0.4579174986478331,1.580191756725731,-0.1474557687191013
0.0,0.0,0.0,1.0,0.0,1.0,0.0,0.0,1.0,0.0,0.0,0.0,0.0,0.0,0.0,0.0,1.0,-0.07206621287092989,-1.0982195000619366,-0.6570267271476955,-0.6100409987106356,0.10211728224038578,-1.133690605883763,0.37146402822277746,-0.14125327883151229,-0.1781057493664113,1.5876993797216516,1.580191756725731,-0.1474557687191013
1.0,0.0,0.0,0.0,1.0,0.0,0.0,0.0,0.0,0.0,0.0,1.0,0.0,0.0,0.0,1.0,0.0,1.6490092048478489,0.2969654863982213,-0.2656366523013195,-0.6100409987106356,0.9258737865415383,0.1989939687324386,-0.6475775332438344,-0.14125327883151229,-0.1781057493664113,1.0032374144732275,-0.632834588424933,-0.1474557687191013
0.0,1.0,0.0,0.0,0.0,1.0,0.0,1.0,0.0,0.0,0.0,0.0,0.0,1.0,0.0,0.0,0.0,0.07135673860563499,-0.34179390499317636,1.8380849999979516,0.16676781730901283,-1.5766984735253629,0.30622146324178817,-0.15523161028805563,4.887502613362278,-0.1781057493664113,-0.7501484812720451,-0.632834588424933,4.876234420119899
1.0,0.0,0.0,0.0,0.0,1.0,0.0,1.0,0.0,0.0,0.0,0.0,0.0,0.0,0.0,1.0,0.0,0.9318944474650244,0.3557985882369026,-0.7548742458592895,-0.8042432027155477,-1.0791495449274668,0.015175406716410768,-0.5559782917636894,-0.14125327883151229,-0.1781057493664113,1.0032374144732275,-0.632834588424933,-0.1474557687191013
1.0,0.0,0.0,0.0,0.0,1.0,1.0,0.0,0.0,0.0,0.0,0.0,0.0,1.0,0.0,0.0,0.0,0.7884714959884594,0.2717512998959292,-0.9505692832824775,-0.02743438669589927,0.8748008832748668,-0.1533249417982814,0.2684148815576145,-0.14125327883151229,-0.1781057493664113,1.0032374144732275,-0.632834588424933,-0.1474557687191013
0.0,1.0,0.0,0.0,0.0,1.0,0.0,1.0,0.0,0.0,0.0,0.0,0.0,0.0,0.0,0.0,1.0,-0.6457580187771894,-1.0477911270573526,1.8870087593537486,-0.41583879470572344,-2.2604163720953196,-0.3218252903129736,-0.5903280073187437,-0.14125327883151229,-0.1781057493664113,-0.7501484812720451,-0.632834588424933,-0.1474557687191013
0.0,1.0,0.0,0.0,0.0,1.0,0.0,0.0,1.0,0.0,0.0,0.0,0.0,0.0,1.0,0.0,0.0,-1.6497186791131437,-0.7031972448593619,-0.6081029677918985,-0.02743438669589927,-1.140107526245752,-0.7813716953530432,-0.6475775332438344,-0.14125327883151229,-0.1781057493664113,-1.0423794638962574,1.580191756725731,-0.1474557687191013
0.0,0.0,0.0,1.0,0.0,1.0,0.0,0.0,1.0,0.0,0.0,0.0,0.0,0.0,0.0,0.0,1.0,-0.2154891643474948,-1.56047958593729,0.6639147754588236,-0.9984454067204599,-0.13841961701555072,-1.0724177518784204,-0.3155302828783092,-0.14125327883151229,1.3603064423671265,-1.6268414291446816,1.580191756725731,-0.09265187574994856
0.0,1.0,0.0,0.0,0.0,1.0,0.0,0.0,0.0,0.0,0.0,0.0,1.0,0.0,0.0,0.0,1.0,-0.5023350673006246,0.5238931649188493,1.2020761283725907,-1.095546508722916,-1.7200321052737635,0.9189500032952143,-0.3842297139884178,-0.14125327883151229,-0.1781057493664113,-0.4579174986478331,-0.632834588424933,-0.1474557687191013
1.0,0.0,0.0,0.0,0.0,1.0,0.0,0.0,0.0,0.0,1.0,0.0,0.0,0.0,0.0,0.0,1.0,-0.2154891643474948,-0.24093715898400836,-0.7059504865034925,0.555172225318837,0.902808604421106,-0.44437099832365873,1.4134054000594254,-0.14125327883151229,-0.1781057493664113,1.0032374144732275,-0.632834588424933,-0.1474557687191013
0.0,0.0,1.0,0.0,0.0,1.0,0.0,0.0,0.0,1.0,0.0,0.0,0.0,0.0,1.0,0.0,0.0,-1.219449824683449,0.5743215379234332,1.0553048503051996,-0.1245354886983552,-1.1483450912887636,0.9189500032952143,-0.6475775332438344,-0.14125327883151229,-0.1781057493664113,-0.16568651602362097,1.580191756725731,-0.1474557687191013
0.0,1.0,0.0,0.0,0.0,1.0,0.0,0.0,1.0,0.0,0.0,0.0,0.0,0.0,0.0,1.0,0.0,1.2187403504181542,-0.16529459947713232,-0.36348417101291347,1.9145876533532222,0.8550307271716391,-0.22991600930495965,-0.6475775332438344,-0.14125327883151229,-0.1781057493664113,-1.0423794638962574,1.580191756725731,-0.1474557687191013
0.0,0.0,0.0,1.0,0.0,1.0,0.0,0.0,1.0,0.0,0.0,0.0,0.0,0.0,0.0,1.0,0.0,0.9318944474650244,-1.6529316031123606,-1.3419593581288536,1.2348799393360297,0.9061036304383105,-1.9302377079532167,-0.5788781021337256,-0.14125327883151229,-0.1781057493664113,-1.6268414291446816,1.580191756725731,-0.1474557687191013
0.0,0.0,1.0,0.0,0.0,1.0,0.0,0.0,1.0,0.0,0.0,0.0,0.0,1.0,0.0,0.0,0.0,0.5016255930353297,1.3307471329921934,1.3488474064399816,0.4580711233163813,0.25368847903179786,1.6848606783619968,-0.3498799984333635,6.533277268989336,-0.1781057493664113,0.12654446660059115,1.580191756725731,6.520351209194481
0.0,0.0,0.0,1.0,0.0,1.0,0.0,0.0,1.0,0.0,0.0,0.0,0.0,0.0,0.0,0.0,1.0,-0.5023350673006246,-1.6445268742782635,0.6639147754588236,-0.9013443047180038,-1.2653185148995272,-1.1490088193850985,-0.6475775332438344,-0.14125327883151229,0.334698314544768,-1.6268414291446816,1.580191756725731,-0.12918780439605038
0.0,0.0,0.0,1.0,0.0,1.0,0.0,0.0,0.0,0.0,0.0,1.0,0.0,0.0,0.0,1.0,0.0,1.5055862533712838,-0.6443641430206805,-0.4613316897245075,-0.6100409987106356,-1.2373107937532881,-0.6664850940930258,-0.6475775332438344,-0.14125327883151229,-0.1781057493664113,-1.3346104465204693,-0.632834588424933,-0.1474557687191013
0.0,0.0,1.0,0.0,0.0,1.0,0.0,0.0,0.0,1.0,0.0,0.0,0.0,0.0,0.0,1.0,0.0,0.9318944474650244,0.8684870471168399,0.4192959786798386,-1.095546508722916,0.9258737865415383,0.964904643799221,-0.2353809465831824,-0.14125327883151229,-0.1781057493664113,0.41877544922480325,1.580191756725731,-0.1474557687191013
0.0,0.0,0.0,1.0,0.0,1.0,0.0,0.0,0.0,0.0,1.0,0.0,0.0,0.0,1.0,0.0,0.0,-1.362872776160014,-1.989120756476254,-0.7059504865034925,-0.9013443047180038,0.7660650247071147,-1.8996012809505454,-0.6475775332438344,-0.14125327883151229,-0.1781057493664113,1.5876993797216516,-0.632834588424933,-0.1474557687191013
0.0,1.0,0.0,0.0,0.0,1.0,0.0,0.0,0.0,0.0,0.0,0.0,1.0,0.0,1.0,0.0,0.0,-0.9326039217303193,-0.24093715898400836,1.0553048503051996,-0.9013443047180038,-1.7661624695146279,0.19133486198177074,-0.6475775332438344,-0.14125327883151229,-0.1781057493664113,-1.0423794638962574,-0.632834588424933,-0.1474557687191013
0.0,0.0,0.0,1.0,0.0,1.0,0.0,0.0,1.0,0.0,0.0,0.0,0.0,0.0,0.0,0.0,1.0,-0.7891809702537543,-1.1906715172370073,1.1042286096609966,-0.7071421007130917,-1.9523314394866884,-0.6281895603396865,-0.6475775332438344,-0.14125327883151229,-0.1781057493664113,1.5876993797216516,1.580191756725731,-0.1474557687191013
0.0,0.0,0.0,1.0,1.0,0.0,1.0,0.0,0.0,0.0,0.0,0.0,0.0,0.0,1.0,0.0,0.0,-0.9326039217303193,-1.115028957730131,0.7128385348146206,-0.9013443047180038,-0.9193407830930432,-0.6664850940930258,-0.6475775332438344,-0.14125327883151229,1.616708474322716,1.5876993797216516,-0.632834588424933,-0.08351789358842311
0.0,0.0,1.0,0.0,0.0,1.0,0.0,0.0,0.0,0.0,1.0,0.0,0.0,0.0,0.0,1.0,0.0,1.0753173989415892,1.4063896924990695,-0.6570267271476955,0.7493744293237493,0.9258737865415383,0.9342682167965498,-0.2353809465831824,-0.14125327883151229,-0.1781057493664113,0.41877544922480325,-0.632834588424933,-0.1474557687191013
0.0,0.0,0.0,1.0,0.0,1.0,0.0,0.0,0.0,1.0,0.0,0.0,0.0,0.0,1.0,0.0,0.0,-1.362872776160014,-1.2242904325733965,0.22360094125665056,-0.7071421007130917,-1.7430972873941957,-0.9115765101143961,-0.6475775332438344,-0.14125327883151229,-0.1781057493664113,-1.6268414291446816,1.580191756725731,-0.1474557687191013
0.0,0.0,0.0,1.0,1.0,0.0,1.0,0.0,0.0,0.0,0.0,0.0,0.0,0.0,1.0,0.0,0.0,-1.076026873206884,-1.1234336865642287,0.8596098128820115,-0.8042432027155477,-1.1170423441253199,-0.6358486670903543,-0.6475775332438344,-0.14125327883151229,1.616708474322716,1.5876993797216516,-0.632834588424933,-0.08351789358842311
0.0,1.0,0.0,0.0,0.0,1.0,0.0,1.0,0.0,0.0,0.0,0.0,0.0,1.0,0.0,0.0,0.0,0.6450485445118945,0.9861532507942028,-0.6570267271476955,0.06966671530655688,-1.4646675889404062,0.5896084130164977,1.699653029684878,-0.14125327883151229,-0.1781057493664113,-0.7501484812720451,-0.632834588424933,-0.1474557687191013
0.0,1.0,0.0,0.0,0.0,1.0,0.0,0.0,0.0,0.0,0.0,1.0,0.0,0.0,0.0,1.0,0.0,1.0753173989415892,0.16248982505266382,0.4192959786798386,0.8464755313262055,-1.6244763507748297,0.3521761037457951,-0.5674281969487076,-0.14125327883151229,-0.1781057493664113,-1.0423794638962574,-0.632834588424933,-0.1474557687191013
1.0,0.0,0.0,0.0,0.0,1.0,1.0,0.0,0.0,0.0,0.0,0.0,0.0,1.0,0.0,0.0,0.0,0.07135673860563499,0.13727563855037175,-0.9994930426382745,-0.7071421007130917,0.7347622775436708,-0.29118886331030225,2.2721482889357834,-0.14125327883151229,-0.1781057493664113,1.0032374144732275,-0.632834588424933,-0.1474557687191013
0.0,0.0,0.0,1.0,0.0,1.0,0.0,0.0,1.0,0.0,0.0,0.0,0.0,1.0,0.0,0.0,0.0,0.07135673860563499,-1.4428133822599272,-1.4887306361962445,2.011688755355678,0.9225787605243336,-1.8536466404465384,0.5890122267381216,-0.14125327883151229,-0.1781057493664113,1.5876993797216516,1.580191756725731,-0.1474557687191013
0.0,0.0,0.0,1.0,0.0,1.0,0.0,0.0,0.0,0.0,0.0,1.0,0.0,1.0,0.0,0.0,0.0,0.07135673860563499,-1.2915282632461753,-1.6355019142636356,-1.6781531207376523,0.8632682922146506,-1.8383284269452027,-0.6475775332438344,-0.14125327883151229,-0.1781057493664113,1.5876993797216516,-0.632834588424933,-0.1474557687191013
0.0,0.0,0.0,1.0,0.0,1.0,0.0,0.0,0.0,0.0,0.0,1.0,0.0,0.0,0.0,1.0,0.0,1.6490092048478489,-1.585693772439582,-0.06994161487813147,-0.02743438669589927,0.9258737865415383,-1.317509167899791,-0.6475775332438344,-0.14125327883151229,4.949934889745381,1.5876993797216516,-0.632834588424933,0.03522387451140782
0.0,0.0,1.0,0.0,0.0,1.0,0.0,0.0,0.0,1.0,0.0,0.0,0.0,1.0,0.0,0.0,0.0,0.3582026415587648,1.7089599305265735,-1.3419593581288536,-0.5129398967081796,0.8632682922146506,0.7351314412791863,2.47824658226611,-0.14125327883151229,-0.1781057493664113,0.41877544922480325,1.580191756725731,-0.1474557687191013
0.0,1.0,0.0,0.0,0.0,1.0,0.0,1.0,0.0,0.0,0.0,0.0,0.0,1.0,0.0,0.0,0.0,0.07135673860563499,-0.11486622647254834,-1.2930355987730566,-0.1245354886983552,-1.2323682547274812,-0.6664850940930258,1.6309535985747694,-0.14125327883151229,-0.1781057493664113,-1.0423794638962574,-0.632834588424933,-0.1474557687191013
0.0,0.0,0.0,1.0,0.0,1.0,0.0,0.0,0.0,0.0,0.0,1.0,0.0,0.0,0.0,0.0,1.0,-0.5023350673006246,-0.9973627540527686,0.46821973803563555,-1.095546508722916,-1.6920243841275242,-0.6358486670903543,-0.6475775332438344,-0.14125327883151229,-0.1781057493664113,-1.6268414291446816,-0.632834588424933,-0.1474557687191013
0.0,1.0,0.0,0.0,0.0,1.0,0.0,0.0,0.0,0.0,0.0,1.0,0.0,0.0,0.0,1.0,0.0,1.6490092048478489,-0.24934188781810568,-0.8527217645708836,-0.6100409987106356,0.11694489931780654,-0.520962065830337,-0.6475775332438344,-0.14125327883151229,-0.1781057493664113,-0.7501484812720451,-0.632834588424933,-0.1474557687191013
0.0,1.0,0.0,0.0,0.0,1.0,0.0,0.0,1.0,0.0,0.0,0.0,0.0,0.0,0.0,1.0,0.0,0.9318944474650244,-0.29136553198859233,1.0063810909494026,0.06966671530655688,0.9258737865415383,0.13772111472709594,-0.20103123102812803,-0.14125327883151229,-0.1781057493664113,-0.7501484812720451,1.580191756725731,-0.1474557687191013
0.0,0.0,1.0,0.0,0.0,1.0,0.0,0.0,1.0,0.0,0.0,0.0,0.0,1.0,0.0,0.0,0.0,0.07135673860563499,1.2887234888217067,-1.3419593581288536,0.9435766333286616,0.6770993222425902,0.4057898510004698,2.7072446859664723,-0.14125327883151229,-0.1781057493664113,-0.16568651602362097,1.580191756725731,-0.1474557687191013
1.0,0.0,0.0,0.0,0.0,1.0,0.0,0.0,0.0,0.0,0.0,1.0,0.0,0.0,0.0,0.0,1.0,-0.7891809702537543,-0.24934188781810568,0.6149910161030265,-1.4839509167327403,0.05928194401672586,0.05347094046974989,-0.6475775332438344,-0.14125327883151229,-0.1781057493664113,1.0032374144732275,-0.632834588424933,-0.1474557687191013
0.0,1.0,0.0,0.0,0.0,1.0,0.0,0.0,0.0,0.0,0.0,0.0,1.0,1.0,0.0,0.0,0.0,0.5016255930353297,0.7508208434394773,1.8380849999979516,1.1377788373335735,-1.8534806589705501,1.3019053408286054,-0.4185794295434721,-0.14125327883151229,-0.1781057493664113,-0.4579174986478331,-0.632834588424933,-0.1474557687191013
0.0,0.0,0.0,1.0,0.0,1.0,0.0,0.0,0.0,0.0,1.0,0.0,0.0,1.0,0.0,0.0,0.0,0.3582026415587648,-1.0309816693891578,-1.7333494329752295,1.429082143340942,0.9258737865415383,-1.70812361218385,0.8294602356235019,-0.14125327883151229,1.103904410411537,-1.3346104465204693,-0.632834588424933,-0.101785857911474
0.0,0.0,1.0,0.0,0.0,1.0,0.0,0.0,0.0,0.0,0.0,1.0,0.0,0.0,1.0,0.0,0.0,-1.219449824683449,1.3643660483285829,-0.06994161487813147,-0.1245354886983552,0.9258737865415383,1.187018739568588,-0.6475775332438344,-0.14125327883151229,-0.1781057493664113,0.12654446660059115,-0.632834588424933,-0.1474557687191013
1.0,0.0,0.0,0.0,0.0,1.0,0.0,0.0,0.0,0.0,0.0,0.0,1.0,1.0,0.0,0.0,0.0,0.7884714959884594,1.2298903869830253,-0.9016455239266805,3.176901979385151,0.9258737865415383,0.6508812670218403,1.0813581496939002,-0.14125327883151229,-0.1781057493664113,0.7110064318490154,-0.632834588424933,-0.1474557687191013
0.0,1.0,0.0,0.0,0.0,1.0,1.0,0.0,0.0,0.0,0.0,0.0,0.0,0.0,1.0,0.0,0.0,-1.219449824683449,0.439845876577876,1.9359325187095457,-0.1245354886983552,-1.841948067910334,1.0414957113058994,-0.6475775332438344,1.6873852274207748,-0.1781057493664113,-0.4579174986478331,-0.632834588424933,1.6793406635859895
0.0,0.0,0.0,1.0,0.0,1.0,0.0,1.0,0.0,0.0,0.0,0.0,0.0,0.0,0.0,0.0,1.0,-0.3589121158240597,-2.005930214144449,-1.1951880800614625,1.1377788373335735,0.8846859613264806,-2.137033590221248,-0.45292914509852644,-0.14125327883151229,-0.1781057493664113,-1.6268414291446816,-0.632834588424933,-0.1474557687191013
0.0,1.0,0.0,0.0,0.0,1.0,0.0,1.0,0.0,0.0,0.0,0.0,0.0,1.0,0.0,0.0,0.0,0.6450485445118945,-0.3501986338272737,0.22360094125665056,1.2348799393360297,0.2899337652210485,-0.1609840485489492,-0.32698018806332724,-0.14125327883151229,-0.1781057493664113,-1.0423794638962574,-0.632834588424933,-0.1474557687191013
0.0,1.0,0.0,0.0,0.0,1.0,0.0,0.0,1.0,0.0,0.0,0.0,0.0,0.0,1.0,0.0,0.0,-1.362872776160014,0.22972765572544257,0.3703722193240416,-1.095546508722916,-0.38554656830589645,0.3904716374991342,-0.6475775332438344,-0.14125327883151229,-0.1781057493664113,-0.4579174986478331,1.580191756725731,-0.1474557687191013
1.0,0.0,0.0,0.0,0.0,1.0,0.0,0.0,0.0,0.0,0.0,0.0,1.0,0.0,0.0,0.0,1.0,-0.6457580187771894,0.4986789784165573,0.7617622941704176,-0.9013443047180038,0.34924423353073153,0.7581087615311898,-0.61322781768878,-0.14125327883151229,-0.1781057493664113,0.7110064318490154,-0.632834588424933,-0.1474557687191013
0.0,0.0,1.0,0.0,0.0,1.0,0.0,0.0,0.0,0.0,0.0,0.0,1.0,0.0,0.0,0.0,1.0,-0.3589121158240597,1.6249126421856002,-0.2656366523013195,-0.9984454067204599,-0.2866957877897582,1.317223554329941,1.2874564430242261,-0.14125327883151229,-0.1781057493664113,0.41877544922480325,-0.632834588424933,-0.1474557687191013
0.0,0.0,1.0,0.0,0.0,1.0,0.0,0.0,0.0,1.0,0.0,0.0,0.0,0.0,0.0,1.0,0.0,1.2187403504181542,1.4231991501672643,0.6639147754588236,1.72038544934831,0.5387082295199966,1.5316785433486402,-0.5445283865786714,-0.14125327883151229,-0.1781057493664113,0.41877544922480325,1.580191756725731,-0.1474557687191013
0.0,0.0,1.0,0.0,0.0,1.0,0.0,0.0,0.0,0.0,0.0,1.0,0.0,0.0,0.0,0.0,1.0,-0.2154891643474948,1.0449863526328842,-0.7548742458592895,-0.7071421007130917,0.21414816682534252,0.5819493062658299,2.2034488578256752,-0.14125327883151229,-0.1781057493664113,-0.16568651602362097,-0.632834588424933,-0.1474557687191013
0.0,1.0,0.0,0.0,0.0,1.0,0.0,0.0,0.0,0.0,0.0,1.0,0.0,0.0,1.0,0.0,0.0,-1.362872776160014,-1.0730053135596445,0.6149910161030265,-0.8042432027155477,0.924226273532936,-0.6588259873423579,-0.6475775332438344,-0.14125327883151229,-0.1781057493664113,-1.0423794638962574,-0.632834588424933,-0.1474557687191013
0.0,0.0,1.0,0.0,0.0,1.0,0.0,0.0,0.0,0.0,1.0,0.0,0.0,0.0,1.0,0.0,0.0,-1.362872776160014,1.263509302319415,0.46821973803563555,-0.9013443047180038,0.9258737865415383,1.324882661080609,-0.6475775332438344,-0.14125327883151229,-0.1781057493664113,0.41877544922480325,-0.632834588424933,-0.1474557687191013
0.0,0.0,1.0,0.0,0.0,1.0,1.0,0.0,0.0,0.0,0.0,0.0,0.0,0.0,0.0,0.0,1.0,-0.6457580187771894,1.2214856581489282,1.0553048503051996,-0.7071421007130917,-1.0791495449274668,1.4933830095953011,-0.33843009324834533,-0.14125327883151229,-0.1781057493664113,0.12654446660059115,-0.632834588424933,-0.1474557687191013
0.0,0.0,1.0,0.0,0.0,1.0,0.0,0.0,0.0,0.0,0.0,0.0,1.0,0.0,1.0,0.0,0.0,-1.5062957276365787,1.0365816237987866,1.0063810909494026,-0.7071421007130917,0.9258737865415383,1.3095644475792731,-0.6475775332438344,-0.14125327883151229,-0.1781057493664113,0.12654446660059115,-0.632834588424933,-0.1474557687191013
0.0,0.0,1.0,0.0,1.0,0.0,0.0,0.0,0.0,0.0,0.0,0.0,1.0,1.0,0.0,0.0,0.0,0.7884714959884594,1.7257693881947684,-0.16778913358972547,2.108789857358134,0.8089003629307746,1.455087475841962,0.33711431266772307,-0.14125327883151229,-0.1781057493664113,0.41877544922480325,-0.632834588424933,-0.1474557687191013
1.0,0.0,0.0,0.0,0.0,1.0,0.0,0.0,0.0,0.0,0.0,1.0,0.0,1.0,0.0,0.0,0.0,0.21477969008219988,0.5322978937529464,-1.3419593581288536,0.263868919311469,0.6985169913544201,-0.19162047555162054,1.665303314129824,-0.14125327883151229,-0.1781057493664113,1.0032374144732275,-0.632834588424933,-0.1474557687191013
0.0,1.0,0.0,0.0,0.0,1.0,0.0,0.0,0.0,1.0,0.0,0.0,0.0,1.0,0.0,0.0,0.0,0.21477969008219988,0.5070837072506548,0.32144845996824456,0.16676781730901283,-0.48274983581343245,0.6125857332685012,1.9401010385702582,-0.14125327883151229,-0.1781057493664113,-0.4579174986478331,1.580191756725731,-0.1474557687191013
1.0,0.0,0.0,0.0,0.0,1.0,0.0,0.0,0.0,0.0,1.0,0.0,0.0,1.0,0.0,0.0,0.0,0.07135673860563499,0.9441296066237161,0.027905903833462538,-0.22163659070081138,0.9258737865415383,0.8729953627912072,0.6348118474781941,-0.14125327883151229,-0.1781057493664113,0.7110064318490154,-0.632834588424933,-0.1474557687191013
0.0,0.0,1.0,0.0,0.0,1.0,0.0,0.0,1.0,0.0,0.0,0.0,0.0,0.0,0.0,1.0,0.0,1.362163301894719,1.5576748115128216,0.22360094125665056,-0.5129398967081796,0.8929235263694921,1.4780647960939655,-0.6475775332438344,-0.14125327883151229,-0.1781057493664113,0.41877544922480325,1.580191756725731,-0.1474557687191013
0.0,1.0,0.0,0.0,0.0,1.0,0.0,0.0,0.0,0.0,0.0,0.0,1.0,1.0,0.0,0.0,0.0,0.6450485445118945,0.439845876577876,-0.7548742458592895,2.497194265367958,0.8121953889479792,0.08410736747242123,0.84091014080852,-0.14125327883151229,-0.1781057493664113,-1.0423794638962574,-0.632834588424933,-0.1474557687191013
0.0,0.0,0.0,1.0,0.0,1.0,0.0,0.0,0.0,0.0,1.0,0.0,0.0,0.0,1.0,0.0,0.0,-1.362872776160014,-0.9805532963845739,1.6423899625747636,-0.9984454067204599,-2.0923700452178844,-0.3141661835623057,-0.6475775332438344,-0.14125327883151229,2.1295125382338953,1.5876993797216516,-0.632834588424933,-0.0652499292653722
0.0,0.0,1.0,0.0,0.0,1.0,0.0,1.0,0.0,0.0,0.0,0.0,0.0,0.0,1.0,0.0,0.0,-0.9326039217303193,0.6247499109280173,1.8870087593537486,-1.2897487127278282,-1.7365072353597866,1.2023369530699237,-0.6475775332438344,2.6017044805469185,-0.1781057493664113,0.41877544922480325,-0.632834588424933,2.592738879738535
1.0,0.0,0.0,0.0,0.0,1.0,0.0,0.0,0.0,0.0,0.0,1.0,0.0,1.0,0.0,0.0,0.0,0.07135673860563499,0.48186952074836265,-1.1462643207056655,-0.5129398967081796,-0.6277309805704353,-0.10737030129427444,1.7111029348698963,-0.14125327883151229,-0.1781057493664113,1.0032374144732275,-0.632834588424933,-0.1474557687191013
0.0,0.0,0.0,1.0,0.0,1.0,0.0,0.0,1.0,0.0,0.0,0.0,0.0,0.0,1.0,0.0,0.0,-1.6497186791131437,-1.1318384153983259,1.2020761283725907,-0.5129398967081796,-1.9622165175383022,-0.5515984928330082,-0.6475775332438344,-0.14125327883151229,-0.1781057493664113,1.5876993797216516,1.580191756725731,-0.1474557687191013
1.0,0.0,0.0,0.0,0.0,1.0,0.0,0.0,0.0,0.0,0.0,1.0,0.0,1.0,0.0,0.0,0.0,0.6450485445118945,0.7256066569371853,-1.0973405613498686,1.429082143340942,0.8089003629307746,0.12240290122576035,1.2302069170991357,-0.14125327883151229,-0.1781057493664113,1.0032374144732275,-0.632834588424933,-0.1474557687191013
1.0,0.0,0.0,0.0,1.0,0.0,0.0,0.0,0.0,0.0,0.0,0.0,1.0,0.0,0.0,1.0,0.0,1.5055862533712838,0.3221796729005131,0.22360094125665056,-1.4839509167327403,0.9258737865415383,0.42110806450180555,-0.6475775332438344,-0.14125327883151229,-0.1781057493664113,1.0032374144732275,-0.632834588424933,-0.1474557687191013
1.0,0.0,0.0,0.0,0.0,1.0,0.0,0.0,0.0,1.0,0.0,0.0,0.0,0.0,0.0,1.0,0.0,1.362163301894719,-0.5014837528410258,-0.31456041165711646,-0.9013443047180038,0.12847749037802267,-0.4903256388276657,-0.6475775332438344,-0.14125327883151229,-0.1781057493664113,1.2954683970974397,1.580191756725731,-0.1474557687191013
1.0,0.0,0.0,0.0,0.0,1.0,0.0,0.0,1.0,0.0,0.0,0.0,0.0,1.0,0.0,0.0,0.0,0.6450485445118945,-0.207318243647619,-1.1462643207056655,1.5261832453433977,0.9258737865415383,-0.65116688059169,0.5203127956280129,-0.14125327883151229,-0.1781057493664113,1.0032374144732275,1.580191756725731,-0.1474557687191013
1.0,0.0,0.0,0.0,0.0,1.0,1.0,0.0,0.0,0.0,0.0,0.0,0.0,1.0,0.0,0.0,0.0,0.6450485445118945,-0.5687215835138044,-2.0268919891100117,-0.22163659070081138,0.9258737865415383,-1.6315325446771716,0.18826554526248765,-0.14125327883151229,-0.1781057493664113,1.2954683970974397,-0.632834588424933,-0.1474557687191013
0.0,1.0,0.0,0.0,0.0,1.0,0.0,0.0,0.0,0.0,0.0,1.0,0.0,0.0,1.0,0.0,0.0,-1.076026873206884,-0.4426506510023444,0.5660672567472296,-1.3868498147302841,-1.718384592265161,-0.1303476215462779,-0.6475775332438344,-0.14125327883151229,-0.1781057493664113,-1.0423794638962574,-0.632834588424933,-0.1474557687191013
0.0,0.0,0.0,1.0,0.0,1.0,0.0,0.0,1.0,0.0,0.0,0.0,0.0,1.0,0.0,0.0,0.0,0.6450485445118945,-0.8712918215413086,-1.5376543955520416,0.4580711233163813,0.6144938279157026,-1.4323957691598084,0.0852163985973247,-0.14125327883151229,-0.1781057493664113,-1.6268414291446816,1.580191756725731,-0.1474557687191013
1.0,0.0,0.0,0.0,0.0,1.0,0.0,0.0,0.0,1.0,0.0,0.0,0.0,1.0,0.0,0.0,0.0,0.7884714959884594,0.4314411477437785,-0.7548742458592895,0.555172225318837,0.8023103108963654,0.08410736747242123,0.13101601933739718,-0.14125327883151229,-0.1781057493664113,1.0032374144732275,1.580191756725731,-0.1474557687191013
0.0,0.0,0.0,1.0,0.0,1.0,0.0,0.0,0.0,0.0,1.0,0.0,0.0,0.0,0.0,0.0,1.0,-0.6457580187771894,-1.8294309086284049,0.27252470061244755,-1.192647610725372,0.8797434223006737,-1.4170775556584725,-0.6475775332438344,-0.14125327883151229,3.9243267619230227,-1.3346104465204693,-0.632834588424933,-0.0013120541346940075
0.0,1.0,0.0,0.0,0.0,1.0,0.0,0.0,1.0,0.0,0.0,0.0,0.0,0.0,0.0,0.0,1.0,-0.7891809702537543,-0.207318243647619,1.2509998877283877,-0.6100409987106356,-1.901258536220017,0.2832441429897847,-0.6475775332438344,-0.14125327883151229,-0.1781057493664113,-0.7501484812720451,1.580191756725731,-0.1474557687191013
1.0,0.0,0.0,0.0,0.0,1.0,0.0,0.0,0.0,0.0,1.0,0.0,0.0,0.0,1.0,0.0,0.0,-1.362872776160014,0.7172019281030881,1.3488474064399816,-1.4839509167327403,-0.14006713002415302,1.1334049923139133,-0.6475775332438344,-0.14125327883151229,-0.1781057493664113,0.7110064318490154,-0.632834588424933,-0.1474557687191013
0.0,0.0,0.0,1.0,0.0,1.0,0.0,0.0,0.0,0.0,0.0,1.0,0.0,0.0,0.0,1.0,0.0,1.2187403504181542,-1.5100512129327062,-0.16778913358972547,0.263868919311469,0.9258737865415383,-1.2868727408971194,-0.6475775332438344,-0.14125327883151229,4.949934889745381,1.5876993797216516,-0.632834588424933,0.03522387451140782
0.0,0.0,1.0,0.0,0.0,1.0,0.0,1.0,0.0,0.0,0.0,0.0,0.0,0.0,0.0,1.0,0.0,1.2187403504181542,1.5072464385082376,0.27252470061244755,1.1377788373335735,0.9126936824727198,1.455087475841962,-0.6361276280588162,-0.14125327883151229,-0.1781057493664113,0.41877544922480325,-0.632834588424933,-0.1474557687191013
0.0,1.0,0.0,0.0,0.0,1.0,0.0,0.0,0.0,0.0,0.0,1.0,0.0,0.0,0.0,0.0,1.0,-0.07206621287092989,0.666773555098504,-0.6570267271476955,-0.1245354886983552,0.9258737865415383,0.32919878349379156,2.6614450652264,-0.14125327883151229,-0.1781057493664113,-0.4579174986478331,-0.632834588424933,-0.1474557687191013
0.0,0.0,0.0,1.0,0.0,1.0,0.0,0.0,0.0,0.0,1.0,0.0,0.0,0.0,0.0,0.0,1.0,-0.6457580187771894,-2.132001146655909,0.027905903833462538,0.555172225318837,0.49422537828773433,-1.7540782526878569,-0.6475775332438344,-0.14125327883151229,-0.1781057493664113,-1.6268414291446816,-0.632834588424933,-0.1474557687191013
0.0,0.0,0.0,1.0,0.0,1.0,1.0,0.0,0.0,0.0,0.0,0.0,0.0,1.0,0.0,0.0,0.0,0.6450485445118945,-0.8544823638731138,-1.5865781549078386,1.2348799393360297,0.8731533702662645,-1.4553730894118115,0.14246592452241516,-0.14125327883151229,-0.1781057493664113,-1.3346104465204693,-0.632834588424933,-0.1474557687191013
0.0,0.0,0.0,1.0,0.0,1.0,0.0,0.0,0.0,1.0,0.0,0.0,0.0,0.0,0.0,0.0,1.0,-0.7891809702537543,-0.8124587197026272,1.3488474064399816,0.7493744293237493,-1.9111436142716307,-0.23757511605562745,-0.6475775332438344,0.7730659742946313,-0.1781057493664113,1.5876993797216516,1.580191756725731,0.7659424474334442
0.0,1.0,0.0,0.0,0.0,1.0,0.0,0.0,0.0,1.0,0.0,0.0,0.0,0.0,0.0,0.0,1.0,-0.6457580187771894,-0.04762839579976958,0.17467718190085355,-1.2897487127278282,-0.7166966830349597,0.08410736747242123,-0.6475775332438344,-0.14125327883151229,-0.1781057493664113,-0.7501484812720451,1.580191756725731,-0.1474557687191013
0.0,0.0,1.0,0.0,0.0,1.0,0.0,0.0,0.0,0.0,0.0,1.0,0.0,0.0,0.0,1.0,0.0,1.0753173989415892,1.4736275231718483,-0.06994161487813147,-0.3187376927032675,0.14989515948985263,1.28658712732727,0.01651696748721598,-0.14125327883151229,-0.1781057493664113,0.12654446660059115,-0.632834588424933,-0.1474557687191013
0.0,0.0,1.0,0.0,0.0,1.0,0.0,0.0,0.0,0.0,0.0,1.0,0.0,0.0,1.0,0.0,0.0,-1.5062957276365787,0.38941750357329186,1.6423899625747636,-0.8042432027155477,0.8566782401802414,0.9189500032952143,-0.6475775332438344,-0.14125327883151229,-0.1781057493664113,-0.16568651602362097,-0.632834588424933,-0.1474557687191013
0.0,1.0,0.0,0.0,0.0,1.0,1.0,0.0,0.0,0.0,0.0,0.0,0.0,0.0,0.0,0.0,1.0,-0.6457580187771894,-0.056033124633866886,1.1531523690167935,-0.7071421007130917,-1.851833145961948,0.3904716374991342,-0.5330784813936532,-0.14125327883151229,-0.1781057493664113,-0.4579174986478331,-0.632834588424933,-0.1474557687191013
0.0,0.0,0.0,1.0,0.0,1.0,0.0,1.0,0.0,0.0,0.0,0.0,0.0,0.0,0.0,1.0,0.0,1.0753173989415892,-0.9889580252186712,0.32144845996824456,-0.6100409987106356,-0.5206426350112855,-0.6741442008436934,-0.6475775332438344,-0.14125327883151229,6.74474911343451,1.5876993797216516,-0.632834588424933,0.099161749642086
1.0,0.0,0.0,0.0,0.0,1.0,0.0,0.0,0.0,0.0,0.0,1.0,0.0,0.0,1.0,0.0,0.0,-1.6497186791131437,-0.8124587197026272,-0.16778913358972547,-0.22163659070081138,0.9258737865415383,-0.6971215210956969,-0.6475775332438344,-0.14125327883151229,-0.1781057493664113,1.0032374144732275,-0.632834588424933,-0.1474557687191013
0.0,0.0,1.0,0.0,0.0,1.0,1.0,0.0,0.0,0.0,0.0,0.0,0.0,0.0,1.0,0.0,0.0,-1.076026873206884,0.7760350299417694,1.8380849999979516,-1.6781531207376523,-1.9111436142716307,1.324882661080609,-0.6475775332438344,-0.049821353518897916,-0.1781057493664113,-0.16568651602362097,-0.632834588424933,-0.05611594710384673
1.0,0.0,0.0,0.0,0.0,1.0,0.0,1.0,0.0,0.0,0.0,0.0,0.0,0.0,1.0,0.0,0.0,-1.219449824683449,0.5995357244257252,1.1531523690167935,-0.3187376927032675,-0.38884159432310106,0.972563750549889,-0.6475775332438344,-0.14125327883151229,-0.1781057493664113,0.7110064318490154,-0.632834588424933,-0.1474557687191013
1.0,0.0,0.0,0.0,0.0,1.0,0.0,0.0,0.0,0.0,1.0,0.0,0.0,0.0,1.0,0.0,0.0,-1.5062957276365787,-0.6695783295229725,0.32144845996824456,-0.1245354886983552,0.8138429019565815,-0.39841635781965185,-0.6475775332438344,-0.14125327883151229,-0.1781057493664113,1.2954683970974397,-0.632834588424933,-0.1474557687191013
0.0,0.0,0.0,1.0,0.0,1.0,0.0,0.0,0.0,0.0,0.0,0.0,1.0,0.0,0.0,1.0,0.0,1.6490092048478489,-1.736978891453334,-0.4124079303687105,-0.7071421007130917,0.6606241921565672,-1.570259690671829,-0.6475775332438344,-0.14125327883151229,-0.1781057493664113,-1.3346104465204693,-0.632834588424933,-0.1474557687191013
0.0,1.0,0.0,0.0,0.0,1.0,0.0,0.0,1.0,0.0,0.0,0.0,0.0,0.0,0.0,0.0,1.0,-0.6457580187771894,0.019609434873009167,1.1042286096609966,-0.22163659070081138,-1.5042079011468614,0.44408538475380893,-0.6017779125037619,-0.049821353518897916,-0.1781057493664113,-0.4579174986478331,1.580191756725731,-0.05611594710384673
0.0,0.0,0.0,1.0,0.0,1.0,0.0,1.0,0.0,0.0,0.0,0.0,0.0,0.0,0.0,0.0,1.0,-0.3589121158240597,-1.0309816693891578,-0.5591792084361015,-0.8042432027155477,-0.6063133114586053,-1.034122218125081,-0.5903280073187437,-0.14125327883151229,-0.1781057493664113,-1.6268414291446816,-0.632834588424933,-0.1474557687191013
0.0,0.0,1.0,0.0,0.0,1.0,1.0,0.0,0.0,0.0,0.0,0.0,0.0,0.0,0.0,0.0,1.0,-0.2154891643474948,0.7424161146053799,0.17467718190085355,-0.02743438669589927,0.37230941565116377,0.7581087615311898,0.9096095719186287,-0.14125327883151229,-0.1781057493664113,-0.16568651602362097,-0.632834588424933,-0.1474557687191013
0.0,1.0,0.0,0.0,0.0,1.0,0.0,0.0,0.0,0.0,0.0,0.0,1.0,0.0,0.0,1.0,0.0,1.2187403504181542,0.30537021523231844,0.12575342254505653,0.16676781730901283,0.9258737865415383,0.3674943172471307,-0.5903280073187437,-0.14125327883151229,-0.1781057493664113,-0.4579174986478331,-0.632834588424933,-0.1474557687191013
0.0,0.0,0.0,1.0,0.0,1.0,0.0,1.0,0.0,0.0,0.0,0.0,0.0,0.0,1.0,0.0,0.0,-0.9326039217303193,-1.5436701282690954,1.1042286096609966,-0.8042432027155477,-0.8484977237231441,-0.9422129371170673,-0.6475775332438344,-0.14125327883151229,1.873110506278306,1.5876993797216516,-0.632834588424933,-0.07438391142689764
0.0,0.0,0.0,1.0,0.0,1.0,0.0,1.0,0.0,0.0,0.0,0.0,0.0,1.0,0.0,0.0,0.0,0.6450485445118945,-1.56047958593729,-1.4887306361962445,2.497194265367958,0.8039578239049677,-1.9455559214545526,0.24551507118757826,-0.14125327883151229,-0.1781057493664113,-1.6268414291446816,-0.632834588424933,-0.1474557687191013
1.0,0.0,0.0,0.0,0.0,1.0,0.0,0.0,1.0,0.0,0.0,0.0,0.0,1.0,0.0,0.0,0.0,0.7884714959884594,0.9693437931260082,-1.1462643207056655,1.817486551350766,0.9093986564555152,0.29090324974045245,0.7264110889583387,-0.14125327883151229,-0.1781057493664113,0.7110064318490154,1.580191756725731,-0.1474557687191013
1.0,0.0,0.0,0.0,0.0,1.0,0.0,0.0,0.0,0.0,1.0,0.0,0.0,0.0,0.0,0.0,1.0,-0.07206621287092989,0.48186952074836265,1.7891612406421546,-0.22163659070081138,-1.3855869645274956,1.0414957113058994,-0.12088189473300126,-0.14125327883151229,-0.1781057493664113,0.7110064318490154,-0.632834588424933,-0.1474557687191013
0.0,0.0,0.0,1.0,0.0,1.0,1.0,0.0,0.0,0.0,0.0,0.0,0.0,0.0,0.0,0.0,1.0,-0.3589121158240597,-1.661336331946458,-0.4124079303687105,-0.8042432027155477,0.08893717817156735,-1.5089868366664865,-0.3842297139884178,-0.14125327883151229,-0.1781057493664113,1.5876993797216516,-0.632834588424933,-0.1474557687191013
0.0,0.0,1.0,0.0,0.0,1.0,0.0,0.0,0.0,0.0,0.0,1.0,0.0,0.0,1.0,0.0,0.0,-1.5062957276365787,0.8432728606145482,1.9359325187095457,-1.6781531207376523,-0.7908347684220635,1.409132835337955,-0.6475775332438344,-0.14125327883151229,-0.1781057493664113,0.12654446660059115,-0.632834588424933,-0.1474557687191013
1.0,0.0,0.0,0.0,0.0,1.0,0.0,0.0,0.0,0.0,1.0,0.0,0.0,1.0,0.0,0.0,0.0,0.6450485445118945,1.2719140311535122,-0.5102554490803045,-0.3187376927032675,0.9176362214985267,0.9036317897938787,1.2989063482092442,-0.14125327883151229,-0.1781057493664113,0.7110064318490154,-0.632834588424933,-0.1474557687191013
0.0,0.0,0.0,1.0,0.0,1.0,0.0,0.0,0.0,0.0,1.0,0.0,0.0,0.0,0.0,1.0,0.0,1.2187403504181542,-1.2158857037392994,-0.5591792084361015,0.7493744293237493,0.2998188432726624,-1.1873043531384377,-0.6475775332438344,-0.14125327883151229,-0.1781057493664113,1.5876993797216516,-0.632834588424933,-0.1474557687191013
0.0,0.0,1.0,0.0,0.0,1.0,1.0,0.0,0.0,0.0,0.0,0.0,0.0,0.0,0.0,0.0,1.0,-0.7891809702537543,0.4314411477437785,1.2020761283725907,-1.095546508722916,-1.631066402809239,0.8346998290378681,-0.5788781021337256,-0.14125327883151229,-0.1781057493664113,-0.16568651602362097,-0.632834588424933,-0.1474557687191013
1.0,0.0,0.0,0.0,0.0,1.0,0.0,0.0,0.0,0.0,1.0,0.0,0.0,1.0,0.0,0.0,0.0,0.07135673860563499,-0.14008041297484025,1.7891612406421546,0.7493744293237493,-1.064321927850046,0.4823809185071481,-0.1437817051030375,4.887502613362278,-0.1781057493664113,1.2954683970974397,-0.632834588424933,4.876234420119899
0.0,0.0,0.0,1.0,0.0,1.0,0.0,0.0,0.0,0.0,1.0,0.0,0.0,0.0,0.0,0.0,1.0,-0.7891809702537543,-1.0141722117209633,1.6913137219305607,-1.192647610725372,-2.1253203053899306,-0.32948439706364135,-0.6475775332438344,-0.14125327883151229,2.1295125382338953,1.5876993797216516,-0.632834588424933,-0.0652499292653722
0.0,0.0,1.0,0.0,0.0,1.0,0.0,0.0,0.0,0.0,0.0,0.0,1.0,0.0,0.0,0.0,1.0,-0.2154891643474948,1.3307471329921934,0.12575342254505653,-0.22163659070081138,-0.8188424895683026,1.2482915935739307,1.68820312449986,-0.14125327883151229,-0.1781057493664113,0.12654446660059115,-0.632834588424933,-0.1474557687191013
0.0,0.0,0.0,1.0,0.0,1.0,0.0,0.0,0.0,0.0,0.0,1.0,0.0,0.0,1.0,0.0,0.0,-1.219449824683449,-1.0730053135596445,0.5660672567472296,-1.095546508722916,-1.647541532895262,-0.6741442008436934,-0.6475775332438344,-0.14125327883151229,-0.1781057493664113,-1.6268414291446816,-0.632834588424933,-0.1474557687191013
1.0,0.0,0.0,0.0,0.0,1.0,0.0,1.0,0.0,0.0,0.0,0.0,0.0,0.0,0.0,0.0,1.0,-0.07206621287092989,0.40622696124148644,-0.9505692832824775,-0.41583879470572344,0.7166396344490455,-0.04609744728893182,1.7111029348698963,-0.14125327883151229,-0.1781057493664113,1.0032374144732275,-0.632834588424933,-0.1474557687191013
0.0,0.0,1.0,0.0,0.0,1.0,0.0,0.0,0.0,1.0,0.0,0.0,0.0,0.0,0.0,0.0,1.0,-0.3589121158240597,1.1122241833056628,-0.4124079303687105,-0.9984454067204599,0.8929235263694921,0.8193816155365324,0.8180103304384837,-0.14125327883151229,-0.1781057493664113,0.41877544922480325,1.580191756725731,-0.1474557687191013
1.0,0.0,0.0,0.0,0.0,1.0,0.0,0.0,0.0,0.0,0.0,0.0,1.0,1.0,0.0,0.0,0.0,0.5016255930353297,0.05322835020939839,-0.7059504865034925,2.108789857358134,0.9258737865415383,-0.20693868905295615,0.30276459711266873,-0.14125327883151229,-0.1781057493664113,1.0032374144732275,-0.632834588424933,-0.1474557687191013
1.0,0.0,0.0,0.0,0.0,1.0,0.0,0.0,0.0,0.0,0.0,0.0,1.0,1.0,0.0,0.0,0.0,0.3582026415587648,1.0954147256374682,-0.9016455239266805,-0.5129398967081796,0.6622717051651694,0.5436537725124907,0.7378609941433569,-0.14125327883151229,-0.1781057493664113,0.7110064318490154,-0.632834588424933,-0.1474557687191013
0.0,0.0,0.0,1.0,0.0,1.0,0.0,0.0,0.0,0.0,1.0,0.0,0.0,0.0,0.0,1.0,0.0,1.5055862533712838,-1.1906715172370073,0.9574573315936056,-1.095546508722916,-0.9440534782220779,-0.6664850940930258,-0.6475775332438344,-0.14125327883151229,1.873110506278306,1.5876993797216516,-0.632834588424933,-0.07438391142689764
0.0,0.0,0.0,1.0,1.0,0.0,0.0,1.0,0.0,0.0,0.0,0.0,0.0,0.0,0.0,0.0,1.0,-0.3589121158240597,-1.4596228399281221,-0.9505692832824775,-0.9984454067204599,0.881390935309276,-1.570259690671829,-0.4758289554685627,-0.14125327883151229,-0.1781057493664113,-1.6268414291446816,-0.632834588424933,-0.1474557687191013
0.0,0.0,0.0,1.0,0.0,1.0,0.0,0.0,1.0,0.0,0.0,0.0,0.0,0.0,1.0,0.0,0.0,-1.362872776160014,-2.384143011678829,-0.7548742458592895,-1.095546508722916,0.7067545563974317,-2.2442610847305975,-0.6475775332438344,-0.14125327883151229,0.5911003465003576,-1.6268414291446816,1.580191756725731,-0.12005382223452492
0.0,0.0,1.0,0.0,0.0,1.0,1.0,0.0,0.0,0.0,0.0,0.0,0.0,0.0,1.0,0.0,0.0,-1.362872776160014,0.8180586741122561,0.32144845996824456,0.06966671530655688,0.9258737865415383,0.8806544695418751,-0.6475775332438344,-0.14125327883151229,-0.1781057493664113,0.12654446660059115,-0.632834588424933,-0.1474557687191013
0.0,0.0,0.0,1.0,0.0,1.0,0.0,0.0,0.0,1.0,0.0,0.0,0.0,1.0,0.0,0.0,0.0,0.6450485445118945,-0.4594601086705391,-1.9779682297542145,1.429082143340942,0.8105478759393769,-1.4936686231651506,1.3332560637642987,-0.14125327883151229,-0.1781057493664113,-1.3346104465204693,1.580191756725731,-0.1474557687191013
0.0,0.0,1.0,0.0,0.0,1.0,0.0,0.0,0.0,0.0,0.0,0.0,1.0,0.0,0.0,0.0,1.0,-0.7891809702537543,0.5322978937529464,1.2020761283725907,-0.1245354886983552,-1.631066402809239,0.926609110045882,-0.61322781768878,-0.14125327883151229,-0.1781057493664113,-0.16568651602362097,-0.632834588424933,-0.1474557687191013
0.0,1.0,0.0,0.0,0.0,1.0,0.0,0.0,1.0,0.0,0.0,0.0,0.0,0.0,0.0,1.0,0.0,1.0753173989415892,0.3221796729005131,-1.2441118394172594,-0.41583879470572344,0.8682108312404576,-0.29118886331030225,-0.25828075695321856,-0.14125327883151229,-0.1781057493664113,-0.7501484812720451,1.580191756725731,-0.1474557687191013
0.0,0.0,0.0,1.0,0.0,1.0,0.0,0.0,0.0,0.0,1.0,0.0,0.0,0.0,0.0,1.0,0.0,1.0753173989415892,-2.014334942978546,-0.7059504865034925,1.2348799393360297,0.9258737865415383,-1.914919494451881,-0.6475775332438344,-0.14125327883151229,-0.1781057493664113,-1.6268414291446816,-0.632834588424933,-0.1474557687191013
0.0,1.0,0.0,0.0,0.0,1.0,0.0,0.0,0.0,0.0,0.0,1.0,0.0,0.0,0.0,1.0,0.0,1.6490092048478489,-0.9469343810481845,-1.0484168019940716,0.555172225318837,0.9258737865415383,-1.1949634598891057,-0.6475775332438344,-0.14125327883151229,-0.1781057493664113,-1.0423794638962574,-0.632834588424933,-0.1474557687191013
1.0,0.0,0.0,0.0,0.0,1.0,0.0,0.0,0.0,0.0,0.0,0.0,1.0,0.0,1.0,0.0,0.0,-1.076026873206884,0.4146316900755839,0.027905903833462538,-0.22163659070081138,0.9258737865415383,0.42110806450180555,-0.6475775332438344,-0.14125327883151229,-0.1781057493664113,0.7110064318490154,-0.632834588424933,-0.1474557687191013
0.0,1.0,0.0,0.0,0.0,1.0,1.0,0.0,0.0,0.0,0.0,0.0,0.0,0.0,0.0,0.0,1.0,-0.07206621287092989,0.38941750357329186,-0.7059504865034925,-0.22163659070081138,-0.8122524375338934,0.06878915397108556,2.226348668195711,-0.14125327883151229,-0.1781057493664113,-0.7501484812720451,-0.632834588424933,-0.1474557687191013
0.0,0.0,0.0,1.0,0.0,1.0,0.0,0.0,1.0,0.0,0.0,0.0,0.0,0.0,0.0,0.0,1.0,-0.6457580187771894,-1.8378356374625022,-0.021017855522334466,2.20589095936059,0.8303180320426046,-1.5166459434171542,-0.6475775332438344,-0.14125327883151229,0.5911003465003576,-1.3346104465204693,1.580191756725731,-0.12005382223452492
0.0,1.0,0.0,0.0,0.0,1.0,1.0,0.0,0.0,0.0,0.0,0.0,0.0,0.0,1.0,0.0,0.0,-1.076026873206884,-0.24093715898400836,0.32144845996824456,-0.22163659070081138,-0.7710646123188358,-0.03077923378759619,-0.6475775332438344,-0.14125327883151229,-0.1781057493664113,-0.7501484812720451,-0.632834588424933,-0.1474557687191013
0.0,0.0,1.0,0.0,1.0,0.0,0.0,0.0,0.0,0.0,0.0,0.0,1.0,0.0,1.0,0.0,0.0,-1.076026873206884,1.3223424041580962,0.7128385348146206,-1.192647610725372,0.6540341401221579,1.4627465825926298,-0.6475775332438344,-0.14125327883151229,-0.1781057493664113,0.41877544922480325,-0.632834588424933,-0.1474557687191013
0.0,1.0,0.0,0.0,0.0,1.0,0.0,0.0,0.0,1.0,0.0,0.0,0.0,1.0,0.0,0.0,0.0,0.6450485445118945,0.7676303011076719,-1.7333494329752295,1.9145876533532222,-0.42014434148654484,-0.32948439706364135,1.9630008489402944,-0.14125327883151229,-0.1781057493664113,-0.7501484812720451,1.580191756725731,-0.1474557687191013
0.0,0.0,0.0,1.0,0.0,1.0,1.0,0.0,0.0,0.0,0.0,0.0,0.0,1.0,0.0,0.0,0.0,0.6450485445118945,-0.6443641430206805,-0.11886537423392847,0.4580711233163813,-1.7167370792565588,-0.5286211725810048,-0.20103123102812803,-0.14125327883151229,-0.1781057493664113,1.5876993797216516,-0.632834588424933,-0.1474557687191013
1.0,0.0,0.0,0.0,0.0,1.0,0.0,0.0,0.0,0.0,1.0,0.0,0.0,0.0,0.0,1.0,0.0,0.9318944474650244,0.8432728606145482,-0.5102554490803045,-0.41583879470572344,0.9258737865415383,0.5436537725124907,-0.4185794295434721,-0.14125327883151229,-0.1781057493664113,1.0032374144732275,-0.632834588424933,-0.1474557687191013
1.0,0.0,0.0,0.0,0.0,1.0,0.0,0.0,0.0,0.0,1.0,0.0,0.0,0.0,0.0,1.0,0.0,1.362163301894719,-0.29136553198859233,-0.31456041165711646,-0.41583879470572344,-0.8765054448693833,-0.3141661835623057,-0.6475775332438344,-0.14125327883151229,-0.1781057493664113,1.2954683970974397,-0.632834588424933,-0.1474557687191013
1.0,0.0,0.0,0.0,0.0,1.0,0.0,0.0,0.0,1.0,0.0,0.0,0.0,0.0,0.0,0.0,1.0,-0.7891809702537543,-0.4930790240069284,1.0553048503051996,-0.9984454067204599,-1.1681152473919914,-0.03077923378759619,-0.6475775332438344,-0.14125327883151229,-0.1781057493664113,1.0032374144732275,1.580191756725731,-0.1474557687191013
0.0,0.0,0.0,1.0,0.0,1.0,0.0,1.0,0.0,0.0,0.0,0.0,0.0,1.0,0.0,0.0,0.0,0.3582026415587648,-0.8124587197026272,-1.3419593581288536,-0.3187376927032675,-0.28175324876395125,-1.2562363138944483,-0.2353809465831824,-0.14125327883151229,-0.1781057493664113,-1.6268414291446816,-0.632834588424933,-0.1474557687191013
0.0,1.0,0.0,0.0,0.0,1.0,0.0,0.0,0.0,0.0,0.0,0.0,1.0,0.0,0.0,1.0,0.0,1.6490092048478489,-0.29977026082268965,1.5445424438631696,1.817486551350766,-0.6936315009145275,0.27558503623911684,-0.6475775332438344,0.7730659742946313,-0.1781057493664113,-0.4579174986478331,-0.632834588424933,0.7659424474334442
1.0,0.0,0.0,0.0,0.0,1.0,0.0,0.0,0.0,1.0,0.0,0.0,0.0,0.0,0.0,0.0,1.0,-0.07206621287092989,-0.5939357700160964,0.3703722193240416,-0.8042432027155477,-1.425127276733951,-0.3218252903129736,0.9210594771036468,-0.14125327883151229,5.71914098561215,1.2954683970974397,1.580191756725731,0.06262582099598415
0.0,0.0,0.0,1.0,0.0,1.0,1.0,0.0,0.0,0.0,0.0,0.0,0.0,0.0,1.0,0.0,0.0,-1.076026873206884,-1.4680275687622195,-0.5591792084361015,-0.8042432027155477,-0.15654226011017608,-1.4017593421571368,-0.6475775332438344,-0.14125327883151229,-0.1781057493664113,-1.3346104465204693,-0.632834588424933,-0.1474557687191013
0.0,0.0,0.0,1.0,0.0,1.0,0.0,0.0,1.0,0.0,0.0,0.0,0.0,0.0,1.0,0.0,0.0,-0.9326039217303193,-0.9469343810481845,0.8106860535262146,0.263868919311469,-1.571755934499556,-0.4903256388276657,-0.6475775332438344,-0.14125327883151229,-0.1781057493664113,-1.3346104465204693,1.580191756725731,-0.1474557687191013
0.0,0.0,1.0,0.0,0.0,1.0,0.0,0.0,0.0,1.0,0.0,0.0,0.0,0.0,0.0,1.0,0.0,0.9318944474650244,1.145843098642052,-0.5102554490803045,-0.7071421007130917,0.9258737865415383,0.7964042952845289,-0.04073255843787449,-0.14125327883151229,-0.1781057493664113,0.12654446660059115,1.580191756725731,-0.1474557687191013
0.0,0.0,0.0,1.0,0.0,1.0,0.0,0.0,0.0,0.0,0.0,1.0,0.0,0.0,0.0,0.0,1.0,-0.5023350673006246,-2.1908342484945904,-0.8527217645708836,2.20589095936059,0.9258737865415383,-2.1293744834705803,-0.6475775332438344,-0.14125327883151229,2.3859145701894855,-1.6268414291446816,-0.632834588424933,-0.05611594710384673
1.0,0.0,0.0,0.0,0.0,1.0,0.0,0.0,0.0,0.0,1.0,0.0,0.0,0.0,1.0,0.0,0.0,-1.219449824683449,0.5491073514211414,0.6639147754588236,-0.02743438669589927,-0.490987400856444,0.7734269750325254,-0.6475775332438344,-0.14125327883151229,-0.1781057493664113,0.7110064318490154,-0.632834588424933,-0.1474557687191013
0.0,0.0,1.0,0.0,0.0,1.0,0.0,0.0,0.0,0.0,0.0,0.0,1.0,1.0,0.0,0.0,0.0,0.6450485445118945,1.5576748115128216,-0.06994161487813147,0.9435766333286616,0.7314672515264663,1.3555190880832801,1.8599517022751317,-0.14125327883151229,-0.1781057493664113,0.12654446660059115,-0.632834588424933,-0.1474557687191013
0.0,0.0,1.0,0.0,0.0,1.0,1.0,0.0,0.0,0.0,0.0,0.0,0.0,0.0,0.0,0.0,1.0,-0.3589121158240597,0.9273201489555215,0.5171434973914326,-0.8042432027155477,0.36901438963395916,1.0491548180565673,0.22261526081754202,-0.14125327883151229,-0.1781057493664113,0.41877544922480325,-0.632834588424933,-0.1474557687191013
0.0,0.0,0.0,1.0,0.0,1.0,0.0,0.0,0.0,1.0,0.0,0.0,0.0,0.0,0.0,0.0,1.0,-0.2154891643474948,-0.7284114313616538,1.4956186845073727,0.4580711233163813,-1.945741387452279,-0.12268851479561008,-0.3727798088033997,-0.14125327883151229,-0.1781057493664113,1.5876993797216516,1.580191756725731,-0.1474557687191013
0.0,0.0,1.0,0.0,0.0,1.0,0.0,0.0,0.0,0.0,1.0,0.0,0.0,1.0,0.0,0.0,0.0,0.3582026415587648,2.0367443550563693,-0.9016455239266805,0.06966671530655688,0.3756044416683684,1.3095644475792731,1.0928080548789183,-0.14125327883151229,-0.1781057493664113,0.41877544922480325,-0.632834588424933,-0.1474557687191013
0.0,0.0,1.0,0.0,0.0,1.0,0.0,0.0,0.0,0.0,0.0,1.0,0.0,0.0,0.0,0.0,1.0,-0.3589121158240597,1.4988417096741402,-0.5591792084361015,-0.7071421007130917,0.9258737865415383,1.0644730315579027,1.2073071067290995,-0.14125327883151229,-0.1781057493664113,0.12654446660059115,-0.632834588424933,-0.1474557687191013
0.0,1.0,0.0,0.0,0.0,1.0,0.0,0.0,0.0,0.0,0.0,0.0,1.0,0.0,0.0,0.0,1.0,-0.3589121158240597,0.8180586741122561,1.6913137219305607,1.3319810413384858,-1.43171732876836,1.324882661080609,-0.5788781021337256,3.5160237336730624,-0.1781057493664113,-0.4579174986478331,-0.632834588424933,3.5061370958910802
0.0,0.0,1.0,0.0,0.0,1.0,0.0,0.0,1.0,0.0,0.0,0.0,0.0,1.0,0.0,0.0,0.0,0.07135673860563499,1.12062891213976,-0.5591792084361015,-0.02743438669589927,0.9258737865415383,0.750449654780522,3.0850915570720687,-0.14125327883151229,-0.1781057493664113,0.12654446660059115,1.580191756725731,-0.1474557687191013
0.0,1.0,0.0,0.0,0.0,1.0,0.0,0.0,0.0,0.0,1.0,0.0,0.0,0.0,0.0,0.0,1.0,-0.2154891643474948,-0.7956492620344325,1.4466949251515757,0.8464755313262055,-1.2471958718049019,-0.19927958230228832,-0.1437817051030375,-0.14125327883151229,-0.1781057493664113,-1.0423794638962574,-0.632834588424933,-0.1474557687191013
1.0,0.0,0.0,0.0,0.0,1.0,0.0,0.0,1.0,0.0,0.0,0.0,0.0,0.0,0.0,0.0,1.0,-0.3589121158240597,0.30537021523231844,1.8870087593537486,1.1377788373335735,-1.463020075931804,0.9112908965445463,-0.5903280073187437,5.344662239925349,-0.1781057493664113,1.0032374144732275,1.580191756725731,5.332933528196172
1.0,0.0,0.0,0.0,0.0,1.0,0.0,0.0,0.0,0.0,0.0,0.0,1.0,0.0,0.0,1.0,0.0,1.0753173989415892,0.07003780787759316,0.12575342254505653,0.16676781730901283,0.9258737865415383,0.16069843497909947,-0.6475775332438344,-0.14125327883151229,-0.1781057493664113,1.0032374144732275,-0.632834588424933,-0.1474557687191013
0.0,1.0,0.0,0.0,0.0,1.0,0.0,0.0,0.0,0.0,0.0,0.0,1.0,0.0,0.0,1.0,0.0,1.5055862533712838,-0.23253243014991093,-0.8037980052150865,-0.7071421007130917,0.7990152848791607,-0.4826665320769979,-0.6475775332438344,-0.14125327883151229,-0.1781057493664113,-0.7501484812720451,-0.632834588424933,-0.1474557687191013
0.0,0.0,1.0,0.0,0.0,1.0,0.0,1.0,0.0,0.0,0.0,0.0,0.0,0.0,0.0,1.0,0.0,1.5055862533712838,0.6163451820939199,1.8380849999979516,-0.6100409987106356,0.3344166164533108,1.1793596328179201,-0.6475775332438344,0.31590634773155957,-0.1781057493664113,0.12654446660059115,-0.632834588424933,0.30924333935717147
0.0,0.0,0.0,1.0,0.0,1.0,0.0,0.0,0.0,0.0,1.0,0.0,0.0,0.0,0.0,1.0,0.0,1.362163301894719,-2.1404058754900066,-0.36348417101291347,0.4580711233163813,0.9126936824727198,-1.8919421741998776,-0.6475775332438344,-0.14125327883151229,-0.1781057493664113,-1.6268414291446816,-0.632834588424933,-0.1474557687191013
0.0,0.0,0.0,1.0,0.0,1.0,0.0,0.0,1.0,0.0,0.0,0.0,0.0,0.0,1.0,0.0,0.0,-0.9326039217303193,-0.9469343810481845,1.2509998877283877,0.9435766333286616,-2.0165844468221783,-0.3754390375676483,-0.6475775332438344,-0.14125327883151229,-0.1781057493664113,-1.3346104465204693,1.580191756725731,-0.1474557687191013
0.0,0.0,0.0,1.0,0.0,1.0,0.0,0.0,0.0,0.0,0.0,1.0,0.0,0.0,1.0,0.0,0.0,-0.9326039217303193,-1.980716027642157,-0.6081029677918985,1.2348799393360297,0.9258737865415383,-1.8536466404465384,-0.6475775332438344,-0.14125327883151229,2.3859145701894855,-1.6268414291446816,-0.632834588424933,-0.05611594710384673
0.0,0.0,0.0,1.0,0.0,1.0,1.0,0.0,0.0,0.0,0.0,0.0,0.0,0.0,0.0,1.0,0.0,1.6490092048478489,-1.4007897380894407,-0.4124079303687105,0.16676781730901283,-0.2537455276177121,-1.2868727408971194,-0.6475775332438344,-0.14125327883151229,-0.1781057493664113,-1.6268414291446816,-0.632834588424933,-0.1474557687191013
0.0,0.0,0.0,1.0,0.0,1.0,1.0,0.0,0.0,0.0,0.0,0.0,0.0,1.0,0.0,0.0,0.0,0.3582026415587648,-0.7031972448593619,-1.6844256736194325,1.817486551350766,0.18778795868770565,-1.4170775556584725,0.5890122267381216,-0.14125327883151229,-0.1781057493664113,-1.6268414291446816,-0.632834588424933,-0.1474557687191013
1.0,0.0,0.0,0.0,0.0,1.0,0.0,0.0,0.0,0.0,0.0,0.0,1.0,0.0,0.0,0.0,1.0,-0.7891809702537543,-0.535102668177415,1.3488474064399816,-1.3868498147302841,-1.3921770165619047,0.015175406716410768,-0.6475775332438344,-0.14125327883151229,-0.1781057493664113,1.2954683970974397,-0.632834588424933,-0.1474557687191013
0.0,1.0,0.0,0.0,0.0,1.0,1.0,0.0,0.0,0.0,0.0,0.0,0.0,0.0,0.0,0.0,1.0,-0.07206621287092989,0.8432728606145482,-1.3908831174846505,0.7493744293237493,0.7545324336468985,0.015175406716410768,2.798843927446616,-0.14125327883151229,-0.1781057493664113,-0.4579174986478331,-0.632834588424933,-0.1474557687191013
0.0,1.0,0.0,0.0,0.0,1.0,0.0,0.0,0.0,1.0,0.0,0.0,0.0,0.0,1.0,0.0,0.0,-1.6497186791131437,-0.6695783295229725,0.9085335722378086,0.16676781730901283,-1.1862378904866167,-0.22991600930495965,-0.6475775332438344,-0.14125327883151229,-0.1781057493664113,-1.0423794638962574,1.580191756725731,-0.1474557687191013
0.0,1.0,0.0,0.0,0.0,1.0,0.0,0.0,1.0,0.0,0.0,0.0,0.0,0.0,1.0,0.0,0.0,-0.9326039217303193,-0.7031972448593619,-0.21671289294552248,-0.41583879470572344,-1.47455266699202,-0.6205304535890187,-0.6475775332438344,-0.14125327883151229,-0.1781057493664113,-1.0423794638962574,1.580191756725731,-0.1474557687191013
0.0,0.0,1.0,0.0,0.0,1.0,0.0,1.0,0.0,0.0,0.0,0.0,0.0,0.0,0.0,0.0,1.0,-0.3589121158240597,1.2887234888217067,1.3977711657957785,-0.02743438669589927,-0.20596765036824521,1.6618833581099932,-0.006382842882820132,3.5160237336730624,-0.1781057493664113,0.41877544922480325,-0.632834588424933,3.5061370958910802
0.0,0.0,0.0,1.0,0.0,1.0,0.0,0.0,1.0,0.0,0.0,0.0,0.0,0.0,0.0,1.0,0.0,1.0753173989415892,-1.3755755515871488,0.8596098128820115,-0.9013443047180038,-1.3262764962178126,-0.8579627628597214,-0.6475775332438344,-0.14125327883151229,-0.1781057493664113,-1.6268414291446816,1.580191756725731,-0.1474557687191013
0.0,0.0,0.0,1.0,0.0,1.0,0.0,0.0,0.0,1.0,0.0,0.0,0.0,0.0,0.0,1.0,0.0,1.362163301894719,-1.081410042393742,-1.2930355987730566,-0.6100409987106356,0.8451456491200253,-1.4400548759104759,-0.6475775332438344,-0.14125327883151229,-0.1781057493664113,-1.3346104465204693,1.580191756725731,-0.1474557687191013
0.0,1.0,0.0,0.0,0.0,1.0,0.0,0.0,0.0,1.0,0.0,0.0,0.0,0.0,1.0,0.0,0.0,-1.5062957276365787,0.13727563855037175,-0.7548742458592895,-0.5129398967081796,0.9258737865415383,-0.1609840485489492,-0.6475775332438344,-0.14125327883151229,-0.1781057493664113,-0.4579174986478331,1.580191756725731,-0.1474557687191013
0.0,0.0,1.0,0.0,0.0,1.0,1.0,0.0,0.0,0.0,0.0,0.0,0.0,0.0,0.0,1.0,0.0,1.2187403504181542,1.0029627084623973,-0.9505692832824775,1.0406777353311174,0.9258737865415383,0.43642627800314115,-0.5788781021337256,-0.14125327883151229,-0.1781057493664113,-0.16568651602362097,-0.632834588424933,-0.1474557687191013
0.0,0.0,1.0,0.0,0.0,1.0,0.0,0.0,0.0,0.0,0.0,0.0,1.0,0.0,0.0,1.0,0.0,1.5055862533712838,1.1794620139784415,1.0063810909494026,-0.5129398967081796,0.23062329691136557,1.4397692623406264,-0.6475775332438344,-0.14125327883151229,-0.1781057493664113,0.12654446660059115,-0.632834588424933,-0.1474557687191013
0.0,1.0,0.0,0.0,0.0,1.0,1.0,0.0,0.0,0.0,0.0,0.0,0.0,0.0,0.0,0.0,1.0,-0.3589121158240597,0.011204706038911709,-0.06994161487813147,-0.9013443047180038,-0.7166966830349597,0.03815272696841423,0.9439592874736829,-0.14125327883151229,-0.1781057493664113,-0.7501484812720451,-0.632834588424933,-0.1474557687191013
1.0,0.0,0.0,0.0,0.0,1.0,0.0,0.0,0.0,1.0,0.0,0.0,0.0,1.0,0.0,0.0,0.0,0.3582026415587648,0.6751782839326015,-1.2930355987730566,2.5942953673704148,0.924226273532936,-0.04609744728893182,2.191998952640657,-0.14125327883151229,-0.1781057493664113,0.7110064318490154,1.580191756725731,-0.1474557687191013
1.0,0.0,0.0,0.0,0.0,1.0,0.0,0.0,0.0,0.0,0.0,1.0,0.0,0.0,1.0,0.0,0.0,-1.076026873206884,-0.6863877871911671,0.22360094125665056,-1.6781531207376523,-0.06757655764565161,-0.44437099832365873,-0.6475775332438344,-0.14125327883151229,-0.1781057493664113,1.2954683970974397,-0.632834588424933,-0.1474557687191013
1.0,0.0,0.0,0.0,0.0,1.0,0.0,0.0,0.0,1.0,0.0,0.0,0.0,0.0,1.0,0.0,0.0,-1.076026873206884,-0.8881012792095032,-0.4613316897245075,-1.2897487127278282,0.9061036304383105,-0.873280976361057,-0.6475775332438344,-0.14125327883151229,-0.1781057493664113,1.2954683970974397,1.580191756725731,-0.1474557687191013
0.0,0.0,0.0,1.0,0.0,1.0,0.0,0.0,0.0,0.0,1.0,0.0,0.0,0.0,1.0,0.0,0.0,-0.9326039217303193,-1.2999329920802727,0.027905903833462538,-0.6100409987106356,0.8995135784039013,-1.041781324875749,-0.6475775332438344,-0.14125327883151229,-0.1781057493664113,-1.3346104465204693,-0.632834588424933,-0.1474557687191013
0.0,1.0,0.0,0.0,0.0,1.0,0.0,1.0,0.0,0.0,0.0,0.0,0.0,0.0,0.0,1.0,0.0,1.0753173989415892,0.061633079043495846,-1.2930355987730566,1.6232843473458538,0.9126936824727198,-0.5286211725810048,-0.3498799984333635,-0.14125327883151229,-0.1781057493664113,-0.7501484812720451,-0.632834588424933,-0.1474557687191013
1.0,0.0,0.0,0.0,0.0,1.0,0.0,0.0,1.0,0.0,0.0,0.0,0.0,1.0,0.0,0.0,0.0,0.5016255930353297,0.5659168090893361,-1.4398068768404475,0.263868919311469,-0.31635102194459963,-0.23757511605562745,1.6080537882047332,-0.14125327883151229,-0.1781057493664113,1.0032374144732275,1.580191756725731,-0.1474557687191013
0.0,0.0,0.0,1.0,0.0,1.0,0.0,0.0,1.0,0.0,0.0,0.0,0.0,0.0,1.0,0.0,0.0,-1.219449824683449,-0.9301249233799899,0.6149910161030265,-0.5129398967081796,-1.4893802840694408,-0.5362802793316727,-0.6475775332438344,-0.14125327883151229,-0.1781057493664113,-1.3346104465204693,1.580191756725731,-0.1474557687191013
0.0,1.0,0.0,0.0,0.0,1.0,0.0,0.0,0.0,0.0,1.0,0.0,0.0,0.0,0.0,0.0,1.0,-0.2154891643474948,0.5743215379234332,-1.5376543955520416,0.9435766333286616,0.5551833596060196,-0.3065070768116379,2.1461993319005845,-0.14125327883151229,-0.1781057493664113,-0.4579174986478331,-0.632834588424933,-0.1474557687191013
1.0,0.0,0.0,0.0,0.0,1.0,1.0,0.0,0.0,0.0,0.0,0.0,0.0,0.0,0.0,0.0,1.0,-0.3589121158240597,-0.509888481675123,-0.06994161487813147,-0.9984454067204599,0.18943547169630795,-0.39841635781965185,0.25696497637259635,-0.14125327883151229,-0.1781057493664113,1.2954683970974397,-0.632834588424933,-0.1474557687191013
1.0,0.0,0.0,0.0,0.0,1.0,0.0,0.0,0.0,0.0,0.0,1.0,0.0,0.0,0.0,1.0,0.0,1.6490092048478489,-0.156889870643035,0.9574573315936056,-1.192647610725372,-1.0478467977640231,0.23728950248577774,-0.6475775332438344,-0.14125327883151229,-0.1781057493664113,1.0032374144732275,-0.632834588424933,-0.1474557687191013
0.0,1.0,0.0,0.0,0.0,1.0,0.0,0.0,1.0,0.0,0.0,0.0,0.0,0.0,0.0,1.0,0.0,0.9318944474650244,0.2969654863982213,-1.2441118394172594,0.8464755313262055,0.7067545563974317,-0.3141661835623057,-0.09798208436296509,-0.14125327883151229,-0.1781057493664113,-1.0423794638962574,1.580191756725731,-0.1474557687191013
0.0,0.0,1.0,0.0,0.0,1.0,0.0,1.0,0.0,0.0,0.0,0.0,0.0,0.0,0.0,0.0,1.0,-0.3589121158240597,1.37277077716268,0.7617622941704176,0.263868919311469,-0.858382801774758,1.5240194365979725,0.7035112785883025,-0.14125327883151229,-0.1781057493664113,0.41877544922480325,-0.632834588424933,-0.1474557687191013
0.0,0.0,0.0,1.0,0.0,1.0,1.0,0.0,0.0,0.0,0.0,0.0,0.0,0.0,1.0,0.0,0.0,-1.219449824683449,-1.6193126877759714,-0.9016455239266805,-0.8042432027155477,0.9258737865415383,-1.6774871851811786,-0.6475775332438344,-0.14125327883151229,-0.1781057493664113,1.5876993797216516,-0.632834588424933,-0.1474557687191013
0.0,0.0,1.0,0.0,0.0,1.0,0.0,0.0,0.0,0.0,0.0,1.0,0.0,1.0,0.0,0.0,0.0,0.21477969008219988,1.935887609047202,-0.9994930426382745,-0.7071421007130917,0.9258737865415383,1.1640414193165847,2.924792884481816,-0.14125327883151229,-0.1781057493664113,0.12654446660059115,-0.632834588424933,-0.1474557687191013
0.0,1.0,0.0,0.0,0.0,1.0,0.0,0.0,0.0,0.0,1.0,0.0,0.0,0.0,0.0,1.0,0.0,1.0753173989415892,0.17929928272085843,-0.6570267271476955,1.5261832453433977,-0.4942824268736486,-0.07673387429160315,-0.3727798088033997,-0.14125327883151229,-0.1781057493664113,-0.7501484812720451,-0.632834588424933,-0.1474557687191013
0.0,1.0,0.0,0.0,0.0,1.0,0.0,0.0,0.0,1.0,0.0,0.0,0.0,0.0,0.0,0.0,1.0,-0.6457580187771894,-0.0644378534679642,-0.7548742458592895,-1.095546508722916,0.9258737865415383,-0.32948439706364135,-0.30408037769329105,-0.14125327883151229,-0.1781057493664113,-0.4579174986478331,1.580191756725731,-0.1474557687191013
1.0,0.0,0.0,0.0,0.0,1.0,0.0,0.0,0.0,0.0,0.0,0.0,1.0,1.0,0.0,0.0,0.0,0.3582026415587648,0.2045134692231505,0.46821973803563555,-0.3187376927032675,-1.2274257157016744,0.4057898510004698,0.6691615630332481,-0.14125327883151229,-0.1781057493664113,1.2954683970974397,-0.632834588424933,-0.1474557687191013
0.0,1.0,0.0,0.0,0.0,1.0,1.0,0.0,0.0,0.0,0.0,0.0,0.0,1.0,0.0,0.0,0.0,0.6450485445118945,0.9441296066237161,-1.5376543955520416,2.302992061363046,0.7479423816124893,-0.023120127036928357,1.3905055896893892,-0.14125327883151229,-0.1781057493664113,-0.4579174986478331,-0.632834588424933,-0.1474557687191013
0.0,0.0,0.0,1.0,0.0,1.0,0.0,0.0,0.0,1.0,0.0,0.0,0.0,1.0,0.0,0.0,0.0,0.3582026415587648,-1.3671708227530512,-1.5865781549078386,1.3319810413384858,0.8154904149651838,-1.8613057471972063,0.5775623215531035,-0.14125327883151229,-0.1781057493664113,1.5876993797216516,1.580191756725731,-0.1474557687191013
0.0,1.0,0.0,0.0,0.0,1.0,0.0,0.0,1.0,0.0,0.0,0.0,0.0,0.0,0.0,0.0,1.0,-0.6457580187771894,-0.4090317356659551,1.4466949251515757,-0.9984454067204599,-1.3691118344414726,0.1530393282284316,-0.6361276280588162,1.6873852274207748,-0.1781057493664113,-0.7501484812720451,1.580191756725731,1.6793406635859895
0.0,1.0,0.0,0.0,0.0,1.0,0.0,0.0,0.0,0.0,0.0,0.0,1.0,0.0,1.0,0.0,0.0,-1.362872776160014,0.4734647919142652,1.2020761283725907,-1.095546508722916,-1.5964686296285906,0.8729953627912072,-0.6475775332438344,-0.14125327883151229,-0.1781057493664113,-0.4579174986478331,-0.632834588424933,-0.1474557687191013
0.0,0.0,0.0,1.0,0.0,1.0,0.0,0.0,1.0,0.0,0.0,0.0,0.0,1.0,0.0,0.0,0.0,0.6450485445118945,-1.3755755515871488,-1.6844256736194325,1.72038544934831,0.9258737865415383,-1.9378968147038846,-0.02928265325285637,-0.14125327883151229,-0.1781057493664113,1.5876993797216516,1.580191756725731,-0.1474557687191013
1.0,0.0,0.0,0.0,0.0,1.0,1.0,0.0,0.0,0.0,0.0,0.0,0.0,0.0,0.0,1.0,0.0,0.9318944474650244,0.0027999772048144037,0.7617622941704176,-0.1245354886983552,0.9077511434469129,0.3215396767431238,-0.5903280073187437,-0.14125327883151229,-0.1781057493664113,1.0032374144732275,-0.632834588424933,-0.1474557687191013
1.0,0.0,0.0,0.0,0.0,1.0,0.0,1.0,0.0,0.0,0.0,0.0,0.0,0.0,0.0,0.0,1.0,-0.3589121158240597,-0.3501986338272737,0.4192959786798386,-0.6100409987106356,-1.4168897116909394,-0.09971119454360661,0.14246592452241516,-0.14125327883151229,-0.1781057493664113,1.2954683970974397,-0.632834588424933,-0.1474557687191013
1.0,0.0,0.0,0.0,0.0,1.0,0.0,0.0,0.0,0.0,0.0,0.0,1.0,0.0,1.0,0.0,0.0,-1.219449824683449,-0.8040539908685298,-0.9994930426382745,-0.1245354886983552,-0.874857931860781,-1.0570995383770847,-0.6475775332438344,-0.14125327883151229,-0.1781057493664113,1.2954683970974397,-0.632834588424933,-0.1474557687191013
0.0,1.0,0.0,0.0,0.0,1.0,0.0,1.0,0.0,0.0,0.0,0.0,0.0,1.0,0.0,0.0,0.0,0.3582026415587648,0.9273201489555215,-0.8037980052150865,-0.5129398967081796,0.5469457945630081,0.4594035982551447,1.5622541674646608,-0.14125327883151229,-0.1781057493664113,-0.4579174986478331,-0.632834588424933,-0.1474557687191013
0.0,0.0,0.0,1.0,0.0,1.0,0.0,0.0,0.0,0.0,0.0,1.0,0.0,0.0,1.0,0.0,0.0,-0.9326039217303193,-1.0477911270573526,-0.4124079303687105,-1.5810520187351962,-0.6788038838371068,-0.9881675776210743,-0.6475775332438344,-0.14125327883151229,-0.1781057493664113,-1.3346104465204693,-0.632834588424933,-0.1474557687191013
0.0,0.0,1.0,0.0,0.0,1.0,0.0,0.0,1.0,0.0,0.0,0.0,0.0,0.0,1.0,0.0,0.0,-1.6497186791131437,0.5575120802552386,1.2020761283725907,-0.22163659070081138,-1.7266221573081726,0.9495864302978855,-0.6475775332438344,-0.14125327883151229,-0.1781057493664113,-0.16568651602362097,1.580191756725731,-0.1474557687191013
0.0,0.0,0.0,1.0,0.0,1.0,0.0,0.0,0.0,0.0,0.0,0.0,1.0,0.0,1.0,0.0,0.0,-1.219449824683449,-2.014334942978546,-0.16778913358972547,0.06966671530655688,0.7825401547931378,-1.7157827189345178,-0.6475775332438344,-0.14125327883151229,-0.1781057493664113,1.5876993797216516,-0.632834588424933,-0.1474557687191013
1.0,0.0,0.0,0.0,0.0,1.0,0.0,0.0,0.0,0.0,0.0,1.0,0.0,0.0,1.0,0.0,0.0,-1.6497186791131437,0.7003924704348932,1.8870087593537486,-1.5810520187351962,-1.7035569751877404,1.2636098070752664,-0.6475775332438344,-0.14125327883151229,-0.1781057493664113,0.7110064318490154,-0.632834588424933,-0.1474557687191013
0.0,0.0,0.0,1.0,0.0,1.0,0.0,0.0,0.0,0.0,1.0,0.0,0.0,0.0,0.0,1.0,0.0,1.0753173989415892,-1.3251471785825646,-0.9505692832824775,-0.3187376927032675,0.2932287912382532,-1.4553730894118115,-0.6475775332438344,-0.14125327883151229,-0.1781057493664113,-1.6268414291446816,-0.632834588424933,-0.1474557687191013
0.0,1.0,0.0,0.0,0.0,1.0,0.0,0.0,0.0,0.0,0.0,0.0,1.0,0.0,0.0,1.0,0.0,1.362163301894719,0.23813238455953986,-1.1462643207056655,-0.3187376927032675,0.924226273532936,-0.2988479700609701,-0.6475775332438344,-0.14125327883151229,-0.1781057493664113,-0.7501484812720451,-0.632834588424933,-0.1474557687191013
0.0,0.0,1.0,0.0,0.0,1.0,0.0,1.0,0.0,0.0,0.0,0.0,0.0,0.0,1.0,0.0,0.0,-0.9326039217303193,1.3643660483285829,-0.16778913358972547,-0.1245354886983552,0.9258737865415383,1.148723205815249,-0.6475775332438344,-0.14125327883151229,-0.1781057493664113,0.12654446660059115,-0.632834588424933,-0.1474557687191013
1.0,0.0,0.0,0.0,0.0,1.0,0.0,0.0,0.0,0.0,1.0,0.0,0.0,0.0,0.0,1.0,0.0,1.362163301894719,-0.3165797184908843,-0.31456041165711646,-0.22163659070081138,0.9258737865415383,-0.32948439706364135,-0.6475775332438344,-0.14125327883151229,-0.1781057493664113,1.0032374144732275,-0.632834588424933,-0.1474557687191013
1.0,0.0,0.0,0.0,0.0,1.0,0.0,1.0,0.0,0.0,0.0,0.0,0.0,1.0,0.0,0.0,0.0,0.6450485445118945,0.38941750357329186,-0.5591792084361015,1.6232843473458538,0.9258737865415383,0.1453802214777638,0.2798647867426326,-0.14125327883151229,-0.1781057493664113,1.0032374144732275,-0.632834588424933,-0.1474557687191013
0.0,0.0,0.0,1.0,1.0,0.0,0.0,0.0,0.0,1.0,0.0,0.0,0.0,1.0,0.0,0.0,0.0,0.7884714959884594,-0.9133154657117952,1.3488474064399816,0.8464755313262055,-1.372406860458677,-0.32948439706364135,-0.6017779125037619,-0.14125327883151229,-0.1781057493664113,1.5876993797216516,1.580191756725731,-0.1474557687191013
0.0,0.0,0.0,1.0,0.0,1.0,0.0,0.0,1.0,0.0,0.0,0.0,0.0,0.0,0.0,0.0,1.0,-0.6457580187771894,-1.661336331946458,0.27252470061244755,0.36097002131392514,-0.7595320212586196,-1.2715545273957838,-0.6475775332438344,-0.14125327883151229,-0.1781057493664113,1.5876993797216516,1.580191756725731,-0.1474557687191013
0.0,1.0,0.0,0.0,0.0,1.0,0.0,0.0,0.0,0.0,1.0,0.0,0.0,0.0,0.0,0.0,1.0,-0.07206621287092989,-0.5014837528410258,1.6913137219305607,0.8464755313262055,-1.220835663667265,0.13006200797642814,-0.43002933472849025,-0.14125327883151229,-0.1781057493664113,-0.7501484812720451,-0.632834588424933,-0.1474557687191013
0.0,1.0,0.0,0.0,0.0,1.0,0.0,0.0,0.0,1.0,0.0,0.0,0.0,0.0,0.0,0.0,1.0,-0.6457580187771894,-0.6107452276842911,1.2020761283725907,-0.6100409987106356,-1.161525195357582,-0.09205208779293877,-0.4758289554685627,-0.14125327883151229,-0.1781057493664113,-0.7501484812720451,1.580191756725731,-0.1474557687191013
0.0,0.0,1.0,0.0,0.0,1.0,0.0,0.0,0.0,0.0,0.0,1.0,0.0,0.0,0.0,0.0,1.0,-0.7891809702537543,0.9021059624532295,1.4956186845073727,1.5261832453433977,-0.9160457570758387,1.3402008745819447,-0.6475775332438344,1.230225600857703,-0.1781057493664113,0.41877544922480325,-0.632834588424933,1.2226415555097168
0.0,0.0,1.0,0.0,0.0,1.0,1.0,0.0,0.0,0.0,0.0,0.0,0.0,0.0,1.0,0.0,0.0,-1.5062957276365787,0.9861532507942028,1.4956186845073727,-0.8042432027155477,0.19273049771351256,1.4167919420886228,-0.6475775332438344,-0.14125327883151229,-0.1781057493664113,0.12654446660059115,-0.632834588424933,-0.1474557687191013
0.0,0.0,0.0,1.0,0.0,1.0,0.0,0.0,0.0,0.0,1.0,0.0,0.0,0.0,1.0,0.0,0.0,-1.5062957276365787,-1.2495046190756887,1.5445424438631696,-0.1245354886983552,-1.9358563094006653,-0.5745758130850118,-0.6475775332438344,-0.14125327883151229,5.462738953656562,1.5876993797216516,-0.632834588424933,0.053491838834458745
1.0,0.0,0.0,0.0,0.0,1.0,0.0,0.0,0.0,0.0,1.0,0.0,0.0,0.0,1.0,0.0,0.0,-0.9326039217303193,-0.9469343810481845,-1.1951880800614625,-0.8042432027155477,0.9093986564555152,-1.2792136341464517,-0.6475775332438344,-0.14125327883151229,-0.1781057493664113,1.2954683970974397,-0.632834588424933,-0.1474557687191013
0.0,0.0,0.0,1.0,0.0,1.0,0.0,0.0,0.0,0.0,0.0,1.0,0.0,0.0,1.0,0.0,0.0,-1.362872776160014,-1.6697410607805554,-0.8527217645708836,0.7493744293237493,0.9258737865415383,-1.6928053986825142,-0.6475775332438344,-0.14125327883151229,-0.1781057493664113,1.5876993797216516,-0.632834588424933,-0.1474557687191013
0.0,0.0,1.0,0.0,0.0,1.0,0.0,0.0,0.0,1.0,0.0,0.0,0.0,0.0,0.0,1.0,0.0,1.0753173989415892,1.5240558961764321,0.17467718190085355,0.36097002131392514,0.6820418612683972,1.4321101555899585,0.07376649341230658,-0.14125327883151229,-0.1781057493664113,0.12654446660059115,1.580191756725731,-0.1474557687191013
0.0,0.0,0.0,1.0,1.0,0.0,0.0,0.0,0.0,0.0,1.0,0.0,0.0,0.0,0.0,1.0,0.0,1.0753173989415892,-1.0898147712278392,-1.8311969516868236,1.1377788373335735,0.9258737865415383,-1.8383284269452027,-0.6475775332438344,-0.14125327883151229,-0.1781057493664113,-1.3346104465204693,-0.632834588424933,-0.1474557687191013
0.0,1.0,0.0,0.0,0.0,1.0,0.0,1.0,0.0,0.0,0.0,0.0,0.0,0.0,1.0,0.0,0.0,-1.5062957276365787,0.24653711339363718,1.0063810909494026,-0.7071421007130917,-1.1895329165038213,0.6125857332685012,-0.6475775332438344,-0.14125327883151229,-0.1781057493664113,-0.7501484812720451,-0.632834588424933,-0.1474557687191013
1.0,0.0,0.0,0.0,0.0,1.0,0.0,0.0,0.0,0.0,0.0,1.0,0.0,0.0,1.0,0.0,0.0,-1.362872776160014,-0.7704350755321404,1.2999236470841846,-0.9013443047180038,-1.8765458410909823,-0.20693868905295615,-0.6475775332438344,-0.14125327883151229,-0.1781057493664113,1.2954683970974397,-0.632834588424933,-0.1474557687191013
0.0,0.0,0.0,1.0,0.0,1.0,1.0,0.0,0.0,0.0,0.0,0.0,0.0,1.0,0.0,0.0,0.0,0.6450485445118945,-1.0982195000619366,-1.0484168019940716,-1.095546508722916,-0.7315243001123805,-1.317509167899791,-0.49872876583859893,-0.14125327883151229,-0.1781057493664113,1.5876993797216516,-0.632834588424933,-0.1474557687191013
0.0,0.0,0.0,1.0,0.0,1.0,0.0,0.0,0.0,0.0,1.0,0.0,0.0,0.0,0.0,1.0,0.0,1.6490092048478489,-2.2076437061627847,-0.36348417101291347,-0.22163659070081138,0.8797434223006737,-1.95321502820522,-0.6475775332438344,-0.14125327883151229,-0.1781057493664113,-1.6268414291446816,-0.632834588424933,-0.1474557687191013
0.0,0.0,0.0,1.0,0.0,1.0,0.0,1.0,0.0,0.0,0.0,0.0,0.0,1.0,0.0,0.0,0.0,0.5016255930353297,-1.56047958593729,-1.2441118394172594,2.6913964693728705,0.9258737865415383,-1.8000328931918637,0.4058137437778318,-0.14125327883151229,-0.1781057493664113,1.5876993797216516,-0.632834588424933,-0.1474557687191013
0.0,0.0,0.0,1.0,0.0,1.0,0.0,1.0,0.0,0.0,0.0,0.0,0.0,1.0,0.0,0.0,0.0,0.7884714959884594,-0.6191499565183884,-1.0973405613498686,1.2348799393360297,-0.6013707724327984,-0.9575311506184029,0.005067062302197861,-0.14125327883151229,-0.1781057493664113,-1.3346104465204693,-0.632834588424933,-0.1474557687191013
0.0,0.0,0.0,1.0,0.0,1.0,0.0,0.0,0.0,0.0,0.0,0.0,1.0,0.0,0.0,0.0,1.0,-0.07206621287092989,-1.7790025356238206,-1.1462643207056655,0.06966671530655688,0.6062562628726911,-1.9302377079532167,0.4516133645179042,-0.14125327883151229,-0.1781057493664113,1.5876993797216516,-0.632834588424933,-0.1474557687191013
1.0,0.0,0.0,0.0,0.0,1.0,0.0,0.0,1.0,0.0,0.0,0.0,0.0,0.0,1.0,0.0,0.0,-1.362872776160014,0.5322978937529464,1.2999236470841846,-1.6781531207376523,0.15648521152426184,0.9572455370485534,-0.6475775332438344,-0.14125327883151229,-0.1781057493664113,0.7110064318490154,1.580191756725731,-0.1474557687191013
0.0,0.0,0.0,1.0,0.0,1.0,0.0,0.0,0.0,0.0,1.0,0.0,0.0,0.0,1.0,0.0,0.0,-1.076026873206884,-1.7285741626192368,-0.16778913358972547,-0.41583879470572344,0.8995135784039013,-1.4783504096638151,-0.6475775332438344,-0.14125327883151229,-0.1781057493664113,-1.6268414291446816,-0.632834588424933,-0.1474557687191013
0.0,1.0,0.0,0.0,0.0,1.0,0.0,1.0,0.0,0.0,0.0,0.0,0.0,0.0,0.0,1.0,0.0,1.0753173989415892,0.5407026225870439,-0.11886537423392847,-0.1245354886983552,0.2668685831006163,0.4670627050058125,-0.3155302828783092,-0.14125327883151229,-0.1781057493664113,-0.4579174986478331,-0.632834588424933,-0.1474557687191013
1.0,0.0,0.0,0.0,0.0,1.0,0.0,0.0,0.0,0.0,1.0,0.0,0.0,0.0,0.0,1.0,0.0,1.2187403504181542,1.011367437296495,0.6149910161030265,1.817486551350766,0.9258737865415383,1.1563823125659167,-0.6475775332438344,-0.14125327883151229,-0.1781057493664113,0.7110064318490154,-0.632834588424933,-0.1474557687191013
0.0,0.0,1.0,0.0,0.0,1.0,0.0,0.0,0.0,0.0,0.0,1.0,0.0,0.0,0.0,0.0,1.0,-0.3589121158240597,0.7844397587758666,0.17467718190085355,-0.8042432027155477,-1.1153948311167174,0.7964042952845289,0.4172636489628499,-0.14125327883151229,-0.1781057493664113,-0.16568651602362097,-0.632834588424933,-0.1474557687191013
0.0,1.0,0.0,0.0,0.0,1.0,0.0,0.0,0.0,0.0,1.0,0.0,0.0,0.0,0.0,0.0,1.0,-0.2154891643474948,0.061633079043495846,-0.9505692832824775,0.555172225318837,0.3640718506081523,-0.32948439706364135,1.7454526504249503,-0.14125327883151229,-0.1781057493664113,-0.7501484812720451,-0.632834588424933,-0.1474557687191013
0.0,0.0,1.0,0.0,0.0,1.0,1.0,0.0,0.0,0.0,0.0,0.0,0.0,0.0,0.0,0.0,1.0,-0.3589121158240597,0.8600823182827427,0.12575342254505653,-0.02743438669589927,0.9258737865415383,0.842358935788536,0.2684148815576145,-0.14125327883151229,-0.1781057493664113,0.12654446660059115,-0.632834588424933,-0.1474557687191013
0.0,0.0,0.0,1.0,0.0,1.0,0.0,0.0,0.0,0.0,1.0,0.0,0.0,0.0,0.0,0.0,1.0,-0.3589121158240597,-1.257909347909786,-0.36348417101291347,-0.8042432027155477,0.35583428556514074,-1.1490088193850985,0.01651696748721598,-0.14125327883151229,-0.1781057493664113,-1.3346104465204693,-0.632834588424933,-0.1474557687191013
1.0,0.0,0.0,0.0,0.0,1.0,0.0,0.0,1.0,0.0,0.0,0.0,0.0,0.0,1.0,0.0,0.0,-1.5062957276365787,0.8096539452781586,1.2020761283725907,-1.5810520187351962,0.8270230060253999,1.1717005260672526,-0.6475775332438344,-0.14125327883151229,-0.1781057493664113,0.7110064318490154,1.580191756725731,-0.1474557687191013
0.0,1.0,0.0,0.0,1.0,0.0,0.0,0.0,0.0,0.0,1.0,0.0,0.0,0.0,0.0,0.0,1.0,-0.5023350673006246,-0.9721485675504765,1.0553048503051996,1.429082143340942,-0.31635102194459963,-0.44437099832365873,-0.6017779125037619,-0.14125327883151229,-0.1781057493664113,-1.0423794638962574,-0.632834588424933,-0.1474557687191013
0.0,1.0,0.0,0.0,1.0,0.0,0.0,0.0,0.0,0.0,0.0,1.0,0.0,0.0,0.0,0.0,1.0,-0.3589121158240597,0.5238931649188493,0.17467718190085355,-0.9013443047180038,0.7512374076296939,0.574290199515162,0.65771165784823,-0.14125327883151229,-0.1781057493664113,-0.4579174986478331,-0.632834588424933,-0.1474557687191013
1.0,0.0,0.0,0.0,0.0,1.0,0.0,0.0,0.0,0.0,0.0,1.0,0.0,0.0,0.0,0.0,1.0,-0.6457580187771894,-0.2241277013158136,0.6149910161030265,-1.095546508722916,-1.4514874848715877,0.07644826072175336,-0.6475775332438344,-0.14125327883151229,-0.1781057493664113,1.0032374144732275,-0.632834588424933,-0.1474557687191013
0.0,0.0,0.0,1.0,1.0,0.0,0.0,0.0,0.0,0.0,1.0,0.0,0.0,0.0,0.0,1.0,0.0,0.9318944474650244,-1.005767482886866,-1.9779682297542145,0.7493744293237493,0.9258737865415383,-1.9072603877012133,-0.4185794295434721,-0.14125327883151229,-0.1781057493664113,-1.3346104465204693,-0.632834588424933,-0.1474557687191013
1.0,0.0,0.0,0.0,0.0,1.0,0.0,0.0,0.0,0.0,1.0,0.0,0.0,1.0,0.0,0.0,0.0,0.7884714959884594,-0.6107452276842911,-0.9994930426382745,-0.41583879470572344,0.38878454573718685,-0.8962582966130606,-0.6361276280588162,-0.14125327883151229,-0.1781057493664113,1.2954683970974397,-0.632834588424933,-0.1474557687191013
0.0,1.0,0.0,0.0,0.0,1.0,0.0,1.0,0.0,0.0,0.0,0.0,0.0,0.0,0.0,1.0,0.0,1.5055862533712838,-0.19050878597942422,-1.2441118394172594,-0.8042432027155477,0.9258737865415383,-0.6971215210956969,-0.6475775332438344,-0.14125327883151229,-0.1781057493664113,-0.7501484812720451,-0.632834588424933,-0.1474557687191013
1.0,0.0,0.0,0.0,0.0,1.0,0.0,0.0,1.0,0.0,0.0,0.0,0.0,0.0,1.0,0.0,0.0,-1.5062957276365787,0.30537021523231844,1.4956186845073727,0.6522733273212932,0.6194363669415095,0.8040634020351969,-0.6475775332438344,0.7730659742946313,-0.1781057493664113,1.0032374144732275,1.580191756725731,0.7659424474334442
0.0,0.0,1.0,0.0,0.0,1.0,0.0,0.0,0.0,0.0,1.0,0.0,0.0,0.0,1.0,0.0,0.0,-1.219449824683449,1.24669984465122,0.46821973803563555,-1.095546508722916,0.9258737865415383,1.3095644475792731,-0.6475775332438344,-0.14125327883151229,-0.1781057493664113,0.41877544922480325,-0.632834588424933,-0.1474557687191013
0.0,0.0,1.0,0.0,0.0,1.0,0.0,0.0,0.0,0.0,1.0,0.0,0.0,0.0,0.0,1.0,0.0,0.9318944474650244,1.6921504728583792,0.027905903833462538,0.06966671530655688,-0.6079608244672077,1.5087012230966368,0.4859630800729585,-0.14125327883151229,-0.1781057493664113,0.12654446660059115,-0.632834588424933,-0.1474557687191013
1.0,0.0,0.0,0.0,0.0,1.0,1.0,0.0,0.0,0.0,0.0,0.0,0.0,0.0,1.0,0.0,0.0,-1.219449824683449,-0.383817549163663,0.7617622941704176,-0.41583879470572344,0.9258737865415383,-0.01546102028626056,-0.6475775332438344,-0.14125327883151229,-0.1781057493664113,1.0032374144732275,-0.632834588424933,-0.1474557687191013
1.0,0.0,0.0,0.0,0.0,1.0,1.0,0.0,0.0,0.0,0.0,0.0,0.0,0.0,0.0,0.0,1.0,-0.7891809702537543,-0.5014837528410258,0.32144845996824456,-1.192647610725372,-1.1944754555296282,-0.2605524363076309,-0.6475775332438344,-0.14125327883151229,-0.1781057493664113,1.2954683970974397,-0.632834588424933,-0.1474557687191013
0.0,1.0,0.0,0.0,0.0,1.0,0.0,0.0,0.0,0.0,0.0,1.0,0.0,0.0,0.0,0.0,1.0,-0.6457580187771894,0.2633465710618318,1.0063810909494026,-0.5129398967081796,-1.9753966216071206,0.6279039467698369,-0.2353809465831824,-0.14125327883151229,-0.1781057493664113,-0.4579174986478331,-0.632834588424933,-0.1474557687191013
0.0,0.0,1.0,0.0,0.0,1.0,0.0,0.0,0.0,1.0,0.0,0.0,0.0,0.0,0.0,0.0,1.0,-0.6457580187771894,0.5491073514211414,0.8106860535262146,-0.8042432027155477,-0.912750731058634,0.8193816155365324,-0.16668151547307375,-0.14125327883151229,-0.1781057493664113,-0.16568651602362097,1.580191756725731,-0.1474557687191013
0.0,1.0,0.0,0.0,0.0,1.0,0.0,0.0,0.0,0.0,1.0,0.0,0.0,0.0,0.0,1.0,0.0,1.5055862533712838,-0.156889870643035,0.07682966318925954,0.555172225318837,0.4052596758232099,-0.04609744728893182,-0.6475775332438344,-0.14125327883151229,-0.1781057493664113,-0.4579174986478331,-0.632834588424933,-0.1474557687191013
1.0,0.0,0.0,0.0,0.0,1.0,0.0,0.0,0.0,1.0,0.0,0.0,0.0,0.0,1.0,0.0,0.0,-1.6497186791131437,-0.30817498965678697,1.2999236470841846,-1.095546508722916,-1.9721015955899162,0.1989939687324386,-0.6475775332438344,-0.14125327883151229,-0.1781057493664113,1.2954683970974397,1.580191756725731,-0.1474557687191013
1.0,0.0,0.0,0.0,0.0,1.0,0.0,0.0,0.0,0.0,0.0,1.0,0.0,0.0,1.0,0.0,0.0,-0.9326039217303193,0.34739385940280515,-0.21671289294552248,-0.41583879470572344,0.9258737865415383,0.2602668227377812,-0.6475775332438344,-0.14125327883151229,-0.1781057493664113,0.7110064318490154,-0.632834588424933,-0.1474557687191013
0.0,0.0,1.0,0.0,0.0,1.0,0.0,1.0,0.0,0.0,0.0,0.0,0.0,0.0,1.0,0.0,0.0,-1.6497186791131437,0.7003924704348932,-0.6570267271476955,-0.3187376927032675,0.8665633182318553,0.3521761037457951,-0.6475775332438344,-0.14125327883151229,-0.1781057493664113,-0.16568651602362097,-0.632834588424933,-0.1474557687191013
0.0,0.0,0.0,1.0,0.0,1.0,0.0,0.0,0.0,1.0,0.0,0.0,0.0,1.0,0.0,0.0,0.0,0.21477969008219988,-0.5266979393433178,1.1042286096609966,0.16676781730901283,-1.7266221573081726,-0.04609744728893182,0.03941677785725222,-0.14125327883151229,-0.1781057493664113,1.5876993797216516,1.580191756725731,-0.1474557687191013
0.0,0.0,1.0,0.0,0.0,1.0,0.0,0.0,0.0,0.0,1.0,0.0,0.0,0.0,0.0,0.0,1.0,-0.2154891643474948,1.5828889980151135,-0.36348417101291347,0.4580711233163813,0.8253754930167977,1.232973380072595,1.68820312449986,-0.14125327883151229,-0.1781057493664113,0.41877544922480325,-0.632834588424933,-0.1474557687191013
0.0,1.0,0.0,0.0,0.0,1.0,0.0,0.0,0.0,0.0,1.0,0.0,0.0,0.0,0.0,0.0,1.0,-0.3589121158240597,-0.8124587197026272,1.5445424438631696,-0.22163659070081138,-1.733212209342582,-0.1839613688009527,-0.40712952435845406,0.31590634773155957,-0.1781057493664113,-1.0423794638962574,-0.632834588424933,0.30924333935717147
0.0,0.0,0.0,1.0,0.0,1.0,0.0,1.0,0.0,0.0,0.0,0.0,0.0,0.0,0.0,1.0,0.0,1.0753173989415892,-1.7958119932920156,-1.4398068768404475,2.302992061363046,0.9258737865415383,-2.1063971632185767,-0.6475775332438344,-0.14125327883151229,-0.1781057493664113,-1.3346104465204693,-0.632834588424933,-0.1474557687191013
1.0,0.0,0.0,0.0,0.0,1.0,0.0,0.0,0.0,0.0,0.0,0.0,1.0,0.0,0.0,1.0,0.0,1.6490092048478489,-0.1736993283112296,0.7617622941704176,-1.5810520187351962,0.6243789059673165,0.16835754172976727,-0.6475775332438344,-0.14125327883151229,-0.1781057493664113,1.0032374144732275,-0.632834588424933,-0.1474557687191013
0.0,0.0,1.0,0.0,0.0,1.0,0.0,0.0,0.0,0.0,0.0,0.0,1.0,0.0,0.0,0.0,1.0,-0.6457580187771894,1.2719140311535122,0.46821973803563555,-1.192647610725372,0.5107005083737574,1.3325417678312768,-0.33843009324834533,-0.14125327883151229,-0.1781057493664113,0.41877544922480325,-0.632834588424933,-0.1474557687191013
0.0,0.0,1.0,0.0,0.0,1.0,0.0,0.0,0.0,0.0,0.0,1.0,0.0,1.0,0.0,0.0,0.0,0.5016255930353297,1.5828889980151135,-0.36348417101291347,1.5261832453433977,0.044454326939305115,1.232973380072595,2.798843927446616,-0.14125327883151229,-0.1781057493664113,0.12654446660059115,-0.632834588424933,-0.1474557687191013
0.0,0.0,1.0,0.0,0.0,1.0,0.0,0.0,0.0,1.0,0.0,0.0,0.0,0.0,0.0,1.0,0.0,1.362163301894719,1.3307471329921934,1.2020761283725907,-1.3868498147302841,0.018094118801668238,1.6389060378579898,-0.6475775332438344,-0.14125327883151229,-0.1781057493664113,0.41877544922480325,1.580191756725731,-0.1474557687191013
1.0,0.0,0.0,0.0,0.0,1.0,0.0,0.0,0.0,0.0,1.0,0.0,0.0,0.0,0.0,0.0,1.0,-0.07206621287092989,-0.11486622647254834,-1.0973405613498686,2.497194265367958,0.9258737865415383,-0.5515984928330082,1.9630008489402944,-0.14125327883151229,-0.1781057493664113,1.0032374144732275,-0.632834588424933,-0.1474557687191013
0.0,1.0,0.0,0.0,0.0,1.0,0.0,0.0,0.0,1.0,0.0,0.0,0.0,0.0,0.0,0.0,1.0,-0.7891809702537543,-0.37541282032956574,1.8380849999979516,-0.9984454067204599,-2.000109316736155,0.27558503623911684,-0.6475775332438344,0.041610571793716446,-0.1781057493664113,-1.0423794638962574,1.580191756725731,0.03522387451140782
1.0,0.0,0.0,0.0,0.0,1.0,1.0,0.0,0.0,0.0,0.0,0.0,0.0,0.0,1.0,0.0,0.0,-1.5062957276365787,0.28856075756412386,-0.2656366523013195,-0.22163659070081138,0.9258737865415383,0.19133486198177074,-0.6475775332438344,-0.14125327883151229,-0.1781057493664113,0.7110064318490154,-0.632834588424933,-0.1474557687191013
0.0,1.0,0.0,0.0,1.0,0.0,0.0,0.0,0.0,0.0,0.0,1.0,0.0,1.0,0.0,0.0,0.0,0.5016255930353297,0.8432728606145482,0.12575342254505653,0.7493744293237493,-1.45313499788019,0.8270407222872002,1.0699082445088821,-0.14125327883151229,-0.1781057493664113,-0.4579174986478331,-0.632834588424933,-0.1474557687191013
1.0,0.0,0.0,0.0,0.0,1.0,0.0,0.0,0.0,1.0,0.0,0.0,0.0,1.0,0.0,0.0,0.0,0.21477969008219988,1.297128217655804,-0.8037980052150865,-0.02743438669589927,0.9093986564555152,0.7657678682818577,2.71869459115149,-0.14125327883151229,-0.1781057493664113,0.7110064318490154,1.580191756725731,-0.1474557687191013
0.0,0.0,1.0,0.0,0.0,1.0,0.0,0.0,0.0,0.0,0.0,0.0,1.0,0.0,0.0,0.0,1.0,-0.2154891643474948,1.1122241833056628,1.5934662032189666,-1.095546508722916,-1.1351649872199452,1.5623149703513115,0.07376649341230658,0.31590634773155957,-0.1781057493664113,0.12654446660059115,-0.632834588424933,0.30924333935717147
0.0,0.0,0.0,1.0,0.0,1.0,0.0,0.0,1.0,0.0,0.0,0.0,0.0,1.0,0.0,0.0,0.0,0.5016255930353297,-0.37541282032956574,0.27252470061244755,-0.22163659070081138,-1.9259712313490516,-0.16864315529961704,0.005067062302197861,-0.14125327883151229,-0.1781057493664113,1.5876993797216516,1.580191756725731,-0.1474557687191013
0.0,0.0,0.0,1.0,0.0,1.0,1.0,0.0,0.0,0.0,0.0,0.0,0.0,1.0,0.0,0.0,0.0,0.07135673860563499,-0.736816160195751,-1.4887306361962445,-0.22163659070081138,0.6919269393200109,-1.2945318476477874,0.47451317488794037,-0.14125327883151229,-0.1781057493664113,-1.6268414291446816,-0.632834588424933,-0.1474557687191013
0.0,1.0,0.0,0.0,0.0,1.0,0.0,0.0,0.0,0.0,0.0,1.0,0.0,0.0,0.0,0.0,1.0,-0.3589121158240597,0.4566553342460706,-0.36348417101291347,-0.3187376927032675,0.8517357011544345,0.29090324974045245,1.3447059689493168,-0.14125327883151229,-0.1781057493664113,-0.4579174986478331,-0.632834588424933,-0.1474557687191013
0.0,0.0,0.0,1.0,0.0,1.0,0.0,1.0,0.0,0.0,0.0,0.0,0.0,1.0,0.0,0.0,0.0,0.21477969008219988,-1.5520748571031928,-1.2930355987730566,3.274003081387607,0.902808604421106,-1.8230102134438673,0.7722107096984112,-0.14125327883151229,-0.1781057493664113,1.5876993797216516,-0.632834588424933,-0.1474557687191013
1.0,0.0,0.0,0.0,0.0,1.0,1.0,0.0,0.0,0.0,0.0,0.0,0.0,1.0,0.0,0.0,0.0,0.5016255930353297,0.338989130568708,-1.2441118394172594,0.36097002131392514,0.8089003629307746,-0.2835297565596344,1.68820312449986,-0.14125327883151229,-0.1781057493664113,1.0032374144732275,-0.632834588424933,-0.1474557687191013
0.0,1.0,0.0,0.0,0.0,1.0,1.0,0.0,0.0,0.0,0.0,0.0,0.0,0.0,0.0,0.0,1.0,-0.07206621287092989,-1.0898147712278392,-1.3908831174846505,0.06966671530655688,0.33276910344470845,-1.5089868366664865,1.8599517022751317,-0.14125327883151229,-0.1781057493664113,-1.0423794638962574,-0.632834588424933,-0.1474557687191013
0.0,0.0,0.0,1.0,0.0,1.0,1.0,0.0,0.0,0.0,0.0,0.0,0.0,1.0,0.0,0.0,0.0,0.5016255930353297,-0.9217201945458926,-1.0973405613498686,1.429082143340942,0.9258737865415383,-1.2026225666397736,-0.02928265325285637,-0.14125327883151229,-0.1781057493664113,1.5876993797216516,-0.632834588424933,-0.1474557687191013
0.0,0.0,1.0,0.0,0.0,1.0,0.0,0.0,0.0,0.0,1.0,0.0,0.0,0.0,1.0,0.0,0.0,-1.5062957276365787,0.7676303011076719,1.2509998877283877,-1.3868498147302841,-1.3641692954156657,1.148723205815249,-0.6475775332438344,-0.14125327883151229,-0.1781057493664113,-0.16568651602362097,-0.632834588424933,-0.1474557687191013
1.0,0.0,0.0,0.0,0.0,1.0,0.0,0.0,0.0,0.0,0.0,1.0,0.0,1.0,0.0,0.0,0.0,0.5016255930353297,1.0954147256374682,-0.7548742458592895,1.0406777353311174,0.5716584896920427,0.6279039467698369,1.2073071067290995,-0.14125327883151229,-0.1781057493664113,0.7110064318490154,-0.632834588424933,-0.1474557687191013
0.0,1.0,0.0,0.0,0.0,1.0,1.0,0.0,0.0,0.0,0.0,0.0,0.0,0.0,0.0,0.0,1.0,-0.5023350673006246,-0.0056047516292829025,-0.21671289294552248,-0.5129398967081796,-1.1532876303145705,-0.038438340538264025,0.13101601933739718,-0.14125327883151229,-0.1781057493664113,-0.7501484812720451,-0.632834588424933,-0.1474557687191013
1.0,0.0,0.0,0.0,0.0,1.0,0.0,0.0,0.0,0.0,1.0,0.0,0.0,0.0,0.0,1.0,0.0,0.9318944474650244,0.7928444876099641,-0.9994930426382745,-0.9013443047180038,0.9258737865415383,0.23728950248577774,-0.29263047250827295,-0.14125327883151229,-0.1781057493664113,0.7110064318490154,-0.632834588424933,-0.1474557687191013
0.0,0.0,0.0,1.0,0.0,1.0,1.0,0.0,0.0,0.0,0.0,0.0,0.0,0.0,1.0,0.0,0.0,-0.9326039217303193,-1.4512181110940245,-0.7059504865034925,-0.6100409987106356,-0.3987266723747149,-1.4477139826611438,-0.6475775332438344,-0.14125327883151229,-0.1781057493664113,-1.3346104465204693,-0.632834588424933,-0.1474557687191013
0.0,0.0,1.0,0.0,0.0,1.0,1.0,0.0,0.0,0.0,0.0,0.0,0.0,1.0,0.0,0.0,0.0,0.5016255930353297,1.717364659360671,-1.5865781549078386,0.36097002131392514,0.9258737865415383,0.535994665761823,2.6728949704114178,-0.14125327883151229,-0.1781057493664113,0.41877544922480325,-0.632834588424933,-0.1474557687191013
0.0,1.0,0.0,0.0,0.0,1.0,0.0,0.0,0.0,0.0,0.0,0.0,1.0,0.0,0.0,0.0,1.0,-0.5023350673006246,-0.40062700683185765,-1.0973405613498686,-1.095546508722916,-0.16972236417899453,-0.7813716953530432,0.2913146919276506,-0.14125327883151229,-0.1781057493664113,-0.7501484812720451,-0.632834588424933,-0.1474557687191013
0.0,0.0,1.0,0.0,0.0,1.0,0.0,0.0,1.0,0.0,0.0,0.0,0.0,0.0,0.0,0.0,1.0,-0.07206621287092989,1.6669362863560868,-0.6570267271476955,0.36097002131392514,-0.6886889618887205,1.148723205815249,2.466796677081092,-0.14125327883151229,-0.1781057493664113,0.12654446660059115,1.580191756725731,-0.1474557687191013
1.0,0.0,0.0,0.0,0.0,1.0,0.0,0.0,1.0,0.0,0.0,0.0,0.0,0.0,0.0,0.0,1.0,-0.5023350673006246,-1.0646005847255473,1.8380849999979516,1.3319810413384858,-2.3147843013791953,-0.3371435038143092,-0.6475775332438344,-0.14125327883151229,10.077975528857175,1.2954683970974397,1.580191756725731,0.2179035177419169
0.0,0.0,0.0,1.0,1.0,0.0,1.0,0.0,0.0,0.0,0.0,0.0,0.0,1.0,0.0,0.0,0.0,0.21477969008219988,-0.8040539908685298,-2.0268919891100117,1.429082143340942,0.8780959092920714,-1.8076919999425316,1.87140160746015,-0.14125327883151229,-0.1781057493664113,-1.3346104465204693,-0.632834588424933,-0.1474557687191013
1.0,0.0,0.0,0.0,0.0,1.0,0.0,1.0,0.0,0.0,0.0,0.0,0.0,0.0,0.0,1.0,0.0,1.5055862533712838,0.6499640974303094,0.32144845996824456,-0.8042432027155477,0.9258737865415383,0.7351314412791863,-0.6475775332438344,-0.14125327883151229,-0.1781057493664113,0.7110064318490154,-0.632834588424933,-0.1474557687191013
1.0,0.0,0.0,0.0,1.0,0.0,0.0,0.0,0.0,0.0,0.0,1.0,0.0,0.0,0.0,1.0,0.0,1.6490092048478489,0.3642033170709998,-0.4613316897245075,-0.5129398967081796,0.9258737865415383,0.16835754172976727,-0.6475775332438344,-0.14125327883151229,-0.1781057493664113,0.7110064318490154,-0.632834588424933,-0.1474557687191013
0.0,1.0,0.0,0.0,0.0,1.0,0.0,0.0,0.0,1.0,0.0,0.0,0.0,0.0,0.0,0.0,1.0,-0.07206621287092989,0.3642033170709998,-0.21671289294552248,-0.8042432027155477,0.6622717051651694,0.27558503623911684,-0.06363236880791073,-0.14125327883151229,-0.1781057493664113,-0.7501484812720451,1.580191756725731,-0.1474557687191013
0.0,1.0,0.0,0.0,0.0,1.0,0.0,0.0,0.0,0.0,1.0,0.0,0.0,1.0,0.0,0.0,0.0,0.3582026415587648,0.5995357244257252,-0.5591792084361015,0.6522733273212932,-1.4778476930092246,0.3215396767431238,1.9859006593103308,-0.14125327883151229,-0.1781057493664113,-1.0423794638962574,-0.632834588424933,-0.1474557687191013
1.0,0.0,0.0,0.0,0.0,1.0,0.0,0.0,0.0,0.0,0.0,1.0,0.0,0.0,1.0,0.0,0.0,-0.9326039217303193,-0.257746616652203,0.7128385348146206,-1.192647610725372,-1.3921770165619047,0.07644826072175336,-0.6475775332438344,-0.14125327883151229,-0.1781057493664113,1.0032374144732275,-0.632834588424933,-0.1474557687191013
0.0,0.0,0.0,1.0,0.0,1.0,0.0,0.0,0.0,1.0,0.0,0.0,0.0,0.0,0.0,0.0,1.0,-0.3589121158240597,-1.4175991957576355,-0.4613316897245075,-0.1245354886983552,-0.11041189586931155,-1.317509167899791,-0.44147923991350835,-0.14125327883151229,-0.1781057493664113,-1.6268414291446816,1.580191756725731,-0.1474557687191013
1.0,0.0,0.0,0.0,0.0,1.0,1.0,0.0,0.0,0.0,0.0,0.0,0.0,0.0,0.0,1.0,0.0,1.5055862533712838,0.5659168090893361,-0.36348417101291347,-0.5129398967081796,0.9258737865415383,0.38281253074846644,-0.6475775332438344,-0.14125327883151229,-0.1781057493664113,0.7110064318490154,-0.632834588424933,-0.1474557687191013
1.0,0.0,0.0,0.0,0.0,1.0,0.0,0.0,0.0,0.0,0.0,0.0,1.0,0.0,1.0,0.0,0.0,-1.5062957276365787,-0.09805676880435357,0.8596098128820115,-0.3187376927032675,-1.8979635102028123,0.2602668227377812,-0.6475775332438344,-0.14125327883151229,-0.1781057493664113,1.2954683970974397,-0.632834588424933,-0.1474557687191013
0.0,0.0,1.0,0.0,0.0,1.0,0.0,0.0,0.0,0.0,0.0,1.0,0.0,0.0,0.0,1.0,0.0,1.0753173989415892,1.8350308630380336,-0.5591792084361015,0.6522733273212932,0.9258737865415383,1.3478599813326124,-0.16668151547307375,-0.14125327883151229,-0.1781057493664113,0.12654446660059115,-0.632834588424933,-0.1474557687191013
0.0,0.0,1.0,0.0,0.0,1.0,0.0,1.0,0.0,0.0,0.0,0.0,0.0,0.0,0.0,1.0,0.0,1.362163301894719,0.9021059624532295,-0.5102554490803045,0.263868919311469,0.9258737865415383,0.5972675197671654,-0.6475775332438344,-0.14125327883151229,-0.1781057493664113,-0.16568651602362097,-0.632834588424933,-0.1474557687191013
0.0,0.0,1.0,0.0,0.0,1.0,0.0,0.0,0.0,0.0,1.0,0.0,0.0,0.0,1.0,0.0,0.0,-1.5062957276365787,1.5492700826787242,0.5171434973914326,-0.22163659070081138,0.12188743834361344,1.5929513973539828,-0.6475775332438344,-0.14125327883151229,-0.1781057493664113,0.41877544922480325,-0.632834588424933,-0.1474557687191013
0.0,1.0,0.0,0.0,0.0,1.0,0.0,0.0,1.0,0.0,0.0,0.0,0.0,1.0,0.0,0.0,0.0,0.21477969008219988,0.5238931649188493,-1.0484168019940716,1.2348799393360297,-0.2982283788499743,-0.007801913535592693,2.249248478565747,-0.14125327883151229,-0.1781057493664113,-1.0423794638962574,1.580191756725731,-0.1474557687191013
1.0,0.0,0.0,0.0,0.0,1.0,0.0,1.0,0.0,0.0,0.0,0.0,0.0,0.0,0.0,0.0,1.0,-0.6457580187771894,0.0027999772048144037,-0.021017855522334466,0.36097002131392514,0.9209312475157313,0.05347094046974989,-0.61322781768878,-0.14125327883151229,-0.1781057493664113,1.0032374144732275,-0.632834588424933,-0.1474557687191013
0.0,0.0,1.0,0.0,0.0,1.0,0.0,0.0,0.0,0.0,0.0,1.0,0.0,0.0,1.0,0.0,0.0,-1.6497186791131437,0.7087971992689907,0.22360094125665056,-0.7071421007130917,0.497520404304939,0.750449654780522,-0.6475775332438344,-0.14125327883151229,-0.1781057493664113,-0.16568651602362097,-0.632834588424933,-0.1474557687191013
0.0,0.0,0.0,1.0,0.0,1.0,0.0,0.0,1.0,0.0,0.0,0.0,0.0,0.0,1.0,0.0,0.0,-1.076026873206884,-1.6361221454441663,-0.6081029677918985,-0.9013443047180038,0.9143411954813221,-1.5626005839211612,-0.6475775332438344,-0.14125327883151229,-0.1781057493664113,-1.6268414291446816,1.580191756725731,-0.1474557687191013
1.0,0.0,0.0,0.0,0.0,1.0,0.0,0.0,0.0,1.0,0.0,0.0,0.0,0.0,0.0,1.0,0.0,1.6490092048478489,-0.5687215835138044,0.17467718190085355,-1.6781531207376523,0.9143411954813221,-0.3601208240663127,-0.6475775332438344,-0.14125327883151229,-0.1781057493664113,1.2954683970974397,1.580191756725731,-0.1474557687191013
0.0,0.0,0.0,1.0,0.0,1.0,1.0,0.0,0.0,0.0,0.0,0.0,0.0,0.0,1.0,0.0,0.0,-1.076026873206884,-1.6025032301077768,-1.0973405613498686,0.555172225318837,0.9258737865415383,-1.7540782526878569,-0.6475775332438344,-0.14125327883151229,-0.1781057493664113,1.5876993797216516,-0.632834588424933,-0.1474557687191013
0.0,0.0,0.0,1.0,0.0,1.0,0.0,0.0,0.0,0.0,0.0,1.0,0.0,1.0,0.0,0.0,0.0,0.5016255930353297,-1.157052601900618,-1.4887306361962445,-1.6781531207376523,0.9258737865415383,-1.6238734379265036,-0.6475775332438344,-0.14125327883151229,-0.1781057493664113,1.5876993797216516,-0.632834588424933,-0.1474557687191013
0.0,0.0,1.0,0.0,0.0,1.0,0.0,0.0,0.0,1.0,0.0,0.0,0.0,1.0,0.0,0.0,0.0,0.21477969008219988,1.238295115817123,-0.21671289294552248,1.72038544934831,0.9258737865415383,1.018518391053896,0.6691615630332481,-0.14125327883151229,-0.1781057493664113,0.41877544922480325,1.580191756725731,-0.1474557687191013
1.0,0.0,0.0,0.0,0.0,1.0,0.0,0.0,1.0,0.0,0.0,0.0,0.0,0.0,1.0,0.0,0.0,-1.219449824683449,0.31377494406641593,1.5445424438631696,1.5261832453433977,0.26851609610921856,0.8270407222872002,-0.6475775332438344,1.6873852274207748,-0.1781057493664113,1.0032374144732275,1.580191756725731,1.6793406635859895
0.0,1.0,0.0,0.0,0.0,1.0,0.0,0.0,0.0,0.0,0.0,0.0,1.0,1.0,0.0,0.0,0.0,0.3582026415587648,0.7592255722735748,-1.7822731923310267,0.36097002131392514,0.05269189198231664,-0.3754390375676483,2.924792884481816,-0.14125327883151229,-0.1781057493664113,-0.7501484812720451,-0.632834588424933,-0.1474557687191013
0.0,1.0,0.0,0.0,0.0,1.0,0.0,0.0,0.0,0.0,0.0,1.0,0.0,0.0,1.0,0.0,0.0,-1.362872776160014,-0.35860336266137094,-0.7548742458592895,-0.7071421007130917,0.08564215215436274,-0.566916706334344,-0.6475775332438344,-0.14125327883151229,-0.1781057493664113,-0.7501484812720451,-0.632834588424933,-0.1474557687191013
0.0,1.0,0.0,0.0,0.0,1.0,0.0,0.0,0.0,0.0,1.0,0.0,0.0,0.0,1.0,0.0,0.0,-1.362872776160014,-0.35860336266137094,-0.4613316897245075,-0.9984454067204599,-0.2735156837209397,-0.42905278482232306,-0.6475775332438344,-0.14125327883151229,-0.1781057493664113,-0.7501484812720451,-0.632834588424933,-0.1474557687191013
0.0,0.0,1.0,0.0,0.0,1.0,0.0,0.0,0.0,0.0,0.0,1.0,0.0,1.0,0.0,0.0,0.0,0.7884714959884594,1.263509302319415,-1.0484168019940716,1.817486551350766,-0.15159972108436917,0.5896084130164977,1.138607675618991,-0.14125327883151229,-0.1781057493664113,-0.16568651602362097,-0.632834588424933,-0.1474557687191013
1.0,0.0,0.0,0.0,0.0,1.0,0.0,0.0,1.0,0.0,0.0,0.0,0.0,1.0,0.0,0.0,0.0,0.3582026415587648,0.42303641890968136,-1.6844256736194325,0.6522733273212932,0.25698350504900247,-0.5439393860823405,1.6080537882047332,-0.14125327883151229,-0.1781057493664113,1.2954683970974397,1.580191756725731,-0.1474557687191013
0.0,0.0,0.0,1.0,0.0,1.0,0.0,0.0,0.0,0.0,0.0,1.0,0.0,0.0,1.0,0.0,0.0,-1.362872776160014,-1.7285741626192368,0.32144845996824456,2.108789857358134,0.9258737865415383,-1.317509167899791,-0.6475775332438344,-0.14125327883151229,2.3859145701894855,-1.6268414291446816,-0.632834588424933,-0.05611594710384673
0.0,0.0,1.0,0.0,0.0,1.0,0.0,0.0,0.0,0.0,0.0,0.0,1.0,0.0,0.0,1.0,0.0,1.2187403504181542,1.6921504728583792,-0.36348417101291347,-0.7071421007130917,0.9258737865415383,1.324882661080609,-0.6246777228737981,-0.14125327883151229,-0.1781057493664113,0.41877544922480325,-0.632834588424933,-0.1474557687191013
0.0,1.0,0.0,0.0,0.0,1.0,0.0,0.0,0.0,0.0,0.0,1.0,0.0,0.0,0.0,0.0,1.0,-0.2154891643474948,-0.18210405714532693,-0.9016455239266805,-1.192647610725372,-1.1928279425210258,-0.4903256388276657,-0.01783274806783825,-0.14125327883151229,-0.1781057493664113,-1.0423794638962574,-0.632834588424933,-0.1474557687191013
1.0,0.0,0.0,0.0,0.0,1.0,0.0,1.0,0.0,0.0,0.0,0.0,0.0,0.0,0.0,0.0,1.0,-0.7891809702537543,-0.4930790240069284,1.2020761283725907,-0.9013443047180038,-1.3213339571920057,0.0075162999657429706,-0.6475775332438344,-0.14125327883151229,-0.1781057493664113,1.2954683970974397,-0.632834588424933,-0.1474557687191013
0.0,1.0,0.0,0.0,0.0,1.0,1.0,0.0,0.0,0.0,0.0,0.0,0.0,0.0,0.0,1.0,0.0,1.362163301894719,0.5154884360847519,-0.4124079303687105,-0.22163659070081138,-0.9819462774199308,0.3215396767431238,-0.6475775332438344,-0.14125327883151229,-0.1781057493664113,-0.7501484812720451,-0.632834588424933,-0.1474557687191013
0.0,0.0,0.0,1.0,0.0,1.0,0.0,1.0,0.0,0.0,0.0,0.0,0.0,0.0,1.0,0.0,0.0,-1.219449824683449,-1.5436701282690954,0.8596098128820115,-0.7071421007130917,-1.1055097530651037,-1.00348579112241,-0.6475775332438344,0.1330424971063308,1.103904410411537,1.5876993797216516,-0.632834588424933,0.1722336069342896
1.0,0.0,0.0,0.0,0.0,1.0,1.0,0.0,0.0,0.0,0.0,0.0,0.0,0.0,0.0,0.0,1.0,-0.3589121158240597,0.691987741600796,0.22360094125665056,0.9435766333286616,0.8748008832748668,0.7351314412791863,0.6691615630332481,-0.14125327883151229,-0.1781057493664113,0.7110064318490154,-0.632834588424933,-0.1474557687191013
0.0,0.0,0.0,1.0,0.0,1.0,0.0,1.0,0.0,0.0,0.0,0.0,0.0,0.0,1.0,0.0,0.0,-1.362872776160014,-1.0309816693891578,-0.8037980052150865,-1.192647610725372,-0.2685731446951328,-1.141349712634431,-0.6475775332438344,-0.14125327883151229,-0.1781057493664113,-1.6268414291446816,-0.632834588424933,-0.1474557687191013
1.0,0.0,0.0,0.0,0.0,1.0,0.0,0.0,1.0,0.0,0.0,0.0,0.0,0.0,1.0,0.0,0.0,-1.5062957276365787,-0.18210405714532693,0.6639147754588236,-1.6781531207376523,0.8698583442490598,0.13006200797642814,-0.6475775332438344,-0.14125327883151229,-0.1781057493664113,1.0032374144732275,1.580191756725731,-0.1474557687191013
0.0,1.0,0.0,0.0,0.0,1.0,1.0,0.0,0.0,0.0,0.0,0.0,0.0,0.0,0.0,1.0,0.0,1.362163301894719,0.2213229268913451,-0.36348417101291347,0.16676781730901283,-1.0412567457296138,0.09176647422308902,-0.6475775332438344,-0.14125327883151229,-0.1781057493664113,-0.7501484812720451,-0.632834588424933,-0.1474557687191013
0.0,0.0,0.0,1.0,0.0,1.0,0.0,0.0,0.0,0.0,0.0,1.0,0.0,0.0,0.0,0.0,1.0,-0.7891809702537543,-1.5688843147713871,-0.31456041165711646,1.9145876533532222,0.5716584896920427,-1.394100235406469,-0.6475775332438344,-0.14125327883151229,2.1295125382338953,-1.6268414291446816,-0.632834588424933,-0.0652499292653722
0.0,0.0,1.0,0.0,0.0,1.0,0.0,0.0,1.0,0.0,0.0,0.0,0.0,1.0,0.0,0.0,0.0,0.21477969008219988,1.0533910814669816,1.3977711657957785,-0.02743438669589927,-1.7266221573081726,1.4474283690912941,0.1653657348924514,3.0588641071099905,-0.1781057493664113,-0.16568651602362097,1.580191756725731,3.049437987814808
0.0,1.0,0.0,0.0,0.0,1.0,0.0,0.0,1.0,0.0,0.0,0.0,0.0,0.0,1.0,0.0,0.0,-1.362872776160014,-0.08965203997025627,0.8596098128820115,-0.7071421007130917,-1.771105008540435,0.267925929488449,-0.6475775332438344,-0.14125327883151229,-0.1781057493664113,-0.7501484812720451,1.580191756725731,-0.1474557687191013
0.0,0.0,1.0,0.0,0.0,1.0,0.0,0.0,0.0,0.0,0.0,0.0,1.0,0.0,1.0,0.0,0.0,-1.076026873206884,0.9441296066237161,1.2020761283725907,-0.9984454067204599,-1.3460466523210401,1.2942462340779375,-0.6475775332438344,-0.14125327883151229,-0.1781057493664113,0.12654446660059115,-0.632834588424933,-0.1474557687191013
1.0,0.0,0.0,0.0,0.0,1.0,0.0,1.0,0.0,0.0,0.0,0.0,0.0,0.0,0.0,0.0,1.0,-0.5023350673006246,-0.8040539908685298,0.6149910161030265,-0.9013443047180038,-0.7908347684220635,-0.4213936780716553,-0.5788781021337256,-0.14125327883151229,-0.1781057493664113,1.2954683970974397,-0.632834588424933,-0.1474557687191013
0.0,1.0,0.0,0.0,0.0,1.0,0.0,0.0,0.0,0.0,0.0,0.0,1.0,0.0,1.0,0.0,0.0,-1.6497186791131437,0.22972765572544257,1.8870087593537486,0.6522733273212932,-2.0709523761060544,0.842358935788536,-0.6475775332438344,3.0588641071099905,-0.1781057493664113,-0.4579174986478331,-0.632834588424933,3.049437987814808
1.0,0.0,0.0,0.0,0.0,1.0,0.0,0.0,0.0,0.0,0.0,1.0,0.0,0.0,0.0,0.0,1.0,-0.3589121158240597,-0.11486622647254834,0.9085335722378086,-0.9013443047180038,-1.7200321052737635,0.2602668227377812,-0.3613299036183816,-0.14125327883151229,-0.1781057493664113,1.0032374144732275,-0.632834588424933,-0.1474557687191013
0.0,0.0,0.0,1.0,0.0,1.0,0.0,0.0,0.0,0.0,1.0,0.0,0.0,0.0,0.0,0.0,1.0,-0.07206621287092989,-1.358766093918954,-0.9505692832824775,-0.5129398967081796,0.09387971719737426,-1.486009516414483,1.1157078652489545,-0.14125327883151229,-0.1781057493664113,-1.3346104465204693,-0.632834588424933,-0.1474557687191013
0.0,0.0,0.0,1.0,0.0,1.0,0.0,0.0,0.0,0.0,1.0,0.0,0.0,1.0,0.0,0.0,0.0,0.07135673860563499,-1.3419566362507593,-1.2441118394172594,-0.8042432027155477,0.6177888539329072,-1.6238734379265036,0.4058137437778318,-0.14125327883151229,-0.1781057493664113,-1.6268414291446816,-0.632834588424933,-0.1474557687191013
0.0,0.0,0.0,1.0,0.0,1.0,0.0,1.0,0.0,0.0,0.0,0.0,0.0,0.0,1.0,0.0,0.0,-1.362872776160014,-1.9555018411398648,-0.5591792084361015,-0.8042432027155477,0.6095512888898957,-1.8076919999425316,-0.6475775332438344,-0.14125327883151229,-0.1781057493664113,-1.6268414291446816,-0.632834588424933,-0.1474557687191013
1.0,0.0,0.0,0.0,0.0,1.0,0.0,0.0,0.0,0.0,1.0,0.0,0.0,0.0,0.0,0.0,1.0,-0.07206621287092989,0.16248982505266382,-0.31456041165711646,-0.3187376927032675,0.9258737865415383,0.06878915397108556,1.0699082445088821,-0.14125327883151229,-0.1781057493664113,1.0032374144732275,-0.632834588424933,-0.1474557687191013
1.0,0.0,0.0,0.0,0.0,1.0,1.0,0.0,0.0,0.0,0.0,0.0,0.0,0.0,0.0,1.0,0.0,1.6490092048478489,-0.11486622647254834,0.5660672567472296,-0.02743438669589927,0.9258737865415383,0.16069843497909947,-0.6475775332438344,-0.14125327883151229,-0.1781057493664113,1.0032374144732275,-0.632834588424933,-0.1474557687191013
0.0,1.0,0.0,0.0,0.0,1.0,0.0,0.0,1.0,0.0,0.0,0.0,0.0,0.0,0.0,0.0,1.0,-0.2154891643474948,0.42303641890968136,-0.6081029677918985,1.1377788373335735,0.5222330994339736,0.1453802214777638,1.8370518919050953,-0.14125327883151229,-0.1781057493664113,-0.4579174986478331,1.580191756725731,-0.1474557687191013
0.0,1.0,0.0,0.0,0.0,1.0,0.0,0.0,0.0,0.0,0.0,0.0,1.0,1.0,0.0,0.0,0.0,0.3582026415587648,0.3726080459050972,1.7402374812863577,-1.3868498147302841,-1.6508365589124667,0.9342682167965498,-0.24683085176820052,-0.14125327883151229,-0.1781057493664113,-0.4579174986478331,-0.632834588424933,-0.1474557687191013
0.0,1.0,0.0,0.0,0.0,1.0,0.0,0.0,0.0,1.0,0.0,0.0,0.0,0.0,1.0,0.0,0.0,-1.5062957276365787,-0.5014837528410258,0.9574573315936056,1.817486551350766,0.36901438963395916,-0.06141566079026748,-0.6475775332438344,-0.14125327883151229,-0.1781057493664113,-0.7501484812720451,1.580191756725731,-0.1474557687191013
0.0,0.0,1.0,0.0,0.0,1.0,1.0,0.0,0.0,0.0,0.0,0.0,0.0,1.0,0.0,0.0,0.0,0.6450485445118945,1.3979849636649722,-0.36348417101291347,1.2348799393360297,0.9258737865415383,1.0797912450592384,1.9515509437552765,-0.14125327883151229,-0.1781057493664113,0.41877544922480325,-0.632834588424933,-0.1474557687191013
0.0,0.0,1.0,0.0,0.0,1.0,0.0,0.0,0.0,0.0,0.0,0.0,1.0,0.0,0.0,1.0,0.0,1.362163301894719,1.3979849636649722,0.7617622941704176,0.4580711233163813,-0.15818977311877838,1.5469967568499758,-0.6475775332438344,-0.14125327883151229,-0.1781057493664113,0.12654446660059115,-0.632834588424933,-0.1474557687191013
0.0,1.0,0.0,0.0,0.0,1.0,1.0,0.0,0.0,0.0,0.0,0.0,0.0,1.0,0.0,0.0,0.0,0.3582026415587648,0.7676303011076719,-1.2930355987730566,1.0406777353311174,-0.5173476089940808,0.03049362021774643,2.6843448755964356,-0.14125327883151229,-0.1781057493664113,-0.7501484812720451,-0.632834588424933,-0.1474557687191013
1.0,0.0,0.0,0.0,0.0,1.0,1.0,0.0,0.0,0.0,0.0,0.0,0.0,1.0,0.0,0.0,0.0,0.3582026415587648,0.28856075756412386,-1.2930355987730566,-0.3187376927032675,0.6639192181737718,-0.344802610564977,2.1347494267155667,-0.14125327883151229,-0.1781057493664113,1.0032374144732275,-0.632834588424933,-0.1474557687191013
0.0,0.0,0.0,1.0,0.0,1.0,0.0,1.0,0.0,0.0,0.0,0.0,0.0,0.0,1.0,0.0,0.0,-0.9326039217303193,-2.073168044817227,-0.6570267271476955,0.6522733273212932,0.9258737865415383,-1.9455559214545526,-0.6475775332438344,-0.14125327883151229,-0.1781057493664113,-1.3346104465204693,-0.632834588424933,-0.1474557687191013
0.0,0.0,0.0,1.0,0.0,1.0,0.0,1.0,0.0,0.0,0.0,0.0,0.0,0.0,1.0,0.0,0.0,-1.5062957276365787,-1.115028957730131,-1.2930355987730566,-0.9984454067204599,0.9258737865415383,-1.4706913029131474,-0.6475775332438344,-0.14125327883151229,-0.1781057493664113,-1.6268414291446816,-0.632834588424933,-0.1474557687191013
0.0,1.0,0.0,0.0,0.0,1.0,0.0,0.0,0.0,1.0,0.0,0.0,0.0,0.0,0.0,0.0,1.0,-0.5023350673006246,-0.6779830583570697,1.0063810909494026,-0.6100409987106356,-2.034707089916804,-0.20693868905295615,-0.3842297139884178,-0.14125327883151229,-0.1781057493664113,-1.0423794638962574,1.580191756725731,-0.1474557687191013
0.0,0.0,1.0,0.0,0.0,1.0,0.0,0.0,1.0,0.0,0.0,0.0,0.0,0.0,1.0,0.0,0.0,-1.5062957276365787,0.7928444876099641,-0.9505692832824775,-0.6100409987106356,0.9258737865415383,0.267925929488449,-0.6475775332438344,-0.14125327883151229,-0.1781057493664113,-0.16568651602362097,1.580191756725731,-0.1474557687191013
0.0,0.0,0.0,1.0,0.0,1.0,1.0,0.0,0.0,0.0,0.0,0.0,0.0,1.0,0.0,0.0,0.0,0.3582026415587648,-0.6191499565183884,-0.21671289294552248,1.72038544934831,-1.680491793067308,-0.5515984928330082,0.30276459711266873,-0.14125327883151229,-0.1781057493664113,1.5876993797216516,-0.632834588424933,-0.1474557687191013
0.0,1.0,0.0,0.0,0.0,1.0,1.0,0.0,0.0,0.0,0.0,0.0,0.0,0.0,0.0,1.0,0.0,1.2187403504181542,0.2633465710618318,0.8596098128820115,0.36097002131392514,0.9258737865415383,0.5819493062658299,-0.6246777228737981,-0.14125327883151229,-0.1781057493664113,-0.4579174986478331,-0.632834588424933,-0.1474557687191013
0.0,1.0,0.0,0.0,0.0,1.0,0.0,0.0,0.0,0.0,0.0,0.0,1.0,0.0,0.0,1.0,0.0,0.9318944474650244,0.8852965047850349,-0.8037980052150865,0.36097002131392514,0.9258737865415383,0.4287671712524734,0.7607608045133931,-0.14125327883151229,-0.1781057493664113,-0.4579174986478331,-0.632834588424933,-0.1474557687191013
1.0,0.0,0.0,0.0,0.0,1.0,0.0,0.0,1.0,0.0,0.0,0.0,0.0,0.0,1.0,0.0,0.0,-1.5062957276365787,-0.8124587197026272,0.8596098128820115,-1.192647610725372,-0.8715629058435764,-0.3601208240663127,-0.6475775332438344,-0.14125327883151229,-0.1781057493664113,1.2954683970974397,1.580191756725731,-0.1474557687191013
1.0,0.0,0.0,0.0,0.0,1.0,0.0,1.0,0.0,0.0,0.0,0.0,0.0,0.0,0.0,0.0,1.0,-0.6457580187771894,-0.3501986338272737,0.4192959786798386,-0.9013443047180038,0.19602552373071716,-0.09971119454360661,-0.6475775332438344,-0.14125327883151229,-0.1781057493664113,1.0032374144732275,-0.632834588424933,-0.1474557687191013
1.0,0.0,0.0,0.0,0.0,1.0,0.0,0.0,0.0,0.0,0.0,0.0,1.0,0.0,1.0,0.0,0.0,-1.362872776160014,-0.560316854679707,0.32144845996824456,-1.6781531207376523,0.9258737865415383,-0.3141661835623057,-0.6475775332438344,-0.14125327883151229,-0.1781057493664113,1.0032374144732275,-0.632834588424933,-0.1474557687191013
1.0,0.0,0.0,0.0,0.0,1.0,0.0,0.0,1.0,0.0,0.0,0.0,0.0,0.0,0.0,0.0,1.0,-0.2154891643474948,-0.7031972448593619,-0.5591792084361015,-0.5129398967081796,0.5766010287178496,-0.7583943751010396,0.749310899328375,-0.14125327883151229,-0.1781057493664113,1.2954683970974397,1.580191756725731,-0.1474557687191013
1.0,0.0,0.0,0.0,0.0,1.0,0.0,0.0,1.0,0.0,0.0,0.0,0.0,1.0,0.0,0.0,0.0,0.6450485445118945,-0.8040539908685298,1.1531523690167935,-0.1245354886983552,-0.5700680252693546,-0.2758706498089666,-0.06363236880791073,-0.14125327883151229,9.052367401034816,1.2954683970974397,1.580191756725731,0.18136758909581507
0.0,0.0,0.0,1.0,0.0,1.0,0.0,0.0,0.0,0.0,0.0,0.0,1.0,1.0,0.0,0.0,0.0,0.07135673860563499,-1.1822667884029099,-1.1462643207056655,0.9435766333286616,0.7957202588619562,-1.4400548759104759,0.0852163985973247,-0.14125327883151229,7.513955209301278,-1.6268414291446816,-0.632834588424933,0.12656369612666235
0.0,0.0,0.0,1.0,0.0,1.0,1.0,0.0,0.0,0.0,0.0,0.0,0.0,0.0,0.0,0.0,1.0,-0.7891809702537543,-1.7201694337851396,0.27252470061244755,-0.9984454067204599,-0.8765054448693833,-1.3251682746504585,-0.6475775332438344,-0.14125327883151229,-0.1781057493664113,1.5876993797216516,-0.632834588424933,-0.1474557687191013
0.0,1.0,0.0,0.0,1.0,0.0,0.0,0.0,0.0,0.0,1.0,0.0,0.0,0.0,1.0,0.0,0.0,-0.9326039217303193,-0.9133154657117952,1.8870087593537486,1.1377788373335735,-1.7727525215490372,-0.19927958230228832,-0.6475775332438344,-0.14125327883151229,-0.1781057493664113,-1.0423794638962574,-0.632834588424933,-0.1474557687191013
0.0,0.0,0.0,1.0,0.0,1.0,1.0,0.0,0.0,0.0,0.0,0.0,0.0,0.0,0.0,0.0,1.0,-0.07206621287092989,-1.409194466923538,-0.9505692832824775,-0.3187376927032675,0.25863101805760474,-1.5243050501678221,0.4172636489628499,-0.14125327883151229,-0.1781057493664113,1.5876993797216516,-0.632834588424933,-0.1474557687191013
0.0,0.0,0.0,1.0,0.0,1.0,0.0,0.0,0.0,0.0,0.0,1.0,0.0,0.0,1.0,0.0,0.0,-1.6497186791131437,-1.9386923834716703,-1.1951880800614625,-0.6100409987106356,0.9258737865415383,-2.083419842966573,-0.6475775332438344,-0.14125327883151229,-0.1781057493664113,-1.6268414291446816,-0.632834588424933,-0.1474557687191013
0.0,1.0,0.0,0.0,0.0,1.0,0.0,0.0,1.0,0.0,0.0,0.0,0.0,0.0,0.0,1.0,0.0,1.5055862533712838,0.22972765572544257,1.9359325187095457,-1.2897487127278282,-2.074247402123259,0.8500180425392037,-0.6475775332438344,1.230225600857703,-0.1781057493664113,-0.4579174986478331,1.580191756725731,1.2226415555097168
1.0,0.0,0.0,0.0,0.0,1.0,0.0,0.0,0.0,0.0,0.0,0.0,1.0,1.0,0.0,0.0,0.0,0.07135673860563499,-0.45105537983644167,-1.1951880800614625,-1.095546508722916,0.8748008832748668,-0.8809400831117248,-0.08653217917794698,-0.14125327883151229,-0.1781057493664113,1.2954683970974397,-0.632834588424933,-0.1474557687191013
1.0,0.0,0.0,0.0,0.0,1.0,0.0,0.0,1.0,0.0,0.0,0.0,0.0,0.0,1.0,0.0,0.0,-1.076026873206884,-0.5687215835138044,0.6639147754588236,-0.7071421007130917,-0.550297869166127,-0.20693868905295615,-0.6475775332438344,-0.14125327883151229,-0.1781057493664113,1.2954683970974397,1.580191756725731,-0.1474557687191013
0.0,0.0,0.0,1.0,0.0,1.0,0.0,0.0,1.0,0.0,0.0,0.0,0.0,0.0,1.0,0.0,0.0,-1.6497186791131437,-1.2495046190756887,1.3977711657957785,-0.6100409987106356,-0.7315243001123805,-0.6052122400876832,-0.6475775332438344,-0.14125327883151229,-0.1781057493664113,1.5876993797216516,1.580191756725731,-0.1474557687191013
0.0,0.0,0.0,1.0,1.0,0.0,0.0,0.0,0.0,0.0,1.0,0.0,0.0,0.0,0.0,0.0,1.0,-0.07206621287092989,-1.0898147712278392,-1.7822731923310267,0.263868919311469,0.9258737865415383,-1.792373786441196,1.459205020799498,-0.14125327883151229,-0.1781057493664113,-1.3346104465204693,-0.632834588424933,-0.1474557687191013
1.0,0.0,0.0,0.0,0.0,1.0,0.0,0.0,0.0,1.0,0.0,0.0,0.0,0.0,0.0,1.0,0.0,0.9318944474650244,-0.3501986338272737,1.2999236470841846,0.06966671530655688,0.9258737865415383,0.16835754172976727,-0.6361276280588162,-0.14125327883151229,-0.1781057493664113,1.0032374144732275,1.580191756725731,-0.1474557687191013
1.0,0.0,0.0,0.0,0.0,1.0,1.0,0.0,0.0,0.0,0.0,0.0,0.0,1.0,0.0,0.0,0.0,0.6450485445118945,0.5238931649188493,-1.4398068768404475,1.0406777353311174,0.9258737865415383,-0.2758706498089666,0.8867097615485925,-0.14125327883151229,-0.1781057493664113,1.0032374144732275,-0.632834588424933,-0.1474557687191013
0.0,0.0,0.0,1.0,0.0,1.0,0.0,0.0,0.0,0.0,0.0,1.0,0.0,1.0,0.0,0.0,0.0,0.21477969008219988,-1.232695161407494,-1.5376543955520416,-1.6781531207376523,0.8517357011544345,-1.7234418256851853,-0.6475775332438344,-0.14125327883151229,-0.1781057493664113,1.5876993797216516,-0.632834588424933,-0.1474557687191013
0.0,0.0,1.0,0.0,0.0,1.0,0.0,0.0,0.0,0.0,0.0,0.0,1.0,1.0,0.0,0.0,0.0,0.3582026415587648,1.6753410151901842,-0.2656366523013195,-0.02743438669589927,-0.13347707798974381,1.363178194833948,1.3332560637642987,-0.14125327883151229,-0.1781057493664113,0.12654446660059115,-0.632834588424933,-0.1474557687191013
0.0,0.0,0.0,1.0,0.0,1.0,0.0,0.0,0.0,0.0,0.0,1.0,0.0,0.0,0.0,1.0,0.0,1.0753173989415892,-0.8881012792095032,-1.8311969516868236,0.4580711233163813,0.9258737865415383,-1.6774871851811786,-0.6475775332438344,-0.14125327883151229,-0.1781057493664113,-1.3346104465204693,-0.632834588424933,-0.1474557687191013
0.0,0.0,0.0,1.0,0.0,1.0,1.0,0.0,0.0,0.0,0.0,0.0,0.0,1.0,0.0,0.0,0.0,0.5016255930353297,-1.0898147712278392,-1.1462643207056655,-0.22163659070081138,-0.8106049245252911,-1.3634638084037978,-0.16668151547307375,-0.14125327883151229,-0.1781057493664113,1.5876993797216516,-0.632834588424933,-0.1474557687191013
0.0,0.0,0.0,1.0,1.0,0.0,0.0,1.0,0.0,0.0,0.0,0.0,0.0,0.0,0.0,0.0,1.0,-0.07206621287092989,-1.0898147712278392,-1.5376543955520416,0.4580711233163813,0.7182871474576478,-1.608555224425168,0.3142145022976868,-0.14125327883151229,-0.1781057493664113,-1.6268414291446816,-0.632834588424933,-0.1474557687191013
0.0,0.0,1.0,0.0,0.0,1.0,0.0,0.0,0.0,0.0,0.0,0.0,1.0,0.0,1.0,0.0,0.0,-1.219449824683449,0.9273201489555215,1.0553048503051996,-0.9013443047180038,0.7940727458533539,1.232973380072595,-0.6475775332438344,-0.14125327883151229,-0.1781057493664113,0.41877544922480325,-0.632834588424933,-0.1474557687191013
1.0,0.0,0.0,0.0,0.0,1.0,0.0,1.0,0.0,0.0,0.0,0.0,0.0,0.0,0.0,1.0,0.0,1.362163301894719,0.028014163707106472,-0.11886537423392847,-0.9984454067204599,-1.1203373701425245,0.03049362021774643,-0.6475775332438344,-0.14125327883151229,-0.1781057493664113,1.0032374144732275,-0.632834588424933,-0.1474557687191013
1.0,0.0,0.0,0.0,0.0,1.0,0.0,0.0,0.0,0.0,0.0,1.0,0.0,0.0,1.0,0.0,0.0,-1.6497186791131437,-0.5771263123479017,0.22360094125665056,-0.9013443047180038,0.28499122619524164,-0.35246171731564485,-0.6475775332438344,-0.14125327883151229,-0.1781057493664113,1.2954683970974397,-0.632834588424933,-0.1474557687191013
0.0,0.0,0.0,1.0,0.0,1.0,1.0,0.0,0.0,0.0,0.0,0.0,0.0,1.0,0.0,0.0,0.0,0.21477969008219988,-1.232695161407494,-0.9016455239266805,-1.3868498147302841,-0.9391109391962709,-1.35580470165313,-0.2811805673232548,-0.14125327883151229,-0.1781057493664113,1.5876993797216516,-0.632834588424933,-0.1474557687191013
0.0,0.0,1.0,0.0,0.0,1.0,0.0,0.0,1.0,0.0,0.0,0.0,0.0,0.0,0.0,0.0,1.0,-0.5023350673006246,1.4400086078354588,0.12575342254505653,0.06966671530655688,0.2042630887737287,1.3402008745819447,0.09666630378234282,-0.14125327883151229,-0.1781057493664113,0.41877544922480325,1.580191756725731,-0.1474557687191013
0.0,0.0,1.0,0.0,0.0,1.0,0.0,0.0,0.0,1.0,0.0,0.0,0.0,0.0,0.0,1.0,0.0,1.5055862533712838,0.9105106912873266,0.6639147754588236,-0.9013443047180038,-0.5601829472177408,1.0874503518099063,-0.6475775332438344,-0.14125327883151229,-0.1781057493664113,-0.16568651602362097,1.580191756725731,-0.1474557687191013
1.0,0.0,0.0,0.0,0.0,1.0,0.0,1.0,0.0,0.0,0.0,0.0,0.0,0.0,0.0,1.0,0.0,1.5055862533712838,-0.12327095530664564,1.1042286096609966,-0.5129398967081796,-1.815587859772697,0.313880569992456,-0.6475775332438344,-0.14125327883151229,-0.1781057493664113,1.2954683970974397,-0.632834588424933,-0.1474557687191013
0.0,1.0,0.0,0.0,0.0,1.0,0.0,0.0,1.0,0.0,0.0,0.0,0.0,0.0,1.0,0.0,0.0,-1.6497186791131437,-0.07284258230206166,0.027905903833462538,-0.5129398967081796,0.4612751181156883,0.0075162999657429706,-0.6475775332438344,-0.14125327883151229,-0.1781057493664113,-0.4579174986478331,1.580191756725731,-0.1474557687191013
0.0,0.0,0.0,1.0,0.0,1.0,0.0,1.0,0.0,0.0,0.0,0.0,0.0,0.0,0.0,1.0,0.0,1.6490092048478489,-1.4512181110940245,1.0063810909494026,1.1377788373335735,-1.4564300238973946,-0.8885991898623926,-0.6475775332438344,-0.14125327883151229,2.3859145701894855,-1.6268414291446816,-0.632834588424933,-0.05611594710384673
0.0,0.0,0.0,1.0,0.0,1.0,0.0,0.0,0.0,1.0,0.0,0.0,0.0,0.0,1.0,0.0,0.0,-1.5062957276365787,-1.115028957730131,-0.21671289294552248,-1.192647610725372,0.5090529953651551,-0.9728493641197388,-0.6475775332438344,-0.14125327883151229,-0.1781057493664113,1.5876993797216516,1.580191756725731,-0.1474557687191013
0.0,1.0,0.0,0.0,0.0,1.0,1.0,0.0,0.0,0.0,0.0,0.0,0.0,1.0,0.0,0.0,0.0,0.3582026415587648,0.666773555098504,-0.5591792084361015,0.4580711233163813,-1.3707593474500748,0.3751534239977985,2.2377985733807293,-0.14125327883151229,-0.1781057493664113,-0.4579174986478331,-0.632834588424933,-0.1474557687191013
0.0,0.0,1.0,0.0,0.0,1.0,0.0,0.0,0.0,0.0,0.0,1.0,0.0,0.0,0.0,1.0,0.0,1.0753173989415892,1.0449863526328842,-0.7548742458592895,1.3319810413384858,0.5304706644769851,0.5819493062658299,-0.17813142065809187,-0.14125327883151229,-0.1781057493664113,-0.16568651602362097,-0.632834588424933,-0.1474557687191013
1.0,0.0,0.0,0.0,0.0,1.0,0.0,0.0,0.0,0.0,0.0,0.0,1.0,1.0,0.0,0.0,0.0,0.6450485445118945,1.2719140311535122,-1.0484168019940716,2.20589095936059,0.9044561174297082,0.5972675197671654,1.6767532193148418,-0.14125327883151229,-0.1781057493664113,0.7110064318490154,-0.632834588424933,-0.1474557687191013
1.0,0.0,0.0,0.0,0.0,1.0,0.0,0.0,1.0,0.0,0.0,0.0,0.0,1.0,0.0,0.0,0.0,0.6450485445118945,0.5322978937529464,-1.4398068768404475,-0.5129398967081796,-0.4679222187360117,-0.26821154305829875,0.9210594771036468,-0.14125327883151229,-0.1781057493664113,1.0032374144732275,1.580191756725731,-0.1474557687191013
0.0,0.0,1.0,0.0,0.0,1.0,0.0,0.0,0.0,1.0,0.0,0.0,0.0,1.0,0.0,0.0,0.0,0.6450485445118945,1.700555201692476,-1.2930355987730566,0.6522733273212932,0.9258737865415383,0.7657678682818577,1.6195036933897513,-0.14125327883151229,-0.1781057493664113,0.41877544922480325,1.580191756725731,-0.1474557687191013
1.0,0.0,0.0,0.0,0.0,1.0,1.0,0.0,0.0,0.0,0.0,0.0,0.0,0.0,0.0,0.0,1.0,-0.6457580187771894,-1.333551907416662,-0.8037980052150865,-0.41583879470572344,0.9258737865415383,-1.394100235406469,-0.6475775332438344,-0.14125327883151229,-0.1781057493664113,1.2954683970974397,-0.632834588424933,-0.1474557687191013
0.0,0.0,1.0,0.0,0.0,1.0,1.0,0.0,0.0,0.0,0.0,0.0,0.0,1.0,0.0,0.0,0.0,0.21477969008219988,0.9357248777896187,-0.021017855522334466,0.16676781730901283,-0.6969265269317321,0.8500180425392037,1.4935547363545523,-0.14125327883151229,-0.1781057493664113,-0.16568651602362097,-0.632834588424933,-0.1474557687191013
0.0,0.0,0.0,1.0,0.0,1.0,0.0,0.0,1.0,0.0,0.0,0.0,0.0,1.0,0.0,0.0,0.0,0.07135673860563499,-1.6025032301077768,-0.9994930426382745,1.6232843473458538,0.8105478759393769,-1.70812361218385,1.68820312449986,-0.14125327883151229,-0.1781057493664113,-1.3346104465204693,1.580191756725731,-0.1474557687191013
0.0,1.0,0.0,0.0,0.0,1.0,1.0,0.0,0.0,0.0,0.0,0.0,0.0,0.0,0.0,0.0,1.0,-0.3589121158240597,0.22972765572544257,-0.8037980052150865,-0.8042432027155477,-1.2439008457876972,-0.11502940804494227,0.9210594771036468,-0.14125327883151229,-0.1781057493664113,-0.7501484812720451,-0.632834588424933,-0.1474557687191013
0.0,0.0,1.0,0.0,0.0,1.0,1.0,0.0,0.0,0.0,0.0,0.0,0.0,0.0,0.0,0.0,1.0,-0.5023350673006246,0.5575120802552386,0.5171434973914326,0.263868919311469,0.016446605793065935,0.7274723345285187,-0.02928265325285637,-0.14125327883151229,-0.1781057493664113,-0.16568651602362097,-0.632834588424933,-0.1474557687191013
0.0,0.0,0.0,1.0,0.0,1.0,0.0,1.0,0.0,0.0,0.0,0.0,0.0,1.0,0.0,0.0,0.0,0.21477969008219988,-1.0982195000619366,-1.3908831174846505,3.5653063873949757,0.8237279800081954,-1.5166459434171542,0.6920613734032844,-0.14125327883151229,-0.1781057493664113,1.5876993797216516,-0.632834588424933,-0.1474557687191013
1.0,0.0,0.0,0.0,0.0,1.0,0.0,0.0,0.0,1.0,0.0,0.0,0.0,0.0,1.0,0.0,0.0,-0.9326039217303193,-0.4090317356659551,0.7128385348146206,-0.41583879470572344,-0.21914775443706366,-0.053756554039599655,-0.6475775332438344,-0.14125327883151229,-0.1781057493664113,1.0032374144732275,1.580191756725731,-0.1474557687191013
0.0,0.0,0.0,1.0,0.0,1.0,0.0,1.0,0.0,0.0,0.0,0.0,0.0,0.0,1.0,0.0,0.0,-1.5062957276365787,-1.2158857037392994,-0.8037980052150865,-0.6100409987106356,0.6046087498640887,-1.2945318476477874,-0.6475775332438344,-0.14125327883151229,-0.1781057493664113,-1.3346104465204693,-0.632834588424933,-0.1474557687191013
1.0,0.0,0.0,0.0,0.0,1.0,0.0,0.0,0.0,0.0,0.0,0.0,1.0,0.0,0.0,1.0,0.0,1.6490092048478489,-0.8544823638731138,-1.3419593581288536,-0.02743438669589927,0.7100495824146363,-1.2945318476477874,-0.6475775332438344,-0.14125327883151229,-0.1781057493664113,1.2954683970974397,-0.632834588424933,-0.1474557687191013
0.0,0.0,0.0,1.0,0.0,1.0,0.0,1.0,0.0,0.0,0.0,0.0,0.0,0.0,1.0,0.0,0.0,-1.5062957276365787,-1.5436701282690954,-0.5102554490803045,-1.2897487127278282,0.37230941565116377,-1.4477139826611438,-0.6475775332438344,-0.14125327883151229,-0.1781057493664113,1.5876993797216516,-0.632834588424933,-0.1474557687191013
1.0,0.0,0.0,0.0,1.0,0.0,0.0,1.0,0.0,0.0,0.0,0.0,0.0,0.0,0.0,1.0,0.0,1.6490092048478489,0.2213229268913451,-0.36348417101291347,-1.2897487127278282,0.9258737865415383,0.09176647422308902,-0.6475775332438344,-0.14125327883151229,-0.1781057493664113,0.7110064318490154,-0.632834588424933,-0.1474557687191013
1.0,0.0,0.0,0.0,0.0,1.0,0.0,0.0,0.0,1.0,0.0,0.0,0.0,0.0,1.0,0.0,0.0,-1.5062957276365787,-0.37541282032956574,0.07682966318925954,-0.6100409987106356,-0.036273810482207826,-0.23757511605562745,-0.6475775332438344,-0.14125327883151229,-0.1781057493664113,1.2954683970974397,1.580191756725731,-0.1474557687191013
0.0,0.0,1.0,0.0,0.0,1.0,0.0,0.0,0.0,0.0,0.0,1.0,0.0,0.0,1.0,0.0,0.0,-1.076026873206884,1.3223424041580962,-0.021017855522334466,-0.8042432027155477,0.9258737865415383,1.1793596328179201,-0.6475775332438344,-0.14125327883151229,-0.1781057493664113,0.12654446660059115,-0.632834588424933,-0.1474557687191013
1.0,0.0,0.0,0.0,0.0,1.0,0.0,0.0,0.0,0.0,0.0,0.0,1.0,1.0,0.0,0.0,0.0,0.6450485445118945,1.238295115817123,-0.8037980052150865,-0.02743438669589927,0.8830384483178783,0.7198132277778507,1.6195036933897513,-0.14125327883151229,-0.1781057493664113,0.7110064318490154,-0.632834588424933,-0.1474557687191013
0.0,0.0,1.0,0.0,0.0,1.0,0.0,0.0,1.0,0.0,0.0,0.0,0.0,0.0,0.0,1.0,0.0,1.5055862533712838,0.8180586741122561,0.5171434973914326,-0.02743438669589927,0.35912931158234535,0.9572455370485534,-0.6475775332438344,-0.14125327883151229,-0.1781057493664113,-0.16568651602362097,1.580191756725731,-0.1474557687191013
0.0,1.0,0.0,0.0,0.0,1.0,0.0,0.0,0.0,1.0,0.0,0.0,0.0,0.0,0.0,0.0,1.0,-0.3589121158240597,0.1540850962185665,-0.9505692832824775,-0.8042432027155477,-0.13841961701555072,-0.2528933295569631,1.138607675618991,-0.14125327883151229,-0.1781057493664113,-0.7501484812720451,1.580191756725731,-0.1474557687191013
0.0,0.0,0.0,1.0,0.0,1.0,1.0,0.0,0.0,0.0,0.0,0.0,0.0,0.0,0.0,0.0,1.0,-0.7891809702537543,-1.0309816693891578,0.46821973803563555,-1.095546508722916,-1.2603759758737203,-0.6664850940930258,-0.6475775332438344,-0.14125327883151229,-0.1781057493664113,1.5876993797216516,-0.632834588424933,-0.1474557687191013
0.0,0.0,0.0,1.0,0.0,1.0,0.0,0.0,0.0,0.0,0.0,0.0,1.0,0.0,0.0,1.0,0.0,1.362163301894719,-1.2663140767438834,1.2020761283725907,-0.5129398967081796,-0.879800470886588,-0.6741442008436934,-0.6475775332438344,-0.049821353518897916,5.975543017567739,1.5876993797216516,-0.632834588424933,0.16309962477276413
0.0,0.0,0.0,1.0,0.0,1.0,0.0,0.0,0.0,0.0,1.0,0.0,0.0,0.0,0.0,0.0,1.0,-0.3589121158240597,-2.459785571185705,-1.2441118394172594,1.1377788373335735,0.9258737865415383,-2.527648034505307,-0.43002933472849025,-0.14125327883151229,1.3603064423671265,-1.6268414291446816,-0.632834588424933,-0.09265187574994856
1.0,0.0,0.0,0.0,0.0,1.0,0.0,0.0,0.0,1.0,0.0,0.0,0.0,0.0,0.0,0.0,1.0,-0.07206621287092989,0.31377494406641593,-0.9994930426382745,-0.22163659070081138,-0.18454998125641525,-0.1533249417982814,1.7225528400549142,-0.14125327883151229,-0.1781057493664113,1.0032374144732275,1.580191756725731,-0.1474557687191013
0.0,0.0,0.0,1.0,0.0,1.0,1.0,0.0,0.0,0.0,0.0,0.0,0.0,1.0,0.0,0.0,0.0,0.21477969008219988,-1.0225769405550604,-0.7548742458592895,0.263868919311469,-0.5371177650973085,-1.1107132856317594,0.47451317488794037,-0.14125327883151229,-0.1781057493664113,-1.6268414291446816,-0.632834588424933,-0.1474557687191013
1.0,0.0,0.0,0.0,0.0,1.0,0.0,1.0,0.0,0.0,0.0,0.0,0.0,1.0,0.0,0.0,0.0,0.21477969008219988,-0.19050878597942422,-0.7059504865034925,0.263868919311469,-0.8287275676199165,-0.39841635781965185,0.5088628904429947,-0.14125327883151229,-0.1781057493664113,1.2954683970974397,-0.632834588424933,-0.1474557687191013
1.0,0.0,0.0,0.0,0.0,1.0,0.0,0.0,0.0,1.0,0.0,0.0,0.0,0.0,1.0,0.0,0.0,-1.219449824683449,-0.3922222779977603,0.7128385348146206,-1.2897487127278282,-1.0181915636091816,-0.038438340538264025,-0.6475775332438344,-0.14125327883151229,-0.1781057493664113,1.0032374144732275,1.580191756725731,-0.1474557687191013
0.0,1.0,0.0,0.0,0.0,1.0,0.0,0.0,0.0,1.0,0.0,0.0,0.0,0.0,0.0,0.0,1.0,-0.2154891643474948,-0.5687215835138044,-0.9505692832824775,1.0406777353311174,0.9258737865415383,-0.8349854426077179,1.1271577704339728,-0.14125327883151229,-0.1781057493664113,-0.7501484812720451,1.580191756725731,-0.1474557687191013
0.0,1.0,0.0,0.0,0.0,1.0,0.0,0.0,0.0,0.0,0.0,1.0,0.0,1.0,0.0,0.0,0.0,0.3582026415587648,0.666773555098504,-0.2656366523013195,1.429082143340942,-0.21750024142846136,0.5130173455098194,0.6348118474781941,-0.14125327883151229,-0.1781057493664113,-0.7501484812720451,-0.632834588424933,-0.1474557687191013
0.0,1.0,0.0,0.0,0.0,1.0,0.0,0.0,0.0,0.0,1.0,0.0,0.0,0.0,0.0,0.0,1.0,-0.3589121158240597,-0.056033124633866886,-1.4398068768404475,-0.22163659070081138,-0.0955842787918908,-0.7200988413477005,1.058458339323864,-0.14125327883151229,-0.1781057493664113,-0.7501484812720451,-0.632834588424933,-0.1474557687191013
1.0,0.0,0.0,0.0,0.0,1.0,0.0,0.0,0.0,0.0,1.0,0.0,0.0,0.0,0.0,1.0,0.0,1.362163301894719,-0.9133154657117952,-1.4887306361962445,1.429082143340942,0.9258737865415383,-1.4323957691598084,-0.6475775332438344,-0.14125327883151229,-0.1781057493664113,1.2954683970974397,-0.632834588424933,-0.1474557687191013
1.0,0.0,0.0,0.0,0.0,1.0,0.0,0.0,0.0,1.0,0.0,0.0,0.0,0.0,0.0,1.0,0.0,1.6490092048478489,-0.509888481675123,-0.16778913358972547,-1.4839509167327403,0.10376479524898809,-0.4367118915729909,-0.6475775332438344,-0.14125327883151229,-0.1781057493664113,1.2954683970974397,1.580191756725731,-0.1474557687191013
0.0,0.0,0.0,1.0,0.0,1.0,0.0,0.0,0.0,0.0,0.0,0.0,1.0,0.0,0.0,0.0,1.0,-0.07206621287092989,-1.4764322975963167,-1.0973405613498686,1.429082143340942,0.4909303522705297,-1.6545098649291752,0.23406516600256014,-0.14125327883151229,-0.1781057493664113,-1.6268414291446816,-0.632834588424933,-0.1474557687191013
1.0,0.0,0.0,0.0,0.0,1.0,0.0,1.0,0.0,0.0,0.0,0.0,0.0,0.0,0.0,1.0,0.0,1.0753173989415892,0.28015602873002643,-0.8037980052150865,0.06966671530655688,0.9258737865415383,-0.06907476754093532,-0.6475775332438344,-0.14125327883151229,-0.1781057493664113,1.0032374144732275,-0.632834588424933,-0.1474557687191013
0.0,1.0,0.0,0.0,0.0,1.0,0.0,0.0,0.0,0.0,0.0,0.0,1.0,0.0,0.0,1.0,0.0,1.2187403504181542,0.3557985882369026,-0.2656366523013195,0.16676781730901283,0.9258737865415383,0.25260771598711335,-0.6361276280588162,-0.14125327883151229,-0.1781057493664113,-0.4579174986478331,-0.632834588424933,-0.1474557687191013
0.0,1.0,0.0,0.0,0.0,1.0,0.0,0.0,0.0,0.0,0.0,1.0,0.0,0.0,0.0,0.0,1.0,-0.6457580187771894,-0.2745560743203976,1.2509998877283877,-0.41583879470572344,0.9258737865415383,0.22197128898444207,-0.6017779125037619,-0.14125327883151229,-0.1781057493664113,-0.7501484812720451,-0.632834588424933,-0.1474557687191013
0.0,0.0,1.0,0.0,0.0,1.0,0.0,0.0,0.0,0.0,0.0,1.0,0.0,0.0,1.0,0.0,0.0,-1.219449824683449,0.5743215379234332,0.5171434973914326,-0.3187376927032675,-0.4267343935209541,0.7427905480298542,-0.6475775332438344,-0.14125327883151229,-0.1781057493664113,-0.16568651602362097,-0.632834588424933,-0.1474557687191013
0.0,0.0,0.0,1.0,1.0,0.0,0.0,0.0,0.0,1.0,0.0,0.0,0.0,0.0,0.0,1.0,0.0,1.0753173989415892,-1.0982195000619366,-1.3419593581288536,0.4580711233163813,0.9258737865415383,-1.486009516414483,-0.6475775332438344,-0.14125327883151229,-0.1781057493664113,1.5876993797216516,1.580191756725731,-0.1474557687191013
0.0,1.0,0.0,0.0,0.0,1.0,1.0,0.0,0.0,0.0,0.0,0.0,0.0,0.0,0.0,0.0,1.0,-0.2154891643474948,-0.6947925160252644,-0.21671289294552248,-0.41583879470572344,0.7957202588619562,-0.6128713468383509,0.24551507118757826,-0.14125327883151229,-0.1781057493664113,-1.0423794638962574,-0.632834588424933,-0.1474557687191013
0.0,0.0,0.0,1.0,0.0,1.0,0.0,0.0,0.0,0.0,0.0,0.0,1.0,0.0,0.0,0.0,1.0,-0.07206621287092989,-1.6697410607805554,-1.4887306361962445,0.36097002131392514,0.902808604421106,-2.0374652024625663,0.3600141230377593,-0.14125327883151229,-0.1781057493664113,1.5876993797216516,-0.632834588424933,-0.1474557687191013
0.0,0.0,1.0,0.0,0.0,1.0,0.0,1.0,0.0,0.0,0.0,0.0,0.0,0.0,0.0,0.0,1.0,-0.5023350673006246,1.3223424041580962,-0.11886537423392847,-0.3187376927032675,0.9258737865415383,1.1334049923139133,0.5890122267381216,-0.14125327883151229,-0.1781057493664113,0.12654446660059115,-0.632834588424933,-0.1474557687191013
1.0,0.0,0.0,0.0,0.0,1.0,0.0,0.0,0.0,0.0,0.0,1.0,0.0,0.0,0.0,0.0,1.0,-0.3589121158240597,0.6499640974303094,0.27252470061244755,-0.6100409987106356,-0.3838990552972942,0.7198132277778507,0.646261752663212,-0.14125327883151229,-0.1781057493664113,0.7110064318490154,-0.632834588424933,-0.1474557687191013
0.0,0.0,1.0,0.0,0.0,1.0,1.0,0.0,0.0,0.0,0.0,0.0,0.0,0.0,1.0,0.0,0.0,-0.9326039217303193,0.3978222324073893,0.8106860535262146,-0.7071421007130917,-0.37566149025428264,0.6891768007751795,-0.6475775332438344,-0.14125327883151229,-0.1781057493664113,-0.16568651602362097,-0.632834588424933,-0.1474557687191013
0.0,0.0,1.0,0.0,0.0,1.0,0.0,0.0,0.0,0.0,1.0,0.0,0.0,0.0,1.0,0.0,0.0,-1.219449824683449,0.44825060541197315,1.4466949251515757,-0.1245354886983552,-1.6030586816629997,0.9189500032952143,-0.6475775332438344,-0.14125327883151229,-0.1781057493664113,-0.16568651602362097,-0.632834588424933,-0.1474557687191013
1.0,0.0,0.0,0.0,0.0,1.0,0.0,1.0,0.0,0.0,0.0,0.0,0.0,0.0,1.0,0.0,0.0,-1.362872776160014,0.5827262667575306,0.027905903833462538,-0.22163659070081138,0.9258737865415383,0.5666310927644941,-0.6475775332438344,-0.14125327883151229,-0.1781057493664113,0.7110064318490154,-0.632834588424933,-0.1474557687191013
1.0,0.0,0.0,0.0,0.0,1.0,0.0,0.0,1.0,0.0,0.0,0.0,0.0,0.0,0.0,0.0,1.0,-0.7891809702537543,0.2633465710618318,0.5660672567472296,-1.3868498147302841,0.9258737865415383,0.49004002525781587,-0.6475775332438344,-0.14125327883151229,-0.1781057493664113,0.7110064318490154,1.580191756725731,-0.1474557687191013
0.0,0.0,1.0,0.0,0.0,1.0,0.0,0.0,0.0,0.0,0.0,0.0,1.0,0.0,1.0,0.0,0.0,-1.362872776160014,1.019772166130592,1.1531523690167935,-1.2897487127278282,-1.0659694408586484,1.3478599813326124,-0.6475775332438344,-0.14125327883151229,-0.1781057493664113,0.12654446660059115,-0.632834588424933,-0.1474557687191013
1.0,0.0,0.0,0.0,0.0,1.0,0.0,0.0,1.0,0.0,0.0,0.0,0.0,0.0,0.0,1.0,0.0,1.2187403504181542,0.691987741600796,-0.6081029677918985,-1.5810520187351962,0.9258737865415383,0.3751534239977985,-0.6475775332438344,-0.14125327883151229,-0.1781057493664113,0.7110064318490154,1.580191756725731,-0.1474557687191013
0.0,0.0,0.0,1.0,0.0,1.0,0.0,0.0,0.0,0.0,0.0,0.0,1.0,0.0,0.0,1.0,0.0,0.9318944474650244,-1.6529316031123606,-1.2441118394172594,-0.6100409987106356,0.9258737865415383,-1.876623960698542,-0.6475775332438344,-0.14125327883151229,-0.1781057493664113,1.5876993797216516,-0.632834588424933,-0.1474557687191013
0.0,0.0,1.0,0.0,0.0,1.0,0.0,0.0,0.0,0.0,1.0,0.0,0.0,0.0,0.0,0.0,1.0,-0.2154891643474948,1.37277077716268,-0.11886537423392847,0.4580711233163813,-0.469569731744614,1.1793596328179201,2.0774999007904755,-0.14125327883151229,-0.1781057493664113,0.12654446660059115,-0.632834588424933,-0.1474557687191013
0.0,0.0,0.0,1.0,0.0,1.0,0.0,0.0,0.0,1.0,0.0,0.0,0.0,0.0,0.0,0.0,1.0,-0.7891809702537543,-1.1654573307347154,-0.7059504865034925,-1.095546508722916,0.1696653155930803,-1.2102816733904411,-0.6475775332438344,-0.14125327883151229,-0.1781057493664113,-1.3346104465204693,1.580191756725731,-0.1474557687191013
1.0,0.0,0.0,0.0,0.0,1.0,0.0,0.0,0.0,0.0,0.0,0.0,1.0,0.0,0.0,0.0,1.0,-0.3589121158240597,0.7087971992689907,0.12575342254505653,-0.9013443047180038,0.5535358465974173,0.7121541210271828,0.4058137437778318,-0.14125327883151229,-0.1781057493664113,0.7110064318490154,-0.632834588424933,-0.1474557687191013
0.0,0.0,1.0,0.0,0.0,1.0,0.0,0.0,1.0,0.0,0.0,0.0,0.0,0.0,1.0,0.0,0.0,-1.219449824683449,1.3979849636649722,-0.06994161487813147,-0.22163659070081138,0.8665633182318553,1.2176551665712594,-0.6475775332438344,-0.14125327883151229,-0.1781057493664113,0.41877544922480325,1.580191756725731,-0.1474557687191013
0.0,1.0,0.0,0.0,0.0,1.0,0.0,0.0,1.0,0.0,0.0,0.0,0.0,0.0,1.0,0.0,0.0,-1.362872776160014,0.2045134692231505,0.17467718190085355,-0.7071421007130917,-1.166467734383389,0.29856235649112023,-0.6475775332438344,-0.14125327883151229,-0.1781057493664113,-0.4579174986478331,1.580191756725731,-0.1474557687191013
0.0,0.0,1.0,0.0,0.0,1.0,0.0,0.0,0.0,0.0,1.0,0.0,0.0,0.0,1.0,0.0,0.0,-1.362872776160014,0.48186952074836265,1.4466949251515757,-1.3868498147302841,-1.5453957263619191,0.9495864302978855,-0.6475775332438344,-0.14125327883151229,-0.1781057493664113,-0.16568651602362097,-0.632834588424933,-0.1474557687191013
1.0,0.0,0.0,0.0,0.0,1.0,0.0,0.0,0.0,0.0,0.0,1.0,0.0,0.0,0.0,0.0,1.0,-0.2154891643474948,-0.34179390499317636,-0.36348417101291347,-0.8042432027155477,-1.2060080465898444,-0.3754390375676483,0.6806114682182663,-0.14125327883151229,-0.1781057493664113,1.2954683970974397,-0.632834588424933,-0.1474557687191013
0.0,0.0,0.0,1.0,0.0,1.0,0.0,0.0,0.0,0.0,0.0,1.0,0.0,0.0,1.0,0.0,0.0,-1.5062957276365787,-1.2242904325733965,0.17467718190085355,-0.41583879470572344,0.9258737865415383,-0.9268947236157318,-0.6475775332438344,-0.14125327883151229,-0.1781057493664113,1.5876993797216516,-0.632834588424933,-0.1474557687191013
0.0,1.0,0.0,0.0,0.0,1.0,0.0,0.0,0.0,0.0,1.0,0.0,0.0,0.0,0.0,1.0,0.0,0.9318944474650244,-0.2241277013158136,1.9359325187095457,0.7493744293237493,-2.1780407216652042,0.43642627800314115,-0.61322781768878,-0.14125327883151229,-0.1781057493664113,-1.0423794638962574,-0.632834588424933,-0.1474557687191013
1.0,0.0,0.0,0.0,0.0,1.0,0.0,1.0,0.0,0.0,0.0,0.0,0.0,0.0,0.0,1.0,0.0,0.9318944474650244,0.7424161146053799,1.8870087593537486,0.06966671530655688,-1.1219848831511268,1.3019053408286054,-0.6246777228737981,11.744897011808353,-0.1781057493664113,0.7110064318490154,-0.632834588424933,11.726721041263989
1.0,0.0,0.0,0.0,0.0,1.0,0.0,0.0,1.0,0.0,0.0,0.0,0.0,0.0,1.0,0.0,0.0,-1.076026873206884,0.4902742495824598,1.4466949251515757,-0.9013443047180038,-0.34930128211664574,0.9572455370485534,-0.6475775332438344,-0.14125327883151229,-0.1781057493664113,0.7110064318490154,1.580191756725731,-0.1474557687191013
0.0,1.0,0.0,0.0,0.0,1.0,0.0,0.0,0.0,0.0,1.0,0.0,0.0,0.0,1.0,0.0,0.0,-1.362872776160014,-0.9721485675504765,1.3488474064399816,0.7493744293237493,-1.080797057936069,-0.3677799308169805,-0.6475775332438344,-0.14125327883151229,-0.1781057493664113,-1.0423794638962574,-0.632834588424933,-0.1474557687191013
1.0,0.0,0.0,0.0,0.0,1.0,0.0,0.0,0.0,1.0,0.0,0.0,0.0,1.0,0.0,0.0,0.0,0.7884714959884594,1.2298903869830253,-1.2441118394172594,-0.6100409987106356,0.9258737865415383,0.4287671712524734,0.7378609941433569,-0.14125327883151229,-0.1781057493664113,0.7110064318490154,1.580191756725731,-0.1474557687191013
0.0,0.0,0.0,1.0,0.0,1.0,0.0,0.0,1.0,0.0,0.0,0.0,0.0,0.0,0.0,1.0,0.0,1.362163301894719,-1.106624228896034,-0.16778913358972547,-0.9984454067204599,0.35583428556514074,-0.9422129371170673,-0.6475775332438344,-0.14125327883151229,-0.1781057493664113,1.5876993797216516,1.580191756725731,-0.1474557687191013
0.0,0.0,1.0,0.0,0.0,1.0,0.0,0.0,0.0,1.0,0.0,0.0,0.0,0.0,0.0,1.0,0.0,1.6490092048478489,0.9693437931260082,0.07682966318925954,0.8464755313262055,0.9258737865415383,0.9189500032952143,-0.6475775332438344,-0.14125327883151229,-0.1781057493664113,0.12654446660059115,1.580191756725731,-0.1474557687191013
0.0,0.0,1.0,0.0,0.0,1.0,0.0,0.0,0.0,0.0,1.0,0.0,0.0,0.0,0.0,1.0,0.0,1.0753173989415892,1.4231991501672643,0.027905903833462538,0.4580711233163813,0.876448396283469,1.28658712732727,-0.6361276280588162,-0.14125327883151229,-0.1781057493664113,0.41877544922480325,-0.632834588424933,-0.1474557687191013
0.0,0.0,1.0,0.0,0.0,1.0,1.0,0.0,0.0,0.0,0.0,0.0,0.0,0.0,1.0,0.0,0.0,-1.5062957276365787,0.48186952074836265,1.2509998877283877,-0.02743438669589927,-1.285088671002755,0.8959726830432108,-0.6475775332438344,-0.14125327883151229,-0.1781057493664113,-0.16568651602362097,-0.632834588424933,-0.1474557687191013
0.0,0.0,0.0,1.0,0.0,1.0,0.0,0.0,0.0,1.0,0.0,0.0,0.0,0.0,0.0,0.0,1.0,-0.3589121158240597,-2.1404058754900066,-0.36348417101291347,2.011688755355678,-0.03792132349081013,-1.8919421741998776,-0.21248113621314615,-0.14125327883151229,-0.1781057493664113,-1.3346104465204693,1.580191756725731,-0.1474557687191013
0.0,1.0,0.0,0.0,0.0,1.0,0.0,0.0,1.0,0.0,0.0,0.0,0.0,0.0,0.0,0.0,1.0,-0.07206621287092989,-0.4174364645000524,-1.8311969516868236,0.36097002131392514,0.49422537828773433,-1.317509167899791,1.8141520815350591,-0.14125327883151229,-0.1781057493664113,-1.0423794638962574,1.580191756725731,-0.1474557687191013
0.0,0.0,1.0,0.0,0.0,1.0,0.0,0.0,0.0,1.0,0.0,0.0,0.0,0.0,0.0,1.0,0.0,1.6490092048478489,0.7256066569371853,0.7617622941704176,-0.3187376927032675,-0.853440262748951,0.9572455370485534,-0.6475775332438344,-0.14125327883151229,-0.1781057493664113,-0.16568651602362097,1.580191756725731,-0.1474557687191013
1.0,0.0,0.0,0.0,0.0,1.0,0.0,0.0,0.0,0.0,0.0,1.0,0.0,0.0,0.0,1.0,0.0,1.362163301894719,-0.35860336266137094,-1.0484168019940716,2.011688755355678,0.513995534390962,-0.7200988413477005,-0.6475775332438344,-0.14125327883151229,-0.1781057493664113,1.2954683970974397,-0.632834588424933,-0.1474557687191013
0.0,1.0,0.0,0.0,0.0,1.0,0.0,0.0,0.0,0.0,1.0,0.0,0.0,0.0,0.0,0.0,1.0,-0.7891809702537543,-0.257746616652203,0.6639147754588236,-0.9013443047180038,-0.3641288991940665,0.06113004722041769,-0.6361276280588162,-0.14125327883151229,-0.1781057493664113,-0.7501484812720451,-0.632834588424933,-0.1474557687191013
0.0,0.0,1.0,0.0,0.0,1.0,0.0,1.0,0.0,0.0,0.0,0.0,0.0,0.0,0.0,0.0,1.0,-0.6457580187771894,0.5407026225870439,-0.31456041165711646,-0.9013443047180038,0.6260264189759187,0.38281253074846644,-0.12088189473300126,-0.14125327883151229,-0.1781057493664113,-0.16568651602362097,-0.632834588424933,-0.1474557687191013
0.0,1.0,0.0,0.0,0.0,1.0,0.0,0.0,1.0,0.0,0.0,0.0,0.0,0.0,1.0,0.0,0.0,-1.6497186791131437,-1.05619585589145,-1.1951880800614625,-1.2897487127278282,0.7429998425866824,-1.3634638084037978,-0.6475775332438344,-0.14125327883151229,-0.1781057493664113,-1.0423794638962574,1.580191756725731,-0.1474557687191013
0.0,0.0,0.0,1.0,0.0,1.0,0.0,0.0,0.0,0.0,0.0,1.0,0.0,1.0,0.0,0.0,0.0,0.21477969008219988,-1.7285741626192368,-1.4887306361962445,2.497194265367958,0.767712537715717,-2.083419842966573,1.9859006593103308,-0.14125327883151229,-0.1781057493664113,-1.3346104465204693,-0.632834588424933,-0.1474557687191013
0.0,1.0,0.0,0.0,0.0,1.0,0.0,0.0,0.0,1.0,0.0,0.0,0.0,0.0,1.0,0.0,0.0,-1.5062957276365787,-0.6191499565183884,-0.16778913358972547,-0.3187376927032675,-0.6507961626908676,-0.5286211725810048,-0.6475775332438344,-0.14125327883151229,-0.1781057493664113,-1.0423794638962574,1.580191756725731,-0.1474557687191013
0.0,0.0,1.0,0.0,0.0,1.0,0.0,0.0,0.0,1.0,0.0,0.0,0.0,0.0,0.0,0.0,1.0,-0.7891809702537543,1.1962714716466363,1.2020761283725907,-0.3187376927032675,-0.5898381813725823,1.5163603298473047,-0.6475775332438344,-0.14125327883151229,-0.1781057493664113,0.41877544922480325,1.580191756725731,-0.1474557687191013
0.0,0.0,0.0,1.0,0.0,1.0,1.0,0.0,0.0,0.0,0.0,0.0,0.0,1.0,0.0,0.0,0.0,0.6450485445118945,-0.6863877871911671,-1.5376543955520416,1.0406777353311174,0.3459492075135269,-1.2868727408971194,0.09666630378234282,-0.14125327883151229,-0.1781057493664113,-1.6268414291446816,-0.632834588424933,-0.1474557687191013
0.0,1.0,0.0,0.0,0.0,1.0,0.0,0.0,0.0,0.0,1.0,0.0,0.0,0.0,0.0,0.0,1.0,-0.07206621287092989,0.6163451820939199,1.9359325187095457,-0.8042432027155477,-1.87489832808238,1.2023369530699237,-0.3613299036183816,2.144544853983847,-0.1781057493664113,-0.4579174986478331,-0.632834588424933,2.1360397716622623
0.0,1.0,0.0,0.0,0.0,1.0,0.0,1.0,0.0,0.0,0.0,0.0,0.0,0.0,1.0,0.0,0.0,-0.9326039217303193,-0.09805676880435357,1.6913137219305607,-0.9013443047180038,-1.9721015955899162,0.49004002525781587,-0.6475775332438344,-0.14125327883151229,-0.1781057493664113,-0.4579174986478331,-0.632834588424933,-0.1474557687191013
0.0,0.0,0.0,1.0,0.0,1.0,0.0,0.0,0.0,0.0,0.0,1.0,0.0,0.0,1.0,0.0,0.0,-1.362872776160014,-0.9721485675504765,-0.7059504865034925,-0.5129398967081796,-0.5914856943811846,-1.049440431626417,-0.6475775332438344,-0.14125327883151229,-0.1781057493664113,-1.3346104465204693,-0.632834588424933,-0.1474557687191013
0.0,0.0,0.0,1.0,0.0,1.0,0.0,0.0,1.0,0.0,0.0,0.0,0.0,0.0,1.0,0.0,0.0,-1.219449824683449,-1.4764322975963167,0.6149910161030265,-0.1245354886983552,-1.2966212620629711,-1.011144897873078,-0.6475775332438344,-0.14125327883151229,-0.1781057493664113,1.5876993797216516,1.580191756725731,-0.1474557687191013
0.0,0.0,1.0,0.0,0.0,1.0,0.0,0.0,1.0,0.0,0.0,0.0,0.0,0.0,0.0,0.0,1.0,-0.6457580187771894,0.893701233619132,0.8596098128820115,0.16676781730901283,-0.258688066643519,1.141064099064581,-0.5559782917636894,-0.14125327883151229,-0.1781057493664113,0.41877544922480325,1.580191756725731,-0.1474557687191013
0.0,1.0,0.0,0.0,0.0,1.0,0.0,0.0,0.0,0.0,0.0,0.0,1.0,0.0,0.0,1.0,0.0,1.362163301894719,-0.1736993283112296,-1.1951880800614625,0.36097002131392514,0.9258737865415383,-0.65116688059169,-0.6475775332438344,-0.14125327883151229,-0.1781057493664113,-0.7501484812720451,-0.632834588424933,-0.1474557687191013
1.0,0.0,0.0,0.0,0.0,1.0,0.0,0.0,0.0,0.0,0.0,0.0,1.0,0.0,1.0,0.0,0.0,-1.6497186791131437,-0.4930790240069284,0.7617622941704176,-0.5129398967081796,-1.0972721880220921,-0.11502940804494227,-0.6475775332438344,0.041610571793716446,-0.1781057493664113,1.2954683970974397,-0.632834588424933,0.03522387451140782
1.0,0.0,0.0,0.0,0.0,1.0,0.0,0.0,0.0,0.0,0.0,1.0,0.0,0.0,0.0,1.0,0.0,1.2187403504181542,0.04482362137530108,0.5660672567472296,-0.3187376927032675,-0.07581412268866314,0.29856235649112023,-0.6475775332438344,-0.14125327883151229,-0.1781057493664113,1.0032374144732275,-0.632834588424933,-0.1474557687191013
0.0,0.0,0.0,1.0,0.0,1.0,0.0,0.0,1.0,0.0,0.0,0.0,0.0,0.0,0.0,1.0,0.0,0.9318944474650244,-0.5435073970115124,0.7128385348146206,-1.2897487127278282,-1.9918717516931437,-0.17630226205028487,-0.6475775332438344,-0.14125327883151229,-0.1781057493664113,1.5876993797216516,1.580191756725731,-0.1474557687191013
0.0,0.0,1.0,0.0,0.0,1.0,0.0,0.0,0.0,1.0,0.0,0.0,0.0,1.0,0.0,0.0,0.0,0.6450485445118945,0.9861532507942028,-0.36348417101291347,-0.1245354886983552,0.9258737865415383,0.7351314412791863,0.6920613734032844,-0.14125327883151229,-0.1781057493664113,-0.16568651602362097,1.580191756725731,-0.1474557687191013
0.0,0.0,0.0,1.0,0.0,1.0,0.0,0.0,0.0,0.0,1.0,0.0,0.0,0.0,0.0,1.0,0.0,1.362163301894719,-0.8544823638731138,0.27252470061244755,0.7493744293237493,-0.4679222187360117,-0.5745758130850118,-0.6475775332438344,-0.14125327883151229,-0.1781057493664113,-1.3346104465204693,-0.632834588424933,-0.1474557687191013
0.0,1.0,0.0,0.0,0.0,1.0,0.0,0.0,0.0,0.0,0.0,0.0,1.0,1.0,0.0,0.0,0.0,0.21477969008219988,-0.7620303466980431,0.27252470061244755,0.263868919311469,0.6523866271135557,-0.49798474557833355,0.2111653556325239,-0.14125327883151229,-0.1781057493664113,-1.0423794638962574,-0.632834588424933,-0.1474557687191013
1.0,0.0,0.0,0.0,0.0,1.0,1.0,0.0,0.0,0.0,0.0,0.0,0.0,1.0,0.0,0.0,0.0,0.21477969008219988,0.5659168090893361,1.4466949251515757,-0.8042432027155477,0.589781132786668,1.0261774978045637,0.09666630378234282,-0.14125327883151229,-0.1781057493664113,0.7110064318490154,-0.632834588424933,-0.1474557687191013
0.0,1.0,0.0,0.0,0.0,1.0,0.0,0.0,0.0,0.0,1.0,0.0,0.0,0.0,1.0,0.0,0.0,-1.5062957276365787,-0.0056047516292829025,1.1042286096609966,0.16676781730901283,-1.571755934499556,0.42110806450180555,-0.6475775332438344,-0.14125327883151229,-0.1781057493664113,-1.0423794638962574,-0.632834588424933,-0.1474557687191013
1.0,0.0,0.0,0.0,0.0,1.0,0.0,0.0,0.0,0.0,1.0,0.0,0.0,0.0,0.0,1.0,0.0,1.362163301894719,-0.3165797184908843,-0.21671289294552248,-0.6100409987106356,0.8846859613264806,-0.2988479700609701,-0.6475775332438344,-0.14125327883151229,-0.1781057493664113,1.2954683970974397,-0.632834588424933,-0.1474557687191013
1.0,0.0,0.0,0.0,0.0,1.0,0.0,0.0,0.0,1.0,0.0,0.0,0.0,1.0,0.0,0.0,0.0,0.7884714959884594,0.6163451820939199,-1.3419593581288536,1.429082143340942,0.9258737865415383,-0.1303476215462779,0.5661124163680854,-0.14125327883151229,-0.1781057493664113,0.7110064318490154,1.580191756725731,-0.1474557687191013
0.0,0.0,1.0,0.0,0.0,1.0,0.0,0.0,0.0,0.0,0.0,0.0,1.0,1.0,0.0,0.0,0.0,0.21477969008219988,0.9945579796283,-0.31456041165711646,0.06966671530655688,0.19108298470491025,0.7657678682818577,1.2989063482092442,-0.14125327883151229,-0.1781057493664113,-0.16568651602362097,-0.632834588424933,-0.1474557687191013
1.0,0.0,0.0,0.0,0.0,1.0,0.0,0.0,0.0,0.0,1.0,0.0,0.0,0.0,0.0,0.0,1.0,-0.07206621287092989,-0.16529459947713232,-0.5591792084361015,-0.5129398967081796,-0.6442061106564583,-0.3218252903129736,1.047008434138846,-0.14125327883151229,-0.1781057493664113,1.2954683970974397,-0.632834588424933,-0.1474557687191013
1.0,0.0,0.0,0.0,0.0,1.0,0.0,0.0,0.0,1.0,0.0,0.0,0.0,0.0,0.0,0.0,1.0,-0.6457580187771894,0.7424161146053799,1.7891612406421546,-0.41583879470572344,-1.6706067150156942,1.278928020576602,-0.6246777228737981,-0.14125327883151229,-0.1781057493664113,0.7110064318490154,1.580191756725731,-0.1474557687191013
0.0,0.0,0.0,1.0,0.0,1.0,0.0,1.0,0.0,0.0,0.0,0.0,0.0,0.0,0.0,1.0,0.0,1.2187403504181542,-1.4007897380894407,-0.9994930426382745,1.2348799393360297,0.9258737865415383,-1.5396232636691578,-0.6475775332438344,-0.14125327883151229,-0.1781057493664113,1.5876993797216516,-0.632834588424933,-0.1474557687191013
0.0,0.0,1.0,0.0,0.0,1.0,0.0,0.0,1.0,0.0,0.0,0.0,0.0,0.0,0.0,1.0,0.0,1.6490092048478489,0.6331546397621147,-0.31456041165711646,-1.192647610725372,0.9258737865415383,0.4594035982551447,-0.6475775332438344,-0.14125327883151229,-0.1781057493664113,-0.16568651602362097,1.580191756725731,-0.1474557687191013
0.0,0.0,0.0,1.0,0.0,1.0,0.0,0.0,0.0,0.0,0.0,1.0,0.0,0.0,0.0,1.0,0.0,1.362163301894719,-0.8796965503754058,-0.06994161487813147,2.011688755355678,0.9258737865415383,-0.7124397345970326,-0.6475775332438344,-0.14125327883151229,-0.1781057493664113,-1.3346104465204693,-0.632834588424933,-0.1474557687191013
0.0,0.0,0.0,1.0,0.0,1.0,0.0,0.0,1.0,0.0,0.0,0.0,0.0,0.0,1.0,0.0,0.0,-1.6497186791131437,-1.6529316031123606,-0.9505692832824775,-0.1245354886983552,0.8105478759393769,-1.7234418256851853,-0.6475775332438344,-0.14125327883151229,-0.1781057493664113,-1.6268414291446816,1.580191756725731,-0.1474557687191013
1.0,0.0,0.0,0.0,0.0,1.0,0.0,0.0,0.0,0.0,0.0,1.0,0.0,0.0,0.0,0.0,1.0,-0.07206621287092989,0.439845876577876,-0.7059504865034925,1.2348799393360297,0.7248771994920571,0.11474379447509249,2.0431501852354215,-0.14125327883151229,-0.1781057493664113,1.0032374144732275,-0.632834588424933,-0.1474557687191013
0.0,0.0,1.0,0.0,0.0,1.0,0.0,0.0,0.0,0.0,0.0,0.0,1.0,1.0,0.0,0.0,0.0,0.7884714959884594,1.011367437296495,0.5660672567472296,0.4580711233163813,-1.0577318758156369,1.141064099064581,-0.09798208436296509,-0.14125327883151229,-0.1781057493664113,-0.16568651602362097,-0.632834588424933,-0.1474557687191013
1.0,0.0,0.0,0.0,0.0,1.0,0.0,0.0,0.0,0.0,0.0,1.0,0.0,0.0,1.0,0.0,0.0,-1.076026873206884,-0.8376729062049192,1.4466949251515757,-0.7071421007130917,-1.9243237183404491,-0.23757511605562745,-0.6475775332438344,-0.14125327883151229,-0.1781057493664113,1.2954683970974397,-0.632834588424933,-0.1474557687191013
0.0,0.0,0.0,1.0,0.0,1.0,0.0,0.0,1.0,0.0,0.0,0.0,0.0,1.0,0.0,0.0,0.0,0.7884714959884594,-1.4848370264304138,-1.5865781549078386,0.8464755313262055,0.9258737865415383,-1.95321502820522,-0.45292914509852644,-0.14125327883151229,-0.1781057493664113,1.5876993797216516,1.580191756725731,-0.1474557687191013
0.0,0.0,1.0,0.0,0.0,1.0,0.0,0.0,1.0,0.0,0.0,0.0,0.0,0.0,0.0,0.0,1.0,-0.07206621287092989,1.2130809293148308,-1.3419593581288536,0.16676781730901283,0.6639192181737718,0.34451699699512733,2.4438968667110554,-0.14125327883151229,-0.1781057493664113,-0.16568651602362097,1.580191756725731,-0.1474557687191013
1.0,0.0,0.0,0.0,0.0,1.0,0.0,0.0,0.0,0.0,0.0,1.0,0.0,1.0,0.0,0.0,0.0,0.07135673860563499,-0.24934188781810568,-1.7333494329752295,0.06966671530655688,0.5057579693479505,-1.1030541788810917,1.4363052104294618,-0.14125327883151229,-0.1781057493664113,1.2954683970974397,-0.632834588424933,-0.1474557687191013
0.0,1.0,0.0,0.0,0.0,1.0,0.0,0.0,1.0,0.0,0.0,0.0,0.0,0.0,0.0,1.0,0.0,0.9318944474650244,-0.5771263123479017,0.12575342254505653,1.429082143340942,-0.044511375525219346,-0.3830981443183162,-0.1895813258431099,-0.14125327883151229,-0.1781057493664113,-1.0423794638962574,1.580191756725731,-0.1474557687191013
1.0,0.0,0.0,0.0,1.0,0.0,0.0,0.0,0.0,0.0,0.0,1.0,0.0,0.0,0.0,0.0,1.0,-0.07206621287092989,0.28015602873002643,-0.6570267271476955,-0.9984454067204599,0.9258737865415383,0.0075162999657429706,0.749310899328375,-0.14125327883151229,-0.1781057493664113,1.0032374144732275,-0.632834588424933,-0.1474557687191013
0.0,0.0,0.0,1.0,1.0,0.0,0.0,0.0,0.0,0.0,1.0,0.0,0.0,0.0,1.0,0.0,0.0,-0.9326039217303193,-1.2999329920802727,-1.2441118394172594,1.3319810413384858,0.9258737865415383,-1.5932370109238325,-0.6475775332438344,-0.14125327883151229,-0.1781057493664113,-1.3346104465204693,-0.632834588424933,-0.1474557687191013
0.0,0.0,1.0,0.0,0.0,1.0,0.0,0.0,0.0,0.0,0.0,0.0,1.0,0.0,0.0,1.0,0.0,1.6490092048478489,0.9357248777896187,1.7402374812863577,-0.8042432027155477,0.6095512888898957,1.4397692623406264,-0.6475775332438344,0.7730659742946313,-0.1781057493664113,0.41877544922480325,-0.632834588424933,0.7659424474334442
0.0,0.0,0.0,1.0,0.0,1.0,0.0,0.0,0.0,0.0,0.0,0.0,1.0,0.0,0.0,1.0,0.0,1.5055862533712838,-1.6361221454441663,-1.0973405613498686,-0.41583879470572344,0.9258737865415383,-1.784714679690528,-0.6475775332438344,-0.14125327883151229,-0.1781057493664113,1.5876993797216516,-0.632834588424933,-0.1474557687191013
0.0,1.0,0.0,0.0,0.0,1.0,0.0,0.0,0.0,1.0,0.0,0.0,0.0,0.0,0.0,0.0,1.0,-0.3589121158240597,-0.5687215835138044,-0.2656366523013195,-1.192647610725372,-0.9704136863597147,-0.520962065830337,-0.25828075695321856,-0.14125327883151229,-0.1781057493664113,-1.0423794638962574,1.580191756725731,-0.1474557687191013
0.0,0.0,0.0,1.0,0.0,1.0,1.0,0.0,0.0,0.0,0.0,0.0,0.0,0.0,0.0,1.0,0.0,1.2187403504181542,-1.0225769405550604,-0.8037980052150865,-0.5129398967081796,-0.5354702520887062,-1.133690605883763,-0.6475775332438344,-0.14125327883151229,-0.1781057493664113,1.5876993797216516,-0.632834588424933,-0.1474557687191013
1.0,0.0,0.0,0.0,0.0,1.0,0.0,0.0,0.0,0.0,1.0,0.0,0.0,0.0,0.0,1.0,0.0,1.5055862533712838,0.9441296066237161,0.6149910161030265,0.7493744293237493,0.9126936824727198,1.0951094585605743,-0.6475775332438344,-0.14125327883151229,-0.1781057493664113,0.7110064318490154,-0.632834588424933,-0.1474557687191013
0.0,0.0,0.0,1.0,1.0,0.0,0.0,0.0,0.0,1.0,0.0,0.0,0.0,1.0,0.0,0.0,0.0,0.07135673860563499,-0.7536256178639459,1.5934662032189666,-0.9013443047180038,-1.7035569751877404,-0.12268851479561008,-0.5674281969487076,8.544779625866852,-0.1781057493664113,1.5876993797216516,1.580191756725731,8.52982728473008
0.0,0.0,1.0,0.0,0.0,1.0,1.0,0.0,0.0,0.0,0.0,0.0,0.0,0.0,0.0,0.0,1.0,-0.6457580187771894,0.5070837072506548,0.7128385348146206,0.263868919311469,-0.2273853194800752,0.750449654780522,-0.30408037769329105,-0.14125327883151229,-0.1781057493664113,-0.16568651602362097,-0.632834588424933,-0.1474557687191013
0.0,0.0,1.0,0.0,0.0,1.0,0.0,0.0,0.0,1.0,0.0,0.0,0.0,0.0,0.0,1.0,0.0,1.362163301894719,0.7592255722735748,-0.16778913358972547,-0.22163659070081138,0.9258737865415383,0.6355630535205045,-0.6475775332438344,-0.14125327883151229,-0.1781057493664113,-0.16568651602362097,1.580191756725731,-0.1474557687191013
0.0,0.0,1.0,0.0,0.0,1.0,0.0,0.0,0.0,0.0,1.0,0.0,0.0,0.0,0.0,0.0,1.0,-0.6457580187771894,0.465060063080168,1.2999236470841846,0.263868919311469,-1.863365737022164,0.8959726830432108,-0.46437905028354454,-0.14125327883151229,-0.1781057493664113,-0.16568651602362097,-0.632834588424933,-0.1474557687191013
1.0,0.0,0.0,0.0,0.0,1.0,0.0,0.0,0.0,0.0,1.0,0.0,0.0,1.0,0.0,0.0,0.0,0.7884714959884594,0.05322835020939839,-1.0484168019940716,-0.3187376927032675,0.9258737865415383,-0.3830981443183162,-0.08653217917794698,-0.14125327883151229,-0.1781057493664113,1.2954683970974397,-0.632834588424933,-0.1474557687191013
0.0,1.0,0.0,0.0,0.0,1.0,0.0,1.0,0.0,0.0,0.0,0.0,0.0,1.0,0.0,0.0,0.0,0.5016255930353297,0.1877040115549559,-1.2930355987730566,1.1377788373335735,-1.614591272723216,-0.42905278482232306,1.665303314129824,-0.14125327883151229,-0.1781057493664113,-1.0423794638962574,-0.632834588424933,-0.1474557687191013
1.0,0.0,0.0,0.0,0.0,1.0,1.0,0.0,0.0,0.0,0.0,0.0,0.0,0.0,1.0,0.0,0.0,-1.076026873206884,0.40622696124148644,1.7891612406421546,-0.02743438669589927,-0.2306803454972798,0.972563750549889,-0.6475775332438344,2.144544853983847,-0.1781057493664113,0.7110064318490154,-0.632834588424933,2.1360397716622623
0.0,1.0,0.0,0.0,0.0,1.0,0.0,0.0,1.0,0.0,0.0,0.0,0.0,0.0,0.0,1.0,0.0,1.0753173989415892,0.6415593685962119,-0.5591792084361015,1.72038544934831,0.8467931621286277,0.3521761037457951,-0.32698018806332724,-0.14125327883151229,-0.1781057493664113,-0.4579174986478331,1.580191756725731,-0.1474557687191013
1.0,0.0,0.0,0.0,0.0,1.0,0.0,1.0,0.0,0.0,0.0,0.0,0.0,0.0,0.0,1.0,0.0,1.6490092048478489,-0.08965203997025627,0.027905903833462538,-1.2897487127278282,-1.2406058197704928,-0.007801913535592693,-0.6475775332438344,-0.14125327883151229,-0.1781057493664113,1.0032374144732275,-0.632834588424933,-0.1474557687191013
0.0,1.0,0.0,0.0,0.0,1.0,0.0,0.0,0.0,1.0,0.0,0.0,0.0,0.0,0.0,1.0,0.0,1.362163301894719,-0.2745560743203976,0.7617622941704176,0.4580711233163813,-2.008346881779167,0.07644826072175336,-0.6475775332438344,-0.14125327883151229,-0.1781057493664113,-1.0423794638962574,1.580191756725731,-0.1474557687191013
1.0,0.0,0.0,0.0,1.0,0.0,0.0,1.0,0.0,0.0,0.0,0.0,0.0,0.0,0.0,0.0,1.0,-0.6457580187771894,0.13727563855037175,0.12575342254505653,0.36097002131392514,0.9258737865415383,0.22197128898444207,-0.6246777228737981,-0.14125327883151229,-0.1781057493664113,0.7110064318490154,-0.632834588424933,-0.1474557687191013
1.0,0.0,0.0,0.0,0.0,1.0,0.0,0.0,0.0,0.0,0.0,1.0,0.0,0.0,0.0,0.0,1.0,-0.2154891643474948,-0.5855310411819992,-0.9994930426382745,0.7493744293237493,0.78418766780174,-0.873280976361057,1.0813581496939002,-0.14125327883151229,-0.1781057493664113,1.0032374144732275,-0.632834588424933,-0.1474557687191013
0.0,0.0,0.0,1.0,0.0,1.0,0.0,0.0,1.0,0.0,0.0,0.0,0.0,0.0,0.0,0.0,1.0,-0.3589121158240597,-1.6277174166100687,0.8596098128820115,-1.095546508722916,-1.8254729378243109,-1.0800768586290883,-0.5903280073187437,0.041610571793716446,0.8475023784559472,-1.6268414291446816,1.580191756725731,0.07175980315750964
0.0,0.0,1.0,0.0,0.0,1.0,0.0,0.0,0.0,0.0,0.0,0.0,1.0,0.0,0.0,1.0,0.0,1.2187403504181542,1.2298903869830253,0.8596098128820115,0.06966671530655688,0.476102735193109,1.4321101555899585,-0.6017779125037619,-0.14125327883151229,-0.1781057493664113,0.12654446660059115,-0.632834588424933,-0.1474557687191013
0.0,1.0,0.0,0.0,0.0,1.0,0.0,1.0,0.0,0.0,0.0,0.0,0.0,0.0,0.0,0.0,1.0,-0.7891809702537543,-0.6191499565183884,1.8870087593537486,-1.192647610725372,-2.2373511899748872,0.06878915397108556,-0.6475775332438344,-0.14125327883151229,-0.1781057493664113,-1.0423794638962574,-0.632834588424933,-0.1474557687191013
1.0,0.0,0.0,0.0,0.0,1.0,1.0,0.0,0.0,0.0,0.0,0.0,0.0,1.0,0.0,0.0,0.0,0.6450485445118945,0.3221796729005131,-1.1951880800614625,-0.5129398967081796,0.8303180320426046,-0.2605524363076309,1.0355585289538278,-0.14125327883151229,-0.1781057493664113,1.0032374144732275,-0.632834588424933,-0.1474557687191013
0.0,0.0,1.0,0.0,0.0,1.0,0.0,0.0,1.0,0.0,0.0,0.0,0.0,0.0,0.0,1.0,0.0,1.0753173989415892,1.7425788458629627,-0.7059504865034925,0.4580711233163813,0.9258737865415383,1.187018739568588,-0.30408037769329105,-0.14125327883151229,-0.1781057493664113,0.41877544922480325,1.580191756725731,-0.1474557687191013
0.0,0.0,0.0,1.0,0.0,1.0,0.0,0.0,0.0,1.0,0.0,0.0,0.0,0.0,0.0,1.0,0.0,1.362163301894719,-1.0982195000619366,0.027905903833462538,1.2348799393360297,0.6985169913544201,-0.8656218696103891,-0.6475775332438344,-0.14125327883151229,-0.1781057493664113,1.5876993797216516,1.580191756725731,-0.1474557687191013
1.0,0.0,0.0,0.0,0.0,1.0,0.0,1.0,0.0,0.0,0.0,0.0,0.0,0.0,0.0,1.0,0.0,1.2187403504181542,0.8684870471168399,-0.5102554490803045,0.06966671530655688,0.9258737865415383,0.5666310927644941,-0.6475775332438344,-0.14125327883151229,-0.1781057493664113,0.7110064318490154,-0.632834588424933,-0.1474557687191013
0.0,0.0,1.0,0.0,0.0,1.0,0.0,0.0,0.0,0.0,1.0,0.0,0.0,1.0,0.0,0.0,0.0,0.5016255930353297,1.3223424041580962,0.3703722193240416,-0.8042432027155477,0.6062562628726911,1.3402008745819447,1.1271577704339728,-0.14125327883151229,-0.1781057493664113,0.12654446660059115,-0.632834588424933,-0.1474557687191013
0.0,1.0,0.0,0.0,0.0,1.0,0.0,1.0,0.0,0.0,0.0,0.0,0.0,0.0,0.0,1.0,0.0,1.6490092048478489,-0.5266979393433178,-0.11886537423392847,-0.8042432027155477,-1.550338265387726,-0.42905278482232306,-0.6475775332438344,-0.14125327883151229,-0.1781057493664113,-1.0423794638962574,-0.632834588424933,-0.1474557687191013
0.0,1.0,0.0,0.0,0.0,1.0,0.0,1.0,0.0,0.0,0.0,0.0,0.0,0.0,1.0,0.0,0.0,-1.362872776160014,0.2213229268913451,1.1042286096609966,-0.3187376927032675,-1.225778202693072,0.6202448400191689,-0.6475775332438344,-0.14125327883151229,-0.1781057493664113,-0.7501484812720451,-0.632834588424933,-0.1474557687191013
0.0,0.0,0.0,1.0,0.0,1.0,0.0,1.0,0.0,0.0,0.0,0.0,0.0,0.0,1.0,0.0,0.0,-0.9326039217303193,-0.9301249233799899,1.2020761283725907,0.9435766333286616,-1.9523314394866884,-0.3677799308169805,-0.6475775332438344,-0.14125327883151229,-0.1781057493664113,1.5876993797216516,-0.632834588424933,-0.1474557687191013
0.0,1.0,0.0,0.0,0.0,1.0,0.0,0.0,0.0,0.0,0.0,1.0,0.0,0.0,1.0,0.0,0.0,-1.219449824683449,-0.7031972448593619,-0.7059504865034925,2.011688755355678,0.9258737865415383,-0.82732633585705,-0.6475775332438344,-0.14125327883151229,-0.1781057493664113,-1.0423794638962574,-0.632834588424933,-0.1474557687191013
1.0,0.0,0.0,0.0,0.0,1.0,1.0,0.0,0.0,0.0,0.0,0.0,0.0,1.0,0.0,0.0,0.0,0.21477969008219988,-0.5014837528410258,-1.6844256736194325,1.0406777353311174,0.6589766791479649,-1.2562363138944483,1.44775511561448,-0.14125327883151229,-0.1781057493664113,1.2954683970974397,-0.632834588424933,-0.1474557687191013
1.0,0.0,0.0,0.0,0.0,1.0,0.0,0.0,1.0,0.0,0.0,0.0,0.0,1.0,0.0,0.0,0.0,0.5016255930353297,-0.7872445332003352,0.9574573315936056,0.263868919311469,-0.2043201373596429,-0.3141661835623057,0.2798647867426326,-0.14125327883151229,10.334377560812763,1.2954683970974397,1.580191756725731,0.22703749990344232
0.0,0.0,0.0,1.0,0.0,1.0,0.0,0.0,1.0,0.0,0.0,0.0,0.0,0.0,0.0,0.0,1.0,-0.7891809702537543,-1.106624228896034,0.07682966318925954,-1.2897487127278282,-0.5898381813725823,-0.8579627628597214,-0.6475775332438344,-0.14125327883151229,-0.1781057493664113,-1.6268414291446816,1.580191756725731,-0.1474557687191013
0.0,0.0,0.0,1.0,0.0,1.0,0.0,0.0,0.0,0.0,0.0,0.0,1.0,1.0,0.0,0.0,0.0,0.6450485445118945,-0.7452208890298485,1.4956186845073727,0.7493744293237493,-1.5799934995425675,-0.13800672829694574,-0.5674281969487076,-0.14125327883151229,-0.1781057493664113,-1.3346104465204693,-0.632834588424933,-0.1474557687191013
0.0,0.0,1.0,0.0,0.0,1.0,0.0,0.0,1.0,0.0,0.0,0.0,0.0,0.0,1.0,0.0,0.0,-0.9326039217303193,0.7256066569371853,1.4466949251515757,-1.095546508722916,-1.8930209711770054,1.1717005260672526,-0.6475775332438344,-0.14125327883151229,-0.1781057493664113,-0.16568651602362097,1.580191756725731,-0.1474557687191013
1.0,0.0,0.0,0.0,0.0,1.0,0.0,1.0,0.0,0.0,0.0,0.0,0.0,0.0,1.0,0.0,0.0,-1.076026873206884,-0.7620303466980431,0.46821973803563555,-1.6781531207376523,0.9258737865415383,-0.42905278482232306,-0.6475775332438344,-0.14125327883151229,-0.1781057493664113,1.2954683970974397,-0.632834588424933,-0.1474557687191013
0.0,0.0,0.0,1.0,1.0,0.0,0.0,1.0,0.0,0.0,0.0,0.0,0.0,0.0,0.0,1.0,0.0,1.0753173989415892,-1.2495046190756887,-0.8527217645708836,0.36097002131392514,0.9258737865415383,-1.348145594902462,-0.6475775332438344,-0.14125327883151229,-0.1781057493664113,1.5876993797216516,-0.632834588424933,-0.1474557687191013
1.0,0.0,0.0,0.0,0.0,1.0,0.0,0.0,0.0,0.0,0.0,0.0,1.0,0.0,0.0,0.0,1.0,-0.6457580187771894,0.5659168090893361,1.0063810909494026,-0.8042432027155477,0.9258737865415383,0.8959726830432108,-0.49872876583859893,-0.14125327883151229,-0.1781057493664113,0.7110064318490154,-0.632834588424933,-0.1474557687191013
0.0,0.0,0.0,1.0,0.0,1.0,0.0,0.0,0.0,1.0,0.0,0.0,0.0,0.0,0.0,0.0,1.0,-0.07206621287092989,-1.4848370264304138,-1.5376543955520416,0.8464755313262055,0.7397048165694777,-1.922578601202549,0.325664407482705,-0.14125327883151229,-0.1781057493664113,-1.6268414291446816,1.580191756725731,-0.1474557687191013
0.0,0.0,1.0,0.0,0.0,1.0,0.0,0.0,1.0,0.0,0.0,0.0,0.0,0.0,1.0,0.0,0.0,-1.219449824683449,0.8348681317804507,-0.21671289294552248,-0.7071421007130917,0.6260264189759187,0.6738585872738436,-0.6475775332438344,-0.14125327883151229,-0.1781057493664113,0.41877544922480325,1.580191756725731,-0.1474557687191013
0.0,0.0,0.0,1.0,0.0,1.0,0.0,0.0,1.0,0.0,0.0,0.0,0.0,1.0,0.0,0.0,0.0,0.7884714959884594,-1.1738620595688127,-1.9290444703984175,3.176901979385151,0.9258737865415383,-1.9838514552078916,-0.09798208436296509,-0.14125327883151229,-0.1781057493664113,-1.3346104465204693,1.580191756725731,-0.1474557687191013
0.0,1.0,0.0,0.0,0.0,1.0,0.0,0.0,0.0,0.0,1.0,0.0,0.0,0.0,1.0,0.0,0.0,-1.5062957276365787,0.2717512998959292,0.46821973803563555,0.36097002131392514,0.6935744523286133,0.4594035982551447,-0.6475775332438344,-0.14125327883151229,-0.1781057493664113,-1.0423794638962574,-0.632834588424933,-0.1474557687191013
0.0,1.0,0.0,0.0,0.0,1.0,1.0,0.0,0.0,0.0,0.0,0.0,0.0,1.0,0.0,0.0,0.0,0.6450485445118945,-0.6611736006888751,-1.8311969516868236,0.36097002131392514,0.46621765714149516,-1.5089868366664865,1.6080537882047332,-0.14125327883151229,-0.1781057493664113,-1.0423794638962574,-0.632834588424933,-0.1474557687191013
0.0,0.0,1.0,0.0,0.0,1.0,0.0,0.0,0.0,0.0,1.0,0.0,0.0,0.0,1.0,0.0,0.0,-0.9326039217303193,1.2551045734853175,0.3703722193240416,-1.192647610725372,0.9258737865415383,1.278928020576602,-0.6475775332438344,-0.14125327883151229,-0.1781057493664113,0.41877544922480325,-0.632834588424933,-0.1474557687191013
0.0,0.0,1.0,0.0,0.0,1.0,0.0,0.0,0.0,0.0,0.0,1.0,0.0,0.0,0.0,1.0,0.0,1.0753173989415892,1.6837457440242818,-0.06994161487813147,0.4580711233163813,0.38219449370277764,1.4627465825926298,-0.1437817051030375,-0.14125327883151229,-0.1781057493664113,0.12654446660059115,-0.632834588424933,-0.1474557687191013
0.0,1.0,0.0,0.0,0.0,1.0,0.0,0.0,0.0,0.0,0.0,1.0,0.0,0.0,0.0,1.0,0.0,0.9318944474650244,1.2130809293148308,-0.5591792084361015,0.7493744293237493,-0.5354702520887062,0.8270407222872002,-0.15523161028805563,-0.14125327883151229,-0.1781057493664113,-0.4579174986478331,-0.632834588424933,-0.1474557687191013
0.0,0.0,0.0,1.0,0.0,1.0,0.0,0.0,1.0,0.0,0.0,0.0,0.0,0.0,0.0,1.0,0.0,1.0753173989415892,-0.9721485675504765,-0.5102554490803045,-1.2897487127278282,0.7248771994920571,-0.9651902573690708,-0.6475775332438344,-0.14125327883151229,-0.1781057493664113,1.5876993797216516,1.580191756725731,-0.1474557687191013
1.0,0.0,0.0,0.0,0.0,1.0,0.0,0.0,0.0,0.0,1.0,0.0,0.0,0.0,0.0,0.0,1.0,-0.2154891643474948,0.9693437931260082,0.5660672567472296,-0.5129398967081796,0.02633168384467976,1.102768565311242,0.4516133645179042,-0.14125327883151229,-0.1781057493664113,0.7110064318490154,-0.632834588424933,-0.1474557687191013
1.0,0.0,0.0,0.0,0.0,1.0,0.0,1.0,0.0,0.0,0.0,0.0,0.0,0.0,0.0,1.0,0.0,1.6490092048478489,0.5995357244257252,0.46821973803563555,-0.5129398967081796,0.864915805223253,0.7427905480298542,-0.6475775332438344,-0.14125327883151229,-0.1781057493664113,0.7110064318490154,-0.632834588424933,-0.1474557687191013
0.0,0.0,0.0,1.0,0.0,1.0,0.0,0.0,0.0,0.0,1.0,0.0,0.0,0.0,0.0,0.0,1.0,-0.07206621287092989,-1.9555018411398648,-0.8527217645708836,1.72038544934831,0.31464646035008315,-1.9302377079532167,0.3142145022976868,-0.14125327883151229,-0.1781057493664113,-1.6268414291446816,-0.632834588424933,-0.1474557687191013
0.0,1.0,0.0,0.0,0.0,1.0,0.0,1.0,0.0,0.0,0.0,0.0,0.0,0.0,0.0,1.0,0.0,1.2187403504181542,-0.30817498965678697,1.7891612406421546,-0.1245354886983552,-1.1499926042973658,0.32919878349379156,-0.6475775332438344,0.7730659742946313,-0.1781057493664113,-0.7501484812720451,-0.632834588424933,0.7659424474334442
0.0,0.0,1.0,0.0,0.0,1.0,0.0,0.0,0.0,1.0,0.0,0.0,0.0,1.0,0.0,0.0,0.0,0.07135673860563499,1.6333173710196975,0.027905903833462538,1.6232843473458538,0.5634209246490312,1.4627465825926298,2.0202503748653853,-0.14125327883151229,-0.1781057493664113,0.41877544922480325,1.580191756725731,-0.1474557687191013
0.0,0.0,0.0,1.0,0.0,1.0,0.0,0.0,0.0,0.0,0.0,1.0,0.0,1.0,0.0,0.0,0.0,0.7884714959884594,-1.6865505184487501,-1.2930355987730566,0.8464755313262055,0.9258737865415383,-1.9302377079532167,-0.43002933472849025,-0.14125327883151229,-0.1781057493664113,1.5876993797216516,-0.632834588424933,-0.1474557687191013
0.0,1.0,0.0,0.0,0.0,1.0,0.0,0.0,0.0,0.0,0.0,1.0,0.0,0.0,0.0,0.0,1.0,-0.3589121158240597,0.6499640974303094,-0.2656366523013195,-0.9013443047180038,-1.7414497743855935,0.4976991320084838,1.161507485989027,-0.14125327883151229,-0.1781057493664113,-0.4579174986478331,-0.632834588424933,-0.1474557687191013
0.0,0.0,0.0,1.0,0.0,1.0,0.0,1.0,0.0,0.0,0.0,0.0,0.0,0.0,0.0,0.0,1.0,-0.3589121158240597,-1.1486478730665206,-0.7548742458592895,-1.192647610725372,0.2602785310662071,-1.217940780141109,-0.05218246362289261,-0.14125327883151229,-0.1781057493664113,-1.3346104465204693,-0.632834588424933,-0.1474557687191013
0.0,1.0,0.0,0.0,0.0,1.0,0.0,0.0,1.0,0.0,0.0,0.0,0.0,0.0,1.0,0.0,0.0,-1.6497186791131437,0.2717512998959292,0.027905903833462538,-1.4839509167327403,-1.123632396159729,0.29856235649112023,-0.6475775332438344,-0.14125327883151229,-0.1781057493664113,-0.7501484812720451,1.580191756725731,-0.1474557687191013
0.0,1.0,0.0,0.0,0.0,1.0,0.0,0.0,0.0,0.0,1.0,0.0,0.0,0.0,0.0,1.0,0.0,1.362163301894719,0.028014163707106472,0.07682966318925954,0.4580711233163813,0.13012500338662497,0.10708468772442468,-0.6475775332438344,-0.14125327883151229,-0.1781057493664113,-0.7501484812720451,-0.632834588424933,-0.1474557687191013
0.0,1.0,0.0,0.0,0.0,1.0,0.0,0.0,0.0,1.0,0.0,0.0,0.0,0.0,1.0,0.0,0.0,-1.362872776160014,-0.5939357700160964,1.1531523690167935,-0.41583879470572344,-2.042944654959815,-0.09205208779293877,-0.6475775332438344,-0.14125327883151229,-0.1781057493664113,-1.0423794638962574,1.580191756725731,-0.1474557687191013
0.0,0.0,1.0,0.0,0.0,1.0,0.0,0.0,0.0,0.0,0.0,1.0,0.0,1.0,0.0,0.0,0.0,0.07135673860563499,1.7509835746970601,-0.4613316897245075,-0.22163659070081138,0.6639192181737718,1.324882661080609,1.5393543570946244,-0.14125327883151229,-0.1781057493664113,0.41877544922480325,-0.632834588424933,-0.1474557687191013
1.0,0.0,0.0,0.0,0.0,1.0,0.0,0.0,1.0,0.0,0.0,0.0,0.0,0.0,0.0,1.0,0.0,1.6490092048478489,-0.5687215835138044,-0.31456041165711646,0.06966671530655688,0.9258737865415383,-0.5439393860823405,-0.6475775332438344,-0.14125327883151229,-0.1781057493664113,1.0032374144732275,1.580191756725731,-0.1474557687191013
0.0,0.0,0.0,1.0,0.0,1.0,0.0,1.0,0.0,0.0,0.0,0.0,0.0,0.0,1.0,0.0,0.0,-1.6497186791131437,-1.980716027642157,-0.31456041165711646,0.6522733273212932,0.9258737865415383,-1.738760039186521,-0.6475775332438344,-0.14125327883151229,-0.1781057493664113,-1.3346104465204693,-0.632834588424933,-0.1474557687191013
0.0,0.0,0.0,1.0,0.0,1.0,0.0,0.0,0.0,0.0,0.0,0.0,1.0,1.0,0.0,0.0,0.0,0.21477969008219988,-2.106786960153617,-1.6355019142636356,4.147912999409711,0.7397048165694777,-2.4740342872506322,0.8065604252534656,-0.14125327883151229,2.1295125382338953,-1.6268414291446816,-0.632834588424933,-0.0652499292653722
0.0,0.0,1.0,0.0,0.0,1.0,0.0,0.0,0.0,0.0,1.0,0.0,0.0,0.0,0.0,1.0,0.0,1.6490092048478489,0.7172019281030881,0.46821973803563555,-0.9013443047180038,0.9258737865415383,0.8500180425392037,-0.6475775332438344,-0.14125327883151229,-0.1781057493664113,-0.16568651602362097,-0.632834588424933,-0.1474557687191013
1.0,0.0,0.0,0.0,0.0,1.0,0.0,0.0,1.0,0.0,0.0,0.0,0.0,1.0,0.0,0.0,0.0,0.07135673860563499,-0.8881012792095032,1.2509998877283877,0.16676781730901283,0.16472277656727338,-0.32948439706364135,-0.1895813258431099,1.504521376795546,17.770036487524862,1.2954683970974397,1.580191756725731,2.1360397716622623
0.0,1.0,0.0,0.0,0.0,1.0,0.0,1.0,0.0,0.0,0.0,0.0,0.0,0.0,1.0,0.0,0.0,-1.076026873206884,-0.6023404988501937,0.46821973803563555,-0.9984454067204599,0.2503934530145932,-0.2988479700609701,-0.6475775332438344,-0.14125327883151229,-0.1781057493664113,-0.7501484812720451,-0.632834588424933,-0.1474557687191013
1.0,0.0,0.0,0.0,0.0,1.0,0.0,0.0,0.0,0.0,0.0,1.0,0.0,0.0,1.0,0.0,0.0,-1.362872776160014,-0.9217201945458926,-0.11886537423392847,-1.192647610725372,0.9258737865415383,-0.7660534818517074,-0.6475775332438344,-0.14125327883151229,-0.1781057493664113,1.0032374144732275,-0.632834588424933,-0.1474557687191013
0.0,0.0,1.0,0.0,0.0,1.0,1.0,0.0,0.0,0.0,0.0,0.0,0.0,0.0,0.0,1.0,0.0,1.5055862533712838,1.145843098642052,1.1531523690167935,-0.41583879470572344,0.47280770917590437,1.455087475841962,-0.6475775332438344,-0.14125327883151229,-0.1781057493664113,0.12654446660059115,-0.632834588424933,-0.1474557687191013
1.0,0.0,0.0,0.0,0.0,1.0,0.0,0.0,0.0,0.0,0.0,0.0,1.0,1.0,0.0,0.0,0.0,0.6450485445118945,-0.10646149763845088,-1.1951880800614625,0.555172225318837,0.8912760133608898,-0.5975531333370152,0.6806114682182663,-0.14125327883151229,-0.1781057493664113,1.0032374144732275,-0.632834588424933,-0.1474557687191013
1.0,0.0,0.0,0.0,0.0,1.0,0.0,0.0,0.0,1.0,0.0,0.0,0.0,0.0,0.0,1.0,0.0,1.362163301894719,0.061633079043495846,0.3703722193240416,0.6522733273212932,0.7561799466555008,0.2449486092364455,-0.6475775332438344,-0.14125327883151229,-0.1781057493664113,1.0032374144732275,1.580191756725731,-0.1474557687191013
0.0,1.0,0.0,0.0,0.0,1.0,0.0,1.0,0.0,0.0,0.0,0.0,0.0,0.0,1.0,0.0,0.0,-1.6497186791131437,0.2045134692231505,1.2999236470841846,-0.8042432027155477,0.9258737865415383,0.6585403737725081,-0.6475775332438344,-0.14125327883151229,-0.1781057493664113,-0.4579174986478331,-0.632834588424933,-0.1474557687191013
1.0,0.0,0.0,0.0,0.0,1.0,0.0,0.0,0.0,0.0,0.0,1.0,0.0,1.0,0.0,0.0,0.0,0.07135673860563499,-0.13167568414074293,1.5445424438631696,-0.5129398967081796,-0.7661220732930288,0.4287671712524734,-0.5788781021337256,4.430342986799206,-0.1781057493664113,1.0032374144732275,-0.632834588424933,4.419535312043626
1.0,0.0,0.0,0.0,0.0,1.0,0.0,0.0,0.0,1.0,0.0,0.0,0.0,1.0,0.0,0.0,0.0,0.3582026415587648,0.5911309955916281,-1.7333494329752295,0.555172225318837,0.7545324336468985,-0.4596892118249944,1.9057513230152041,-0.14125327883151229,-0.1781057493664113,1.0032374144732275,1.580191756725731,-0.1474557687191013
0.0,1.0,0.0,0.0,0.0,1.0,0.0,0.0,0.0,0.0,0.0,0.0,1.0,0.0,0.0,0.0,1.0,-0.7891809702537543,0.08684726554578777,0.5171434973914326,-0.1245354886983552,0.7314672515264663,0.313880569992456,-0.6475775332438344,-0.14125327883151229,-0.1781057493664113,-1.0423794638962574,-0.632834588424933,-0.1474557687191013
0.0,0.0,1.0,0.0,0.0,1.0,0.0,0.0,0.0,0.0,1.0,0.0,0.0,1.0,0.0,0.0,0.0,0.7884714959884594,1.490436980840043,0.027905903833462538,0.4580711233163813,0.9258737865415383,1.3402008745819447,-0.17813142065809187,-0.14125327883151229,-0.1781057493664113,0.41877544922480325,-0.632834588424933,-0.1474557687191013
0.0,1.0,0.0,0.0,0.0,1.0,0.0,0.0,0.0,0.0,0.0,0.0,1.0,0.0,1.0,0.0,0.0,-0.9326039217303193,0.44825060541197315,1.2509998877283877,-1.095546508722916,-1.7892276516350603,0.8653362560405393,-0.6475775332438344,-0.14125327883151229,-0.1781057493664113,-0.4579174986478331,-0.632834588424933,-0.1474557687191013
1.0,0.0,0.0,0.0,0.0,1.0,0.0,0.0,1.0,0.0,0.0,0.0,0.0,1.0,0.0,0.0,0.0,0.21477969008219988,-0.8796965503754058,1.2020761283725907,0.16676781730901283,0.5535358465974173,-0.32948439706364135,0.3142145022976868,-0.14125327883151229,15.206016167968965,1.2954683970974397,1.580191756725731,0.40058316097242597
0.0,1.0,0.0,0.0,0.0,1.0,0.0,0.0,0.0,0.0,1.0,0.0,0.0,1.0,0.0,0.0,0.0,0.3582026415587648,-0.45105537983644167,0.17467718190085355,0.6522733273212932,0.5271756384597804,-0.26821154305829875,1.2302069170991357,-0.14125327883151229,-0.1781057493664113,-1.0423794638962574,-0.632834588424933,-0.1474557687191013
0.0,0.0,1.0,0.0,0.0,1.0,0.0,0.0,0.0,0.0,1.0,0.0,0.0,0.0,1.0,0.0,0.0,-1.362872776160014,1.4063896924990695,-0.2656366523013195,-0.3187376927032675,0.9258737865415383,1.1334049923139133,-0.6475775332438344,-0.14125327883151229,-0.1781057493664113,0.41877544922480325,-0.632834588424933,-0.1474557687191013
0.0,0.0,0.0,1.0,0.0,1.0,0.0,0.0,0.0,0.0,1.0,0.0,0.0,1.0,0.0,0.0,0.0,0.7884714959884594,-1.081410042393742,-0.021017855522334466,0.263868919311469,-0.45968465369300016,-0.873280976361057,-0.5559782917636894,-0.14125327883151229,-0.1781057493664113,1.5876993797216516,-0.632834588424933,-0.1474557687191013
0.0,0.0,1.0,0.0,0.0,1.0,0.0,0.0,1.0,0.0,0.0,0.0,0.0,0.0,0.0,1.0,0.0,1.5055862533712838,0.666773555098504,0.8106860535262146,-0.41583879470572344,0.9258737865415383,0.9189500032952143,-0.6475775332438344,-0.14125327883151229,-0.1781057493664113,-0.16568651602362097,1.580191756725731,-0.1474557687191013
0.0,0.0,0.0,1.0,0.0,1.0,0.0,0.0,0.0,0.0,0.0,0.0,1.0,0.0,0.0,1.0,0.0,1.2187403504181542,-0.8628870927072111,-1.4398068768404475,1.0406777353311174,0.05763443100812356,-1.3634638084037978,-0.6475775332438344,-0.14125327883151229,-0.1781057493664113,-1.3346104465204693,-0.632834588424933,-0.1474557687191013
0.0,0.0,1.0,0.0,0.0,1.0,0.0,0.0,1.0,0.0,0.0,0.0,0.0,0.0,1.0,0.0,0.0,-0.9326039217303193,1.3559613194944855,0.17467718190085355,0.36097002131392514,0.6540341401221579,1.28658712732727,-0.6475775332438344,-0.14125327883151229,-0.1781057493664113,0.41877544922480325,1.580191756725731,-0.1474557687191013
1.0,0.0,0.0,0.0,0.0,1.0,0.0,1.0,0.0,0.0,0.0,0.0,0.0,1.0,0.0,0.0,0.0,0.21477969008219988,-0.2241277013158136,-0.4613316897245075,0.9435766333286616,0.9258737865415383,-0.3218252903129736,-0.02928265325285637,-0.14125327883151229,-0.1781057493664113,1.0032374144732275,-0.632834588424933,-0.1474557687191013
0.0,1.0,0.0,0.0,0.0,1.0,0.0,0.0,1.0,0.0,0.0,0.0,0.0,0.0,0.0,0.0,1.0,-0.7891809702537543,-0.2157229724817163,0.5660672567472296,-0.7071421007130917,0.9258737865415383,0.06878915397108556,-0.61322781768878,-0.14125327883151229,-0.1781057493664113,-0.4579174986478331,1.580191756725731,-0.1474557687191013
1.0,0.0,0.0,0.0,0.0,1.0,0.0,0.0,0.0,0.0,0.0,0.0,1.0,0.0,1.0,0.0,0.0,-1.6497186791131437,-0.19050878597942422,1.0553048503051996,-0.7071421007130917,-0.47286475776181863,0.23728950248577774,-0.6475775332438344,-0.14125327883151229,-0.1781057493664113,1.0032374144732275,-0.632834588424933,-0.1474557687191013
0.0,1.0,0.0,0.0,0.0,1.0,0.0,0.0,0.0,0.0,0.0,0.0,1.0,0.0,0.0,0.0,1.0,-0.3589121158240597,0.12887090971627443,0.17467718190085355,-0.5129398967081796,0.5436507685458035,0.22963039573510985,-0.43002933472849025,-0.14125327883151229,-0.1781057493664113,-1.0423794638962574,-0.632834588424933,-0.1474557687191013
0.0,0.0,0.0,1.0,0.0,1.0,1.0,0.0,0.0,0.0,0.0,0.0,0.0,0.0,0.0,1.0,0.0,1.0753173989415892,-1.30833772091437,-0.4613316897245075,-1.095546508722916,-0.003323550310161725,-1.2255998868917768,-0.6475775332438344,-0.14125327883151229,-0.1781057493664113,-1.6268414291446816,-0.632834588424933,-0.1474557687191013
0.0,1.0,0.0,0.0,0.0,1.0,0.0,0.0,0.0,0.0,0.0,0.0,1.0,0.0,0.0,1.0,0.0,1.362163301894719,-0.08124731113615896,-0.9016455239266805,0.263868919311469,-0.21420521541125676,-0.4137345713209875,-0.6475775332438344,-0.14125327883151229,-0.1781057493664113,-0.7501484812720451,-0.632834588424933,-0.1474557687191013
1.0,0.0,0.0,0.0,0.0,1.0,0.0,0.0,0.0,0.0,1.0,0.0,0.0,1.0,0.0,0.0,0.0,0.21477969008219988,1.011367437296495,-0.11886537423392847,0.263868919311469,0.8665633182318553,0.8653362560405393,0.966859097843719,-0.14125327883151229,-0.1781057493664113,0.7110064318490154,-0.632834588424933,-0.1474557687191013
1.0,0.0,0.0,0.0,0.0,1.0,0.0,0.0,0.0,0.0,0.0,1.0,0.0,0.0,0.0,0.0,1.0,-0.5023350673006246,0.6247499109280173,1.5445424438631696,0.16676781730901283,-1.5618708564479422,1.102768565311242,-0.04073255843787449,-0.14125327883151229,-0.1781057493664113,0.7110064318490154,-0.632834588424933,-0.1474557687191013
0.0,1.0,0.0,0.0,0.0,1.0,0.0,0.0,0.0,1.0,0.0,0.0,0.0,0.0,1.0,0.0,0.0,-1.362872776160014,-0.40062700683185765,1.7891612406421546,-1.3868498147302841,-1.9688065695727115,0.2449486092364455,-0.6475775332438344,-0.14125327883151229,-0.1781057493664113,-1.0423794638962574,1.580191756725731,-0.1474557687191013
0.0,1.0,0.0,0.0,1.0,0.0,0.0,0.0,0.0,0.0,1.0,0.0,0.0,1.0,0.0,0.0,0.0,0.3582026415587648,-0.9973627540527686,-1.0973405613498686,4.147912999409711,-0.013208628361775554,-1.2638954206451158,2.627095349671345,-0.14125327883151229,-0.1781057493664113,-1.0423794638962574,-0.632834588424933,-0.1474557687191013
0.0,0.0,1.0,0.0,0.0,1.0,0.0,0.0,0.0,0.0,0.0,1.0,0.0,0.0,0.0,0.0,1.0,-0.07206621287092989,0.9693437931260082,-0.2656366523013195,-0.3187376927032675,0.055986917999521255,0.7657678682818577,1.26455663265419,-0.14125327883151229,-0.1781057493664113,-0.16568651602362097,-0.632834588424933,-0.1474557687191013
0.0,0.0,1.0,0.0,0.0,1.0,0.0,1.0,0.0,0.0,0.0,0.0,0.0,0.0,0.0,0.0,1.0,-0.2154891643474948,1.4063896924990695,0.8596098128820115,-0.3187376927032675,-0.9687661733511124,1.5929513973539828,1.0928080548789183,-0.14125327883151229,-0.1781057493664113,0.41877544922480325,-0.632834588424933,-0.1474557687191013
0.0,0.0,0.0,1.0,0.0,1.0,0.0,0.0,0.0,0.0,0.0,1.0,0.0,1.0,0.0,0.0,0.0,0.7884714959884594,-1.989120756476254,-0.9994930426382745,1.72038544934831,0.9258737865415383,-2.0298060957118986,-0.21248113621314615,-0.14125327883151229,2.1295125382338953,-1.6268414291446816,-0.632834588424933,-0.0652499292653722
0.0,1.0,0.0,0.0,0.0,1.0,0.0,0.0,0.0,0.0,0.0,1.0,0.0,0.0,0.0,0.0,1.0,-0.2154891643474948,-0.7872445332003352,-0.36348417101291347,-0.41583879470572344,0.2602785310662071,-0.7507352683503716,1.138607675618991,-0.14125327883151229,-0.1781057493664113,-1.0423794638962574,-0.632834588424933,-0.1474557687191013
1.0,0.0,0.0,0.0,0.0,1.0,0.0,0.0,0.0,1.0,0.0,0.0,0.0,0.0,0.0,1.0,0.0,1.0753173989415892,-0.3670080914954684,-0.31456041165711646,-0.9013443047180038,0.2503934530145932,-0.3754390375676483,-0.6475775332438344,-0.14125327883151229,-0.1781057493664113,1.2954683970974397,1.580191756725731,-0.1474557687191013
0.0,0.0,0.0,1.0,0.0,1.0,0.0,0.0,0.0,0.0,1.0,0.0,0.0,0.0,1.0,0.0,0.0,-1.6497186791131437,-0.8712918215413086,0.7128385348146206,-0.7071421007130917,-1.8913734581684032,-0.4520301050743266,-0.6475775332438344,-0.14125327883151229,-0.1781057493664113,-1.6268414291446816,-0.632834588424933,-0.1474557687191013
0.0,0.0,1.0,0.0,0.0,1.0,0.0,1.0,0.0,0.0,0.0,0.0,0.0,0.0,1.0,0.0,0.0,-0.9326039217303193,1.12062891213976,0.17467718190085355,-1.095546508722916,0.9258737865415383,1.0874503518099063,-0.6475775332438344,-0.14125327883151229,-0.1781057493664113,0.12654446660059115,-0.632834588424933,-0.1474557687191013
0.0,1.0,0.0,0.0,0.0,1.0,0.0,0.0,1.0,0.0,0.0,0.0,0.0,0.0,1.0,0.0,0.0,-1.362872776160014,-0.1736993283112296,0.7128385348146206,-0.22163659070081138,-1.0247816156435907,0.1530393282284316,-0.6475775332438344,-0.14125327883151229,-0.1781057493664113,-1.0423794638962574,1.580191756725731,-0.1474557687191013
0.0,0.0,0.0,1.0,0.0,1.0,0.0,0.0,0.0,1.0,0.0,0.0,0.0,0.0,0.0,1.0,0.0,1.6490092048478489,-1.678145789614653,-0.2656366523013195,-0.9984454067204599,0.9258737865415383,-1.4630321961624795,-0.6475775332438344,-0.14125327883151229,-0.1781057493664113,1.5876993797216516,1.580191756725731,-0.1474557687191013
1.0,0.0,0.0,0.0,0.0,1.0,0.0,0.0,0.0,0.0,1.0,0.0,0.0,0.0,0.0,1.0,0.0,1.5055862533712838,-0.8460776350390165,0.027905903833462538,-0.6100409987106356,-0.3624813861854642,-0.65116688059169,-0.6475775332438344,-0.14125327883151229,-0.1781057493664113,1.2954683970974397,-0.632834588424933,-0.1474557687191013
0.0,0.0,1.0,0.0,0.0,1.0,0.0,0.0,0.0,1.0,0.0,0.0,0.0,0.0,0.0,1.0,0.0,1.2187403504181542,1.6165079133515028,-0.5102554490803045,-0.3187376927032675,0.9258737865415383,1.187018739568588,-0.5559782917636894,-0.14125327883151229,-0.1781057493664113,0.12654446660059115,1.580191756725731,-0.1474557687191013
1.0,0.0,0.0,0.0,0.0,1.0,0.0,1.0,0.0,0.0,0.0,0.0,0.0,0.0,0.0,1.0,0.0,1.0753173989415892,-0.5266979393433178,-0.31456041165711646,-0.9013443047180038,-0.7875397424048588,-0.5056438523290013,-0.6475775332438344,-0.14125327883151229,-0.1781057493664113,1.2954683970974397,-0.632834588424933,-0.1474557687191013
0.0,0.0,0.0,1.0,0.0,1.0,0.0,0.0,0.0,1.0,0.0,0.0,0.0,1.0,0.0,0.0,0.0,0.21477969008219988,-0.8460776350390165,-0.31456041165711646,-0.3187376927032675,-1.4333648417769624,-0.7813716953530432,0.38291393340779556,-0.14125327883151229,-0.1781057493664113,-1.6268414291446816,1.580191756725731,-0.1474557687191013
0.0,0.0,0.0,1.0,0.0,1.0,0.0,0.0,0.0,0.0,0.0,0.0,1.0,0.0,0.0,1.0,0.0,1.362163301894719,-1.6277174166100687,-0.5102554490803045,0.4580711233163813,0.8682108312404576,-1.5166459434171542,-0.6475775332438344,-0.14125327883151229,-0.1781057493664113,-1.3346104465204693,-0.632834588424933,-0.1474557687191013
0.0,0.0,0.0,1.0,0.0,1.0,0.0,0.0,1.0,0.0,0.0,0.0,0.0,0.0,1.0,0.0,0.0,-1.219449824683449,-1.5688843147713871,-0.11886537423392847,-0.7071421007130917,-0.11700194790372076,-1.3251682746504585,-0.6475775332438344,-0.14125327883151229,-0.1781057493664113,-1.6268414291446816,1.580191756725731,-0.1474557687191013
0.0,0.0,1.0,0.0,1.0,0.0,0.0,0.0,0.0,0.0,0.0,0.0,1.0,0.0,0.0,0.0,1.0,-0.6457580187771894,0.5238931649188493,0.22360094125665056,-0.9984454067204599,-0.8600303147833602,0.5896084130164977,-0.12088189473300126,-0.14125327883151229,-0.1781057493664113,-0.16568651602362097,-0.632834588424933,-0.1474557687191013
0.0,1.0,0.0,0.0,0.0,1.0,0.0,1.0,0.0,0.0,0.0,0.0,0.0,0.0,0.0,1.0,0.0,1.5055862533712838,-0.9049107368776979,0.22360094125665056,-0.7071421007130917,0.9258737865415383,-0.6358486670903543,-0.6475775332438344,-0.14125327883151229,-0.1781057493664113,-1.0423794638962574,-0.632834588424933,-0.1474557687191013
0.0,0.0,1.0,0.0,0.0,1.0,0.0,0.0,1.0,0.0,0.0,0.0,0.0,0.0,1.0,0.0,0.0,-1.362872776160014,1.297128217655804,0.46821973803563555,-0.6100409987106356,0.6606241921565672,1.3555190880832801,-0.6475775332438344,-0.14125327883151229,-0.1781057493664113,0.41877544922480325,1.580191756725731,-0.1474557687191013
0.0,1.0,0.0,0.0,0.0,1.0,0.0,0.0,0.0,0.0,0.0,0.0,1.0,1.0,0.0,0.0,0.0,0.7884714959884594,0.8264634029463532,-1.7333494329752295,1.0406777353311174,0.9011610914125037,-0.2835297565596344,1.2302069170991357,-0.14125327883151229,-0.1781057493664113,-0.7501484812720451,-0.632834588424933,-0.1474557687191013
0.0,0.0,1.0,0.0,0.0,1.0,1.0,0.0,0.0,0.0,0.0,0.0,0.0,1.0,0.0,0.0,0.0,0.3582026415587648,1.6501268286878925,-1.5376543955520416,0.263868919311469,0.8665633182318553,0.528335559011155,3.0278420311469785,-0.14125327883151229,-0.1781057493664113,0.41877544922480325,-0.632834588424933,-0.1474557687191013
0.0,0.0,0.0,1.0,0.0,1.0,0.0,0.0,0.0,1.0,0.0,0.0,0.0,0.0,0.0,1.0,0.0,1.0753173989415892,-0.9721485675504765,-1.3908831174846505,0.8464755313262055,0.9258737865415383,-1.4170775556584725,-0.6475775332438344,-0.14125327883151229,-0.1781057493664113,-1.3346104465204693,1.580191756725731,-0.1474557687191013
0.0,0.0,1.0,0.0,0.0,1.0,0.0,0.0,0.0,1.0,0.0,0.0,0.0,0.0,0.0,0.0,1.0,-0.07206621287092989,1.7257693881947684,-0.6081029677918985,-0.02743438669589927,0.8682108312404576,1.2253142733219273,2.3293978148608745,-0.14125327883151229,-0.1781057493664113,0.12654446660059115,1.580191756725731,-0.1474557687191013
0.0,0.0,1.0,0.0,0.0,1.0,0.0,0.0,0.0,1.0,0.0,0.0,0.0,0.0,0.0,0.0,1.0,-0.3589121158240597,1.465222794337751,-0.21671289294552248,-0.8042432027155477,0.7726550767415239,1.2099960598205917,1.3103562533942623,-0.14125327883151229,-0.1781057493664113,0.12654446660059115,1.580191756725731,-0.1474557687191013
0.0,0.0,1.0,0.0,0.0,1.0,0.0,0.0,0.0,0.0,0.0,0.0,1.0,1.0,0.0,0.0,0.0,0.5016255930353297,1.0449863526328842,-0.4124079303687105,0.4580711233163813,-0.680451396845709,0.7657678682818577,-0.10943198954798321,-0.14125327883151229,-0.1781057493664113,-0.16568651602362097,-0.632834588424933,-0.1474557687191013
0.0,0.0,1.0,0.0,0.0,1.0,1.0,0.0,0.0,0.0,0.0,0.0,0.0,0.0,0.0,0.0,1.0,-0.6457580187771894,0.7508208434394773,-0.4613316897245075,-0.02743438669589927,0.9258737865415383,0.49004002525781587,-0.3842297139884178,-0.14125327883151229,-0.1781057493664113,0.41877544922480325,-0.632834588424933,-0.1474557687191013
0.0,0.0,1.0,0.0,0.0,1.0,0.0,0.0,0.0,0.0,0.0,1.0,0.0,0.0,0.0,0.0,1.0,-0.2154891643474948,0.8012492164440614,1.2999236470841846,-0.8042432027155477,0.919283734507129,1.1946778463192558,-0.21248113621314615,-0.14125327883151229,-0.1781057493664113,0.12654446660059115,-0.632834588424933,-0.1474557687191013
0.0,0.0,0.0,1.0,0.0,1.0,0.0,0.0,0.0,0.0,0.0,0.0,1.0,1.0,0.0,0.0,0.0,0.7884714959884594,-1.257909347909786,-1.1462643207056655,0.06966671530655688,0.9258737865415383,-1.5013277299158185,-0.3613299036183816,-0.14125327883151229,-0.1781057493664113,-1.6268414291446816,-0.632834588424933,-0.1474557687191013
1.0,0.0,0.0,0.0,1.0,0.0,0.0,0.0,0.0,0.0,0.0,1.0,0.0,0.0,0.0,1.0,0.0,1.0753173989415892,0.6079404532598227,-0.9505692832824775,-1.095546508722916,0.9258737865415383,0.11474379447509249,-0.6475775332438344,-0.14125327883151229,-0.1781057493664113,0.7110064318490154,-0.632834588424933,-0.1474557687191013
1.0,0.0,0.0,0.0,0.0,1.0,0.0,0.0,0.0,0.0,0.0,0.0,1.0,0.0,0.0,1.0,0.0,1.6490092048478489,-0.7704350755321404,-0.6081029677918985,0.263868919311469,0.767712537715717,-0.8349854426077179,-0.6475775332438344,-0.14125327883151229,-0.1781057493664113,1.2954683970974397,-0.632834588424933,-0.1474557687191013
0.0,0.0,1.0,0.0,0.0,1.0,0.0,0.0,0.0,1.0,0.0,0.0,0.0,1.0,0.0,0.0,0.0,0.21477969008219988,1.37277077716268,-1.6844256736194325,0.9435766333286616,0.7693600507243192,0.18367575523110294,2.993492315591925,-0.14125327883151229,-0.1781057493664113,-0.16568651602362097,1.580191756725731,-0.1474557687191013
0.0,0.0,1.0,0.0,0.0,1.0,0.0,0.0,0.0,0.0,0.0,0.0,1.0,0.0,1.0,0.0,0.0,-1.6497186791131437,1.3475565906603884,0.9085335722378086,0.36097002131392514,0.044454326939305115,1.5546558636006438,-0.6475775332438344,-0.14125327883151229,-0.1781057493664113,0.41877544922480325,-0.632834588424933,-0.1474557687191013
1.0,0.0,0.0,0.0,0.0,1.0,0.0,0.0,0.0,0.0,0.0,0.0,1.0,1.0,0.0,0.0,0.0,0.21477969008219988,0.12046618088217714,0.7617622941704176,-0.41583879470572344,-1.3641692954156657,0.4287671712524734,0.2111653556325239,-0.14125327883151229,-0.1781057493664113,1.2954683970974397,-0.632834588424933,-0.1474557687191013
0.0,1.0,0.0,0.0,0.0,1.0,0.0,0.0,1.0,0.0,0.0,0.0,0.0,0.0,0.0,0.0,1.0,-0.3589121158240597,0.42303641890968136,-1.2441118394172594,-0.6100409987106356,-1.5256255702586914,-0.21459779580362398,1.1958572015440814,-0.14125327883151229,-0.1781057493664113,-0.7501484812720451,1.580191756725731,-0.1474557687191013
0.0,0.0,1.0,0.0,0.0,1.0,0.0,1.0,0.0,0.0,0.0,0.0,0.0,0.0,0.0,1.0,0.0,1.6490092048478489,0.4314411477437785,1.6913137219305607,-0.9013443047180038,-1.6112962467060112,0.972563750549889,-0.6475775332438344,3.0588641071099905,-0.1781057493664113,-0.16568651602362097,-0.632834588424933,3.049437987814808
0.0,1.0,0.0,0.0,0.0,1.0,0.0,1.0,0.0,0.0,0.0,0.0,0.0,0.0,1.0,0.0,0.0,-1.5062957276365787,-0.8628870927072111,1.3977711657957785,-0.9013443047180038,-1.6080012206888068,-0.26821154305829875,-0.6475775332438344,-0.14125327883151229,-0.1781057493664113,-0.7501484812720451,-0.632834588424933,-0.1474557687191013
1.0,0.0,0.0,0.0,0.0,1.0,0.0,1.0,0.0,0.0,0.0,0.0,0.0,1.0,0.0,0.0,0.0,0.07135673860563499,-0.0644378534679642,-1.0484168019940716,-0.9013443047180038,0.4151447538748237,-0.47500742532633,1.5622541674646608,-0.14125327883151229,-0.1781057493664113,1.2954683970974397,-0.632834588424933,-0.1474557687191013
1.0,0.0,0.0,0.0,0.0,1.0,0.0,0.0,1.0,0.0,0.0,0.0,0.0,0.0,0.0,0.0,1.0,-0.7891809702537543,0.666773555098504,1.2509998877283877,-0.8042432027155477,0.9258737865415383,1.0568139248072352,-0.6475775332438344,-0.049821353518897916,-0.1781057493664113,0.7110064318490154,1.580191756725731,-0.05611594710384673
1.0,0.0,0.0,0.0,0.0,1.0,0.0,0.0,0.0,0.0,0.0,1.0,0.0,0.0,0.0,0.0,1.0,-0.07206621287092989,-0.0056047516292829025,-0.16778913358972547,-0.7071421007130917,-1.5651658824651469,-0.01546102028626056,0.3142145022976868,-0.14125327883151229,-0.1781057493664113,1.2954683970974397,-0.632834588424933,-0.1474557687191013
0.0,0.0,0.0,1.0,0.0,1.0,0.0,0.0,0.0,0.0,0.0,1.0,0.0,0.0,0.0,0.0,1.0,-0.07206621287092989,-0.7704350755321404,-0.06994161487813147,-0.9013443047180038,-1.771105008540435,-0.6205304535890187,-0.32698018806332724,-0.14125327883151229,-0.1781057493664113,-1.6268414291446816,-0.632834588424933,-0.1474557687191013
0.0,0.0,0.0,1.0,0.0,1.0,0.0,1.0,0.0,0.0,0.0,0.0,0.0,0.0,0.0,0.0,1.0,-0.7891809702537543,-1.5940985012736797,-0.9505692832824775,1.1377788373335735,0.8912760133608898,-1.6774871851811786,-0.6475775332438344,-0.14125327883151229,-0.1781057493664113,1.5876993797216516,-0.632834588424933,-0.1474557687191013
0.0,1.0,0.0,0.0,0.0,1.0,0.0,0.0,0.0,0.0,0.0,1.0,0.0,1.0,0.0,0.0,0.0,0.6450485445118945,0.5575120802552386,-0.021017855522334466,1.9145876533532222,-0.22409029346287057,0.5206764522604872,0.24551507118757826,-0.14125327883151229,-0.1781057493664113,-0.7501484812720451,-0.632834588424933,-0.1474557687191013
0.0,0.0,0.0,1.0,1.0,0.0,0.0,0.0,1.0,0.0,0.0,0.0,0.0,0.0,0.0,1.0,0.0,0.9318944474650244,-1.1234336865642287,-2.0268919891100117,0.16676781730901283,0.9258737865415383,-2.045124309213234,-0.4185794295434721,-0.14125327883151229,-0.1781057493664113,-1.3346104465204693,1.580191756725731,-0.1474557687191013
1.0,0.0,0.0,0.0,0.0,1.0,0.0,1.0,0.0,0.0,0.0,0.0,0.0,1.0,0.0,0.0,0.0,0.07135673860563499,0.28015602873002643,-0.5102554490803045,0.36097002131392514,-1.2933262360457665,0.07644826072175336,1.276006537839208,-0.14125327883151229,-0.1781057493664113,1.2954683970974397,-0.632834588424933,-0.1474557687191013
0.0,1.0,0.0,0.0,0.0,1.0,0.0,0.0,0.0,0.0,0.0,0.0,1.0,0.0,1.0,0.0,0.0,-1.076026873206884,0.44825060541197315,1.1042286096609966,-1.2897487127278282,-1.87489832808238,0.8193816155365324,-0.6475775332438344,-0.14125327883151229,-0.1781057493664113,-0.4579174986478331,-0.632834588424933,-0.1474557687191013
0.0,0.0,0.0,1.0,0.0,1.0,0.0,0.0,0.0,1.0,0.0,0.0,0.0,0.0,1.0,0.0,0.0,-1.076026873206884,-1.2915282632461753,-0.5591792084361015,-0.9984454067204599,-0.7479994301984035,-1.2562363138944483,-0.6475775332438344,-0.14125327883151229,-0.1781057493664113,-1.6268414291446816,1.580191756725731,-0.1474557687191013
0.0,0.0,0.0,1.0,0.0,1.0,0.0,0.0,1.0,0.0,0.0,0.0,0.0,0.0,0.0,0.0,1.0,-0.3589121158240597,-1.0477911270573526,0.27252470061244755,2.011688755355678,-1.6607216369640805,-0.743076161599704,0.09666630378234282,-0.14125327883151229,-0.1781057493664113,-1.3346104465204693,1.580191756725731,-0.1474557687191013
1.0,0.0,0.0,0.0,1.0,0.0,0.0,1.0,0.0,0.0,0.0,0.0,0.0,0.0,1.0,0.0,0.0,-1.362872776160014,0.25494184222773464,-0.06994161487813147,-0.9984454067204599,0.9258737865415383,0.2449486092364455,-0.6475775332438344,-0.14125327883151229,-0.1781057493664113,0.7110064318490154,-0.632834588424933,-0.1474557687191013
0.0,0.0,1.0,0.0,0.0,1.0,0.0,0.0,0.0,0.0,0.0,1.0,0.0,0.0,0.0,0.0,1.0,-0.5023350673006246,1.3643660483285829,0.22360094125665056,-0.8042432027155477,0.6128463149071003,1.317223554329941,0.22261526081754202,-0.14125327883151229,-0.1781057493664113,0.41877544922480325,-0.632834588424933,-0.1474557687191013
1.0,0.0,0.0,0.0,0.0,1.0,0.0,0.0,1.0,0.0,0.0,0.0,0.0,0.0,0.0,1.0,0.0,1.362163301894719,-0.19050878597942422,0.9574573315936056,-0.7071421007130917,-1.8699557890565732,0.21431218223377418,-0.6475775332438344,-0.14125327883151229,-0.1781057493664113,1.2954683970974397,1.580191756725731,-0.1474557687191013
0.0,0.0,0.0,1.0,0.0,1.0,0.0,0.0,0.0,1.0,0.0,0.0,0.0,0.0,0.0,0.0,1.0,-0.6457580187771894,-1.7705978067897234,-0.9505692832824775,0.16676781730901283,0.9258737865415383,-1.8230102134438673,-0.6475775332438344,-0.14125327883151229,-0.1781057493664113,-1.6268414291446816,1.580191756725731,-0.1474557687191013
0.0,0.0,1.0,0.0,0.0,1.0,0.0,0.0,0.0,0.0,0.0,1.0,0.0,0.0,0.0,0.0,1.0,-0.2154891643474948,1.6501268286878925,-0.7548742458592895,-0.5129398967081796,0.9258737865415383,1.0797912450592384,1.997350564495349,-0.14125327883151229,-0.1781057493664113,0.12654446660059115,-0.632834588424933,-0.1474557687191013
0.0,1.0,0.0,0.0,0.0,1.0,0.0,0.0,0.0,0.0,0.0,0.0,1.0,1.0,0.0,0.0,0.0,0.21477969008219988,0.918915420121424,-0.11886537423392847,0.8464755313262055,-0.2570405536349167,0.788745188533861,2.71869459115149,-0.14125327883151229,-0.1781057493664113,-0.4579174986478331,-0.632834588424933,-0.1474557687191013
0.0,1.0,0.0,0.0,0.0,1.0,0.0,0.0,0.0,0.0,0.0,1.0,0.0,0.0,0.0,1.0,0.0,1.6490092048478489,0.5407026225870439,1.4956186845073727,-0.02743438669589927,-1.8683082760479708,1.018518391053896,-0.6475775332438344,-0.14125327883151229,-0.1781057493664113,-0.4579174986478331,-0.632834588424933,-0.1474557687191013
0.0,0.0,0.0,1.0,0.0,1.0,0.0,0.0,0.0,0.0,1.0,0.0,0.0,0.0,0.0,0.0,1.0,-0.7891809702537543,-2.0227396718126434,-0.16778913358972547,-0.9013443047180038,0.1696653155930803,-1.7234418256851853,-0.6475775332438344,-0.14125327883151229,-0.1781057493664113,1.5876993797216516,-0.632834588424933,-0.1474557687191013
0.0,0.0,1.0,0.0,0.0,1.0,0.0,1.0,0.0,0.0,0.0,0.0,0.0,0.0,0.0,0.0,1.0,-0.6457580187771894,0.6415593685962119,1.8870087593537486,-1.2897487127278282,0.5980186978296795,1.2176551665712594,-0.6475775332438344,0.31590634773155957,-0.1781057493664113,0.12654446660059115,-0.632834588424933,0.30924333935717147
0.0,0.0,0.0,1.0,0.0,1.0,0.0,0.0,1.0,0.0,0.0,0.0,0.0,0.0,0.0,0.0,1.0,-0.6457580187771894,-1.0477911270573526,1.3488474064399816,-0.1245354886983552,-2.021526985847985,-0.4367118915729909,-0.6475775332438344,-0.14125327883151229,-0.1781057493664113,-1.3346104465204693,1.580191756725731,-0.1474557687191013
0.0,1.0,0.0,0.0,0.0,1.0,0.0,0.0,0.0,0.0,0.0,0.0,1.0,1.0,0.0,0.0,0.0,0.07135673860563499,0.28856075756412386,-2.0268919891100117,1.5261832453433977,0.627673931984521,-0.9881675776210743,2.9362427896668337,-0.14125327883151229,-0.1781057493664113,-0.7501484812720451,-0.632834588424933,-0.1474557687191013
0.0,0.0,1.0,0.0,0.0,1.0,0.0,0.0,0.0,0.0,0.0,1.0,0.0,0.0,0.0,1.0,0.0,1.362163301894719,1.4400086078354588,0.32144845996824456,0.555172225318837,0.3360641294619131,1.4167919420886228,-0.6475775332438344,-0.14125327883151229,-0.1781057493664113,0.12654446660059115,-0.632834588424933,-0.1474557687191013
1.0,0.0,0.0,0.0,0.0,1.0,0.0,0.0,0.0,1.0,0.0,0.0,0.0,0.0,0.0,1.0,0.0,1.2187403504181542,-0.03081893813157497,0.027905903833462538,-0.5129398967081796,-0.4300294195381587,0.03815272696841423,-0.6475775332438344,-0.14125327883151229,-0.1781057493664113,1.2954683970974397,1.580191756725731,-0.1474557687191013
0.0,1.0,0.0,0.0,0.0,1.0,1.0,0.0,0.0,0.0,0.0,0.0,0.0,1.0,0.0,0.0,0.0,0.6450485445118945,-0.12327095530664564,-1.3419593581288536,-0.3187376927032675,0.924226273532936,-0.7047806278463649,1.7683524607949868,-0.14125327883151229,-0.1781057493664113,-1.0423794638962574,-0.632834588424933,-0.1474557687191013
0.0,0.0,1.0,0.0,0.0,1.0,0.0,1.0,0.0,0.0,0.0,0.0,0.0,0.0,0.0,1.0,0.0,1.6490092048478489,1.4231991501672643,-0.021017855522334466,-0.1245354886983552,0.9258737865415383,1.2636098070752664,-0.6475775332438344,-0.14125327883151229,-0.1781057493664113,0.12654446660059115,-0.632834588424933,-0.1474557687191013
0.0,1.0,0.0,0.0,0.0,1.0,0.0,1.0,0.0,0.0,0.0,0.0,0.0,0.0,0.0,0.0,1.0,-0.5023350673006246,-0.7788398043662378,-0.5591792084361015,-0.9013443047180038,-0.34435874309083886,-0.82732633585705,-0.5788781021337256,-0.14125327883151229,-0.1781057493664113,-1.0423794638962574,-0.632834588424933,-0.1474557687191013
0.0,1.0,0.0,0.0,0.0,1.0,0.0,1.0,0.0,0.0,0.0,0.0,0.0,1.0,0.0,0.0,0.0,0.21477969008219988,-0.3165797184908843,1.7891612406421546,0.555172225318837,-1.6788442800587058,0.3215396767431238,-0.1895813258431099,2.144544853983847,-0.1781057493664113,-0.7501484812720451,-0.632834588424933,2.1360397716622623
0.0,0.0,0.0,1.0,0.0,1.0,0.0,0.0,0.0,0.0,1.0,0.0,0.0,1.0,0.0,0.0,0.0,0.5016255930353297,-0.7284114313616538,-0.6081029677918985,-0.3187376927032675,-0.5354702520887062,-0.8043490156050466,0.24551507118757826,-0.14125327883151229,2.3859145701894855,1.5876993797216516,-0.632834588424933,-0.05611594710384673
0.0,1.0,0.0,0.0,1.0,0.0,0.0,0.0,0.0,0.0,1.0,0.0,0.0,0.0,1.0,0.0,0.0,-1.362872776160014,-0.9301249233799899,1.8870087593537486,-0.7071421007130917,-1.4135946856737347,-0.21459779580362398,-0.6475775332438344,-0.14125327883151229,-0.1781057493664113,-1.0423794638962574,-0.632834588424933,-0.1474557687191013
0.0,0.0,1.0,0.0,0.0,1.0,0.0,0.0,0.0,0.0,1.0,0.0,0.0,1.0,0.0,0.0,0.0,0.6450485445118945,1.0029627084623973,-0.11886537423392847,-0.9984454067204599,0.46951268315869976,0.8653362560405393,0.8065604252534656,-0.14125327883151229,-0.1781057493664113,-0.16568651602362097,-0.632834588424933,-0.1474557687191013
0.0,0.0,1.0,0.0,0.0,1.0,0.0,1.0,0.0,0.0,0.0,0.0,0.0,0.0,0.0,1.0,0.0,1.5055862533712838,1.6333173710196975,-0.4124079303687105,-0.5129398967081796,0.9258737865415383,1.2559507003245984,-0.6475775332438344,-0.14125327883151229,-0.1781057493664113,0.12654446660059115,-0.632834588424933,-0.1474557687191013
1.0,0.0,0.0,0.0,0.0,1.0,0.0,0.0,1.0,0.0,0.0,0.0,0.0,1.0,0.0,0.0,0.0,0.07135673860563499,0.28856075756412386,-1.0484168019940716,0.06966671530655688,-0.6227884415446283,-0.19927958230228832,1.8027021763500413,-0.14125327883151229,-0.1781057493664113,1.2954683970974397,1.580191756725731,-0.1474557687191013
0.0,0.0,0.0,1.0,0.0,1.0,0.0,0.0,0.0,0.0,1.0,0.0,0.0,0.0,0.0,0.0,1.0,-0.6457580187771894,-1.0730053135596445,1.6913137219305607,-1.192647610725372,-2.0841324801748726,-0.3830981443183162,-0.6475775332438344,-0.14125327883151229,2.1295125382338953,1.5876993797216516,-0.632834588424933,-0.0652499292653722
0.0,1.0,0.0,0.0,0.0,1.0,0.0,0.0,0.0,0.0,0.0,1.0,0.0,0.0,1.0,0.0,0.0,-1.219449824683449,-0.6359594141865831,0.17467718190085355,-1.095546508722916,-1.1796478384522073,-0.4213936780716553,-0.6475775332438344,-0.14125327883151229,-0.1781057493664113,-1.0423794638962574,-0.632834588424933,-0.1474557687191013
0.0,0.0,0.0,1.0,0.0,1.0,1.0,0.0,0.0,0.0,0.0,0.0,0.0,0.0,1.0,0.0,0.0,-1.076026873206884,-1.661336331946458,0.32144845996824456,-0.6100409987106356,0.4398574490038583,-1.2562363138944483,-0.6475775332438344,-0.14125327883151229,-0.1781057493664113,-1.3346104465204693,-0.632834588424933,-0.1474557687191013
0.0,0.0,1.0,0.0,0.0,1.0,0.0,1.0,0.0,0.0,0.0,0.0,0.0,0.0,0.0,0.0,1.0,-0.2154891643474948,0.893701233619132,-0.5591792084361015,-0.41583879470572344,0.9258737865415383,0.5666310927644941,2.4095471511560005,-0.14125327883151229,-0.1781057493664113,-0.16568651602362097,-0.632834588424933,-0.1474557687191013
0.0,0.0,1.0,0.0,0.0,1.0,0.0,0.0,0.0,0.0,0.0,0.0,1.0,1.0,0.0,0.0,0.0,0.6450485445118945,1.1710572851443442,0.8596098128820115,2.011688755355678,0.7199346604662501,1.3784964083352838,-0.40712952435845406,-0.14125327883151229,-0.1781057493664113,0.41877544922480325,-0.632834588424933,-0.1474557687191013
1.0,0.0,0.0,0.0,0.0,1.0,0.0,0.0,1.0,0.0,0.0,0.0,0.0,0.0,0.0,1.0,0.0,1.5055862533712838,-0.207318243647619,1.1042286096609966,-0.5129398967081796,-1.9062010752458238,0.23728950248577774,-0.6475775332438344,-0.14125327883151229,-0.1781057493664113,1.2954683970974397,1.580191756725731,-0.1474557687191013
1.0,0.0,0.0,0.0,0.0,1.0,0.0,0.0,0.0,0.0,0.0,0.0,1.0,0.0,0.0,0.0,1.0,-0.2154891643474948,0.8264634029463532,0.027905903833462538,-0.6100409987106356,0.627673931984521,0.7734269750325254,1.058458339323864,-0.14125327883151229,-0.1781057493664113,0.7110064318490154,-0.632834588424933,-0.1474557687191013
1.0,0.0,0.0,0.0,0.0,1.0,0.0,0.0,0.0,0.0,0.0,0.0,1.0,0.0,1.0,0.0,0.0,-1.219449824683449,-0.24093715898400836,1.0553048503051996,-1.3868498147302841,-0.4069642374177264,0.19133486198177074,-0.6475775332438344,-0.14125327883151229,-0.1781057493664113,1.0032374144732275,-0.632834588424933,-0.1474557687191013
0.0,0.0,0.0,1.0,0.0,1.0,0.0,0.0,0.0,0.0,0.0,1.0,0.0,0.0,0.0,1.0,0.0,0.9318944474650244,-0.8376729062049192,-0.4124079303687105,1.9145876533532222,0.9258737865415383,-0.8120081223557143,-0.5674281969487076,-0.14125327883151229,-0.1781057493664113,-1.3346104465204693,-0.632834588424933,-0.1474557687191013
0.0,1.0,0.0,0.0,0.0,1.0,0.0,0.0,0.0,0.0,0.0,1.0,0.0,0.0,1.0,0.0,0.0,-0.9326039217303193,0.5491073514211414,0.27252470061244755,-1.3868498147302841,0.07410956109414661,0.6279039467698369,-0.6475775332438344,-0.14125327883151229,-0.1781057493664113,-0.4579174986478331,-0.632834588424933,-0.1474557687191013
0.0,0.0,0.0,1.0,0.0,1.0,0.0,0.0,0.0,0.0,0.0,1.0,0.0,0.0,0.0,1.0,0.0,1.2187403504181542,-1.3923850092553434,-0.6081029677918985,-1.6781531207376523,0.9258737865415383,-1.35580470165313,-0.6475775332438344,-0.14125327883151229,-0.1781057493664113,1.5876993797216516,-0.632834588424933,-0.1474557687191013
0.0,0.0,1.0,0.0,0.0,1.0,1.0,0.0,0.0,0.0,0.0,0.0,0.0,0.0,1.0,0.0,0.0,-1.219449824683449,1.5240558961764321,0.46821973803563555,-0.3187376927032675,-0.7743596383360404,1.5469967568499758,-0.6475775332438344,-0.14125327883151229,-0.1781057493664113,0.41877544922480325,-0.632834588424933,-0.1474557687191013
1.0,0.0,0.0,0.0,0.0,1.0,0.0,1.0,0.0,0.0,0.0,0.0,0.0,0.0,1.0,0.0,0.0,-1.5062957276365787,0.6247499109280173,0.7128385348146206,0.16676781730901283,0.4200872929006306,0.8500180425392037,-0.6475775332438344,-0.14125327883151229,-0.1781057493664113,0.7110064318490154,-0.632834588424933,-0.1474557687191013
0.0,0.0,0.0,1.0,0.0,1.0,0.0,0.0,0.0,0.0,1.0,0.0,0.0,0.0,0.0,1.0,0.0,1.5055862533712838,-1.5100512129327062,-0.7059504865034925,-0.6100409987106356,-0.11370692188651615,-1.5013277299158185,-0.6475775332438344,-0.14125327883151229,-0.1781057493664113,1.5876993797216516,-0.632834588424933,-0.1474557687191013
0.0,0.0,0.0,1.0,0.0,1.0,0.0,0.0,0.0,0.0,0.0,1.0,0.0,1.0,0.0,0.0,0.0,0.7884714959884594,-1.3251471785825646,-1.1462643207056655,0.06966671530655688,0.9258737865415383,-1.5549414771704932,-0.44147923991350835,-0.14125327883151229,4.949934889745381,1.5876993797216516,-0.632834588424933,0.03522387451140782
0.0,0.0,0.0,1.0,0.0,1.0,0.0,1.0,0.0,0.0,0.0,0.0,0.0,0.0,1.0,0.0,0.0,-1.362872776160014,-1.2410998902415913,0.3703722193240416,-0.9013443047180038,0.31794148636728775,-0.8809400831117248,-0.6475775332438344,-0.14125327883151229,-0.1781057493664113,-1.3346104465204693,-0.632834588424933,-0.1474557687191013
1.0,0.0,0.0,0.0,0.0,1.0,0.0,0.0,1.0,0.0,0.0,0.0,0.0,1.0,0.0,0.0,0.0,0.7884714959884594,1.1122241833056628,-1.3419593581288536,-0.7071421007130917,0.9258737865415383,0.267925929488449,0.531762700813031,-0.14125327883151229,-0.1781057493664113,0.7110064318490154,1.580191756725731,-0.1474557687191013
1.0,0.0,0.0,0.0,0.0,1.0,0.0,0.0,0.0,0.0,1.0,0.0,0.0,0.0,0.0,0.0,1.0,-0.7891809702537543,-0.5435073970115124,0.32144845996824456,-0.1245354886983552,0.9258737865415383,-0.2988479700609701,-0.6475775332438344,-0.14125327883151229,-0.1781057493664113,1.0032374144732275,-0.632834588424933,-0.1474557687191013
0.0,0.0,0.0,1.0,0.0,1.0,0.0,0.0,1.0,0.0,0.0,0.0,0.0,0.0,0.0,0.0,1.0,-0.6457580187771894,-2.4177619270152184,-0.2656366523013195,-0.41583879470572344,0.31464646035008315,-2.098738056467909,-0.6475775332438344,-0.14125327883151229,0.5911003465003576,-1.6268414291446816,1.580191756725731,-0.12005382223452492
1.0,0.0,0.0,0.0,0.0,1.0,0.0,0.0,0.0,0.0,1.0,0.0,0.0,0.0,1.0,0.0,0.0,-1.6497186791131437,-0.014009480463380209,0.5660672567472296,0.06966671530655688,0.9258737865415383,0.2449486092364455,-0.6475775332438344,-0.14125327883151229,-0.1781057493664113,1.2954683970974397,-0.632834588424933,-0.1474557687191013
0.0,0.0,1.0,0.0,0.0,1.0,0.0,0.0,0.0,0.0,0.0,1.0,0.0,0.0,1.0,0.0,0.0,-1.6497186791131437,1.389580234830875,0.12575342254505653,-0.7071421007130917,0.9258737865415383,1.2942462340779375,-0.6475775332438344,-0.14125327883151229,-0.1781057493664113,0.12654446660059115,-0.632834588424933,-0.1474557687191013
1.0,0.0,0.0,0.0,0.0,1.0,0.0,0.0,1.0,0.0,0.0,0.0,0.0,0.0,0.0,0.0,1.0,-0.07206621287092989,0.17929928272085843,-0.7059504865034925,-0.5129398967081796,-0.22573780647147287,-0.09971119454360661,1.8256019867200775,-0.14125327883151229,-0.1781057493664113,1.0032374144732275,1.580191756725731,-0.1474557687191013
0.0,0.0,1.0,0.0,0.0,1.0,0.0,0.0,0.0,0.0,1.0,0.0,0.0,0.0,0.0,1.0,0.0,1.2187403504181542,1.1626525563102468,1.0553048503051996,-0.22163659070081138,0.6062562628726911,1.4397692623406264,-0.5445283865786714,-0.14125327883151229,-0.1781057493664113,0.12654446660059115,-0.632834588424933,-0.1474557687191013
1.0,0.0,0.0,0.0,1.0,0.0,0.0,0.0,0.0,0.0,0.0,1.0,0.0,0.0,0.0,1.0,0.0,1.5055862533712838,0.38941750357329186,-0.31456041165711646,-0.7071421007130917,0.9258737865415383,0.2602668227377812,-0.6475775332438344,-0.14125327883151229,-0.1781057493664113,0.7110064318490154,-0.632834588424933,-0.1474557687191013
0.0,0.0,0.0,1.0,0.0,1.0,0.0,0.0,0.0,0.0,0.0,1.0,0.0,0.0,0.0,0.0,1.0,-0.5023350673006246,-1.3251471785825646,0.46821973803563555,0.4580711233163813,0.7924252328447515,-0.9192356168650639,-0.6475775332438344,-0.14125327883151229,-0.1781057493664113,1.5876993797216516,-0.632834588424933,-0.1474557687191013
0.0,0.0,0.0,1.0,0.0,1.0,0.0,0.0,0.0,0.0,0.0,0.0,1.0,1.0,0.0,0.0,0.0,0.5016255930353297,-0.383817549163663,-0.4613316897245075,-0.41583879470572344,-1.7101470272221495,-0.4520301050743266,0.18826554526248765,-0.14125327883151229,-0.1781057493664113,-1.6268414291446816,-0.632834588424933,-0.1474557687191013
0.0,1.0,0.0,0.0,0.0,1.0,0.0,1.0,0.0,0.0,0.0,0.0,0.0,0.0,0.0,1.0,0.0,1.362163301894719,-0.4258411933341497,-0.5591792084361015,1.5261832453433977,0.9258737865415383,-0.5286211725810048,-0.6475775332438344,-0.14125327883151229,-0.1781057493664113,-1.0423794638962574,-0.632834588424933,-0.1474557687191013
0.0,1.0,0.0,0.0,0.0,1.0,0.0,0.0,1.0,0.0,0.0,0.0,0.0,1.0,0.0,0.0,0.0,0.21477969008219988,-0.4762695663387337,-1.7822731923310267,2.6913964693728705,0.8665633182318553,-1.317509167899791,2.7644942118915625,-0.14125327883151229,-0.1781057493664113,-0.7501484812720451,1.580191756725731,-0.1474557687191013
1.0,0.0,0.0,0.0,0.0,1.0,0.0,0.0,0.0,0.0,0.0,1.0,0.0,0.0,0.0,0.0,1.0,-0.3589121158240597,-0.10646149763845088,-0.16778913358972547,-0.9984454067204599,-0.42179185449514717,-0.09971119454360661,-0.01783274806783825,-0.14125327883151229,-0.1781057493664113,1.0032374144732275,-0.632834588424933,-0.1474557687191013
0.0,0.0,1.0,0.0,0.0,1.0,0.0,0.0,0.0,0.0,0.0,0.0,1.0,1.0,0.0,0.0,0.0,0.6450485445118945,1.8518403207062284,-0.9016455239266805,0.8464755313262055,0.9077511434469129,1.1563823125659167,1.974450754125313,-0.14125327883151229,-0.1781057493664113,0.41877544922480325,-0.632834588424933,-0.1474557687191013
1.0,0.0,0.0,0.0,0.0,1.0,1.0,0.0,0.0,0.0,0.0,0.0,0.0,1.0,0.0,0.0,0.0,0.7884714959884594,0.3221796729005131,1.8870087593537486,0.36097002131392514,-1.1697627604005936,0.926609110045882,-0.5559782917636894,4.887502613362278,-0.1781057493664113,1.0032374144732275,-0.632834588424933,4.876234420119899
0.0,0.0,0.0,1.0,0.0,1.0,0.0,0.0,0.0,0.0,0.0,0.0,1.0,1.0,0.0,0.0,0.0,0.3582026415587648,-0.6191499565183884,1.0553048503051996,1.9145876533532222,-1.7958177036694694,-0.13800672829694574,-0.49872876583859893,-0.14125327883151229,-0.1781057493664113,-1.3346104465204693,-0.632834588424933,-0.1474557687191013
0.0,0.0,1.0,0.0,0.0,1.0,0.0,0.0,0.0,1.0,0.0,0.0,0.0,0.0,1.0,0.0,0.0,-1.6497186791131437,0.8012492164440614,1.4466949251515757,-1.4839509167327403,-0.29493335283276967,1.2406324868232628,-0.6475775332438344,-0.14125327883151229,-0.1781057493664113,0.12654446660059115,1.580191756725731,-0.1474557687191013
0.0,1.0,0.0,0.0,0.0,1.0,0.0,0.0,1.0,0.0,0.0,0.0,0.0,0.0,1.0,0.0,0.0,-1.219449824683449,-0.19891351481352168,0.7128385348146206,-0.41583879470572344,0.9258737865415383,0.13006200797642814,-0.6475775332438344,-0.14125327883151229,-0.1781057493664113,-0.4579174986478331,1.580191756725731,-0.1474557687191013
0.0,1.0,0.0,0.0,0.0,1.0,0.0,0.0,0.0,0.0,1.0,0.0,0.0,1.0,0.0,0.0,0.0,0.6450485445118945,1.1962714716466363,-0.9994930426382745,1.1377788373335735,0.5700109766834404,0.5666310927644941,2.1118496163455305,-0.14125327883151229,-0.1781057493664113,-0.4579174986478331,-0.632834588424933,-0.1474557687191013
0.0,0.0,0.0,1.0,0.0,1.0,0.0,0.0,1.0,0.0,0.0,0.0,0.0,0.0,1.0,0.0,0.0,-1.362872776160014,-1.56047958593729,-0.11886537423392847,-0.3187376927032675,-0.25209801460910974,-1.317509167899791,-0.6475775332438344,-0.14125327883151229,-0.1781057493664113,-1.6268414291446816,1.580191756725731,-0.1474557687191013
0.0,0.0,1.0,0.0,0.0,1.0,0.0,0.0,1.0,0.0,0.0,0.0,0.0,0.0,1.0,0.0,0.0,-1.076026873206884,0.439845876577876,0.3703722193240416,-0.41583879470572344,-0.8386126456715303,0.574290199515162,-0.6475775332438344,-0.14125327883151229,-0.1781057493664113,-0.16568651602362097,1.580191756725731,-0.1474557687191013
0.0,0.0,0.0,1.0,0.0,1.0,0.0,1.0,0.0,0.0,0.0,0.0,0.0,0.0,1.0,0.0,0.0,-1.5062957276365787,-0.736816160195751,1.3977711657957785,-1.192647610725372,-2.005051855761962,-0.1533249417982814,-0.6475775332438344,-0.14125327883151229,-0.1781057493664113,1.5876993797216516,-0.632834588424933,-0.1474557687191013
0.0,0.0,1.0,0.0,0.0,1.0,1.0,0.0,0.0,0.0,0.0,0.0,0.0,1.0,0.0,0.0,0.0,0.3582026415587648,0.9525343354578133,1.6913137219305607,1.1377788373335735,-1.9572739785124953,1.4397692623406264,-0.3498799984333635,1.230225600857703,-0.1781057493664113,0.41877544922480325,-0.632834588424933,1.2226415555097168
