Seasons_Autumn,Seasons_Spring,Seasons_Summer,Seasons_Winter,Holiday_Holiday,Holiday_No Holiday,dayname_Friday,dayname_Monday,dayname_Saturday,dayname_Sunday,dayname_Thursday,dayname_Tuesday,dayname_Wednesday,Hour_cat_Afternoon(12~17),Hour_cat_Dawn(0~5),Hour_cat_Evening(18~23),Hour_cat_Morning(6~11),Hour,Temperature(°C),Humidity(%),Wind speed (m/s),Visibility (10m),Dew point temperature(°C),Solar Radiation (MJ/m2),Rainfall(mm),Snowfall (mm),month,weekend,WEP (mm)
0.0,0.0,0.0,1.0,0.0,1.0,0.0,0.0,0.0,0.0,0.0,0.0,1.0,1.0,0.0,0.0,0.0,0.21477969008219988,-1.207480974905202,-0.7548742458592895,-0.7071421007130917,0.5584783856232243,-1.2715545273957838,0.2684148815576145,-0.14125327883151229,4.180728793878612,1.5876993797216516,-0.632834588424933,0.00782192802683143
1.0,0.0,0.0,0.0,0.0,1.0,0.0,0.0,1.0,0.0,0.0,0.0,0.0,0.0,0.0,1.0,0.0,1.5055862533712838,0.465060063080168,0.17467718190085355,-1.095546508722916,0.9258737865415383,0.5206764522604872,-0.6475775332438344,-0.14125327883151229,-0.1781057493664113,0.7110064318490154,1.580191756725731,-0.1474557687191013
0.0,1.0,0.0,0.0,0.0,1.0,1.0,0.0,0.0,0.0,0.0,0.0,0.0,0.0,0.0,1.0,0.0,1.362163301894719,0.1877040115549559,0.7128385348146206,0.555172225318837,0.9258737865415383,0.4670627050058125,-0.6475775332438344,-0.14125327883151229,-0.1781057493664113,-0.4579174986478331,-0.632834588424933,-0.1474557687191013
0.0,1.0,0.0,0.0,0.0,1.0,0.0,1.0,0.0,0.0,0.0,0.0,0.0,0.0,0.0,0.0,1.0,-0.2154891643474948,0.5238931649188493,-1.5376543955520416,-0.3187376927032675,0.9258737865415383,-0.3371435038143092,2.363747530415928,-0.14125327883151229,-0.1781057493664113,-0.4579174986478331,-0.632834588424933,-0.1474557687191013
0.0,0.0,1.0,0.0,0.0,1.0,0.0,0.0,0.0,0.0,0.0,1.0,0.0,1.0,0.0,0.0,0.0,0.07135673860563499,1.070200539135176,-0.5102554490803045,-0.22163659070081138,0.08069961312855582,0.7351314412791863,1.997350564495349,-0.14125327883151229,-0.1781057493664113,-0.16568651602362097,-0.632834588424933,-0.1474557687191013
1.0,0.0,0.0,0.0,0.0,1.0,0.0,0.0,0.0,0.0,1.0,0.0,0.0,0.0,0.0,1.0,0.0,0.9318944474650244,-0.08124731113615896,-0.9016455239266805,0.6522733273212932,0.6853368872856017,-0.4137345713209875,-0.44147923991350835,-0.14125327883151229,-0.1781057493664113,1.0032374144732275,-0.632834588424933,-0.1474557687191013
0.0,0.0,1.0,0.0,0.0,1.0,1.0,0.0,0.0,0.0,0.0,0.0,0.0,1.0,0.0,0.0,0.0,0.5016255930353297,1.1626525563102468,-0.36348417101291347,0.263868919311469,0.9258737865415383,0.8883135762925428,1.585153977834697,-0.14125327883151229,-0.1781057493664113,0.12654446660059115,-0.632834588424933,-0.1474557687191013
0.0,1.0,0.0,0.0,0.0,1.0,0.0,0.0,0.0,0.0,0.0,1.0,0.0,0.0,0.0,1.0,0.0,1.6490092048478489,-0.29136553198859233,-0.7059504865034925,-0.9984454067204599,0.9258737865415383,-0.4826665320769979,-0.6475775332438344,-0.14125327883151229,-0.1781057493664113,-0.7501484812720451,-0.632834588424933,-0.1474557687191013
0.0,1.0,0.0,0.0,0.0,1.0,0.0,1.0,0.0,0.0,0.0,0.0,0.0,0.0,0.0,0.0,1.0,-0.3589121158240597,-0.383817549163663,1.7891612406421546,0.8464755313262055,-1.6327139158178412,0.2602668227377812,-0.5330784813936532,7.173300746177637,-0.1781057493664113,-0.7501484812720451,-0.632834588424933,7.159729960501263
1.0,0.0,0.0,0.0,0.0,1.0,0.0,0.0,1.0,0.0,0.0,0.0,0.0,1.0,0.0,0.0,0.0,0.5016255930353297,0.4566553342460706,-1.6355019142636356,-0.1245354886983552,0.4711601961673021,-0.47500742532633,1.2187570119141173,-0.14125327883151229,-0.1781057493664113,1.2954683970974397,1.580191756725731,-0.1474557687191013
0.0,0.0,0.0,1.0,1.0,0.0,0.0,1.0,0.0,0.0,0.0,0.0,0.0,0.0,0.0,0.0,1.0,-0.7891809702537543,-1.4764322975963167,-0.36348417101291347,-0.6100409987106356,0.9258737865415383,-1.3328273814011264,-0.6475775332438344,-0.14125327883151229,-0.1781057493664113,-1.6268414291446816,-0.632834588424933,-0.1474557687191013
0.0,0.0,0.0,1.0,0.0,1.0,0.0,0.0,0.0,0.0,1.0,0.0,0.0,1.0,0.0,0.0,0.0,0.7884714959884594,-0.9721485675504765,-1.6844256736194325,0.16676781730901283,0.5766010287178496,-1.6238734379265036,0.17681564007746953,-0.14125327883151229,-0.1781057493664113,-1.3346104465204693,-0.632834588424933,-0.1474557687191013
1.0,0.0,0.0,0.0,0.0,1.0,0.0,0.0,0.0,0.0,1.0,0.0,0.0,0.0,1.0,0.0,0.0,-1.6497186791131437,-0.45105537983644167,0.4192959786798386,-1.2897487127278282,-0.5535928951833315,-0.1839613688009527,-0.6475775332438344,-0.14125327883151229,-0.1781057493664113,1.2954683970974397,-0.632834588424933,-0.1474557687191013
0.0,1.0,0.0,0.0,0.0,1.0,0.0,0.0,0.0,0.0,0.0,1.0,0.0,0.0,0.0,1.0,0.0,1.0753173989415892,0.12046618088217714,-1.3419593581288536,1.3319810413384858,0.19767303673931946,-0.5133029590796692,-0.3613299036183816,-0.14125327883151229,-0.1781057493664113,-0.7501484812720451,-0.632834588424933,-0.1474557687191013
0.0,0.0,1.0,0.0,0.0,1.0,0.0,0.0,1.0,0.0,0.0,0.0,0.0,1.0,0.0,0.0,0.0,0.3582026415587648,1.4820322520059455,0.027905903833462538,1.1377788373335735,0.2866387392038439,1.3325417678312768,1.699653029684878,-0.14125327883151229,-0.1781057493664113,0.12654446660059115,1.580191756725731,-0.1474557687191013
1.0,0.0,0.0,0.0,0.0,1.0,1.0,0.0,0.0,0.0,0.0,0.0,0.0,0.0,0.0,1.0,0.0,0.9318944474650244,-0.0644378534679642,0.5171434973914326,0.36097002131392514,-1.3427516263038357,0.18367575523110294,-0.6361276280588162,-0.14125327883151229,-0.1781057493664113,1.2954683970974397,-0.632834588424933,-0.1474557687191013
1.0,0.0,0.0,0.0,0.0,1.0,0.0,0.0,0.0,1.0,0.0,0.0,0.0,0.0,1.0,0.0,0.0,-1.5062957276365787,-0.5182932105092204,-0.16778913358972547,0.06966671530655688,0.9258737865415383,-0.44437099832365873,-0.6475775332438344,-0.14125327883151229,-0.1781057493664113,1.0032374144732275,1.580191756725731,-0.1474557687191013
0.0,0.0,1.0,0.0,0.0,1.0,0.0,0.0,0.0,0.0,1.0,0.0,0.0,0.0,0.0,1.0,0.0,1.2187403504181542,1.4063896924990695,0.17467718190085355,1.1377788373335735,0.8121953889479792,1.3325417678312768,-0.5559782917636894,-0.14125327883151229,-0.1781057493664113,0.12654446660059115,-0.632834588424933,-0.1474557687191013
0.0,0.0,1.0,0.0,0.0,1.0,0.0,0.0,0.0,0.0,0.0,1.0,0.0,1.0,0.0,0.0,0.0,0.21477969008219988,1.5240558961764321,-0.21671289294552248,-0.41583879470572344,0.8616207792060483,1.2559507003245984,2.913342979296798,-0.14125327883151229,-0.1781057493664113,0.12654446660059115,-0.632834588424933,-0.1474557687191013
0.0,1.0,0.0,0.0,0.0,1.0,0.0,0.0,0.0,0.0,0.0,0.0,1.0,0.0,1.0,0.0,0.0,-1.076026873206884,-0.9889580252186712,-0.9505692832824775,0.555172225318837,0.9258737865415383,-1.17964524638777,-0.6475775332438344,-0.14125327883151229,-0.1781057493664113,-1.0423794638962574,-0.632834588424933,-0.1474557687191013
0.0,1.0,0.0,0.0,0.0,1.0,0.0,0.0,0.0,0.0,0.0,0.0,1.0,0.0,0.0,0.0,1.0,-0.07206621287092989,0.1540850962185665,-0.7059504865034925,2.20589095936059,0.04939686596511203,-0.12268851479561008,2.5011463926361457,-0.14125327883151229,-0.1781057493664113,-0.7501484812720451,-0.632834588424933,-0.1474557687191013
1.0,0.0,0.0,0.0,0.0,1.0,0.0,0.0,0.0,0.0,0.0,0.0,1.0,0.0,0.0,0.0,1.0,-0.2154891643474948,0.8096539452781586,-0.6570267271476955,-0.22163659070081138,0.9258737865415383,0.44408538475380893,1.7340027452399325,-0.14125327883151229,-0.1781057493664113,0.7110064318490154,-0.632834588424933,-0.1474557687191013
0.0,0.0,1.0,0.0,0.0,1.0,0.0,0.0,1.0,0.0,0.0,0.0,0.0,0.0,0.0,1.0,0.0,1.5055862533712838,0.7003924704348932,-0.5102554490803045,-0.1245354886983552,0.9258737865415383,0.4287671712524734,-0.6475775332438344,-0.14125327883151229,-0.1781057493664113,-0.16568651602362097,1.580191756725731,-0.1474557687191013
0.0,0.0,1.0,0.0,0.0,1.0,0.0,0.0,0.0,0.0,1.0,0.0,0.0,0.0,1.0,0.0,0.0,-1.076026873206884,0.9105106912873266,1.8380849999979516,-1.2897487127278282,0.5914286457952703,1.4474283690912941,-0.6475775332438344,-0.14125327883151229,-0.1781057493664113,0.41877544922480325,-0.632834588424933,-0.1474557687191013
0.0,0.0,1.0,0.0,0.0,1.0,0.0,0.0,0.0,0.0,0.0,0.0,1.0,0.0,0.0,1.0,0.0,0.9318944474650244,1.2887234888217067,0.8106860535262146,0.6522733273212932,0.2075581147909333,1.4704056893432977,-0.05218246362289261,-0.14125327883151229,-0.1781057493664113,0.12654446660059115,-0.632834588424933,-0.1474557687191013
1.0,0.0,0.0,0.0,0.0,1.0,0.0,0.0,0.0,0.0,0.0,1.0,0.0,1.0,0.0,0.0,0.0,0.5016255930353297,0.1877040115549559,-1.0484168019940716,0.06966671530655688,0.5535358465974173,-0.2835297565596344,1.0699082445088821,-0.14125327883151229,-0.1781057493664113,1.2954683970974397,-0.632834588424933,-0.1474557687191013
0.0,0.0,1.0,0.0,0.0,1.0,0.0,0.0,0.0,0.0,0.0,1.0,0.0,1.0,0.0,0.0,0.0,0.3582026415587648,1.297128217655804,-0.021017855522334466,0.8464755313262055,0.8682108312404576,1.1563823125659167,1.5622541674646608,-0.14125327883151229,-0.1781057493664113,0.41877544922480325,-0.632834588424933,-0.1474557687191013
0.0,0.0,0.0,1.0,0.0,1.0,1.0,0.0,0.0,0.0,0.0,0.0,0.0,0.0,0.0,0.0,1.0,-0.6457580187771894,-1.2663140767438834,-0.4613316897245075,0.16676781730901283,-0.258688066643519,-1.1949634598891057,-0.6475775332438344,-0.14125327883151229,-0.1781057493664113,-1.6268414291446816,-0.632834588424933,-0.1474557687191013
0.0,0.0,1.0,0.0,0.0,1.0,0.0,0.0,0.0,0.0,0.0,0.0,1.0,0.0,0.0,0.0,1.0,-0.2154891643474948,1.4400086078354588,-0.31456041165711646,-0.3187376927032675,0.7990152848791607,1.141064099064581,1.791252271165023,-0.14125327883151229,-0.1781057493664113,0.41877544922480325,-0.632834588424933,-0.1474557687191013
0.0,1.0,0.0,0.0,0.0,1.0,0.0,0.0,0.0,0.0,1.0,0.0,0.0,1.0,0.0,0.0,0.0,0.21477969008219988,0.5154884360847519,-2.0268919891100117,0.4580711233163813,0.016446605793065935,-0.8196672291063822,2.6614450652264,-0.14125327883151229,-0.1781057493664113,-0.7501484812720451,-0.632834588424933,-0.1474557687191013
1.0,0.0,0.0,0.0,0.0,1.0,0.0,0.0,1.0,0.0,0.0,0.0,0.0,0.0,0.0,0.0,1.0,-0.6457580187771894,-0.48467429517283106,0.32144845996824456,1.429082143340942,0.9258737865415383,-0.24523422280629528,-0.6475775332438344,-0.14125327883151229,-0.1781057493664113,1.0032374144732275,1.580191756725731,-0.1474557687191013
0.0,0.0,0.0,1.0,0.0,1.0,0.0,0.0,1.0,0.0,0.0,0.0,0.0,0.0,0.0,0.0,1.0,-0.5023350673006246,-1.4512181110940245,1.0063810909494026,0.36097002131392514,-0.003323550310161725,-0.8885991898623926,-0.6361276280588162,-0.14125327883151229,-0.1781057493664113,1.5876993797216516,1.580191756725731,-0.1474557687191013
1.0,0.0,0.0,0.0,0.0,1.0,0.0,1.0,0.0,0.0,0.0,0.0,0.0,1.0,0.0,0.0,0.0,0.6450485445118945,0.31377494406641593,-0.6081029677918985,0.06966671530655688,-0.6540911887080721,0.05347094046974989,0.17681564007746953,-0.14125327883151229,-0.1781057493664113,1.2954683970974397,-0.632834588424933,-0.1474557687191013
0.0,0.0,0.0,1.0,0.0,1.0,0.0,1.0,0.0,0.0,0.0,0.0,0.0,1.0,0.0,0.0,0.0,0.3582026415587648,-1.0898147712278392,-1.5376543955520416,2.6913964693728705,0.9258737865415383,-1.608555224425168,0.6004621319231397,-0.14125327883151229,-0.1781057493664113,1.5876993797216516,-0.632834588424933,-0.1474557687191013
1.0,0.0,0.0,0.0,0.0,1.0,0.0,0.0,1.0,0.0,0.0,0.0,0.0,0.0,0.0,1.0,0.0,0.9318944474650244,0.09525199437988507,-0.36348417101291347,-0.22163659070081138,-0.7381143521467897,-0.01546102028626056,-0.6246777228737981,-0.14125327883151229,-0.1781057493664113,1.2954683970974397,1.580191756725731,-0.1474557687191013
0.0,0.0,1.0,0.0,0.0,1.0,0.0,0.0,0.0,0.0,1.0,0.0,0.0,1.0,0.0,0.0,0.0,0.5016255930353297,1.2803187599876096,-0.9016455239266805,1.429082143340942,0.29817133026406006,0.6968359075258471,2.741594401521526,-0.14125327883151229,-0.1781057493664113,-0.16568651602362097,-0.632834588424933,-0.1474557687191013
0.0,0.0,1.0,0.0,0.0,1.0,0.0,0.0,0.0,0.0,0.0,1.0,0.0,0.0,1.0,0.0,0.0,-1.6497186791131437,0.4146316900755839,1.7402374812863577,-0.9984454067204599,0.7710075637329216,0.972563750549889,-0.6475775332438344,0.7730659742946313,-0.1781057493664113,-0.16568651602362097,-0.632834588424933,0.7659424474334442
0.0,0.0,1.0,0.0,0.0,1.0,0.0,1.0,0.0,0.0,0.0,0.0,0.0,0.0,1.0,0.0,0.0,-1.219449824683449,1.0954147256374682,0.32144845996824456,-1.095546508722916,0.9258737865415383,1.1180867788125775,-0.6475775332438344,-0.14125327883151229,-0.1781057493664113,0.41877544922480325,-0.632834588424933,-0.1474557687191013
0.0,0.0,1.0,0.0,0.0,1.0,0.0,0.0,0.0,1.0,0.0,0.0,0.0,0.0,1.0,0.0,0.0,-1.5062957276365787,1.1962714716466363,0.07682966318925954,-0.9013443047180038,0.9258737865415383,1.11042767206191,-0.6475775332438344,-0.14125327883151229,-0.1781057493664113,0.12654446660059115,1.580191756725731,-0.1474557687191013
0.0,0.0,1.0,0.0,0.0,1.0,0.0,0.0,0.0,0.0,1.0,0.0,0.0,0.0,0.0,1.0,0.0,1.362163301894719,0.9861532507942028,0.6639147754588236,-0.3187376927032675,-0.2306803454972798,1.1563823125659167,-0.6475775332438344,-0.14125327883151229,-0.1781057493664113,0.41877544922480325,-0.632834588424933,-0.1474557687191013
0.0,0.0,1.0,0.0,0.0,1.0,0.0,1.0,0.0,0.0,0.0,0.0,0.0,1.0,0.0,0.0,0.0,0.6450485445118945,0.5995357244257252,1.5934662032189666,-0.5129398967081796,0.32782656441890157,1.0951094585605743,-0.16668151547307375,0.7730659742946313,-0.1781057493664113,0.12654446660059115,-0.632834588424933,0.7659424474334442
0.0,0.0,1.0,0.0,0.0,1.0,0.0,0.0,0.0,0.0,0.0,1.0,0.0,0.0,0.0,1.0,0.0,0.9318944474650244,0.9273201489555215,-0.06994161487813147,1.1377788373335735,-0.22573780647147287,0.8193816155365324,-0.006382842882820132,-0.14125327883151229,-0.1781057493664113,-0.16568651602362097,-0.632834588424933,-0.1474557687191013
0.0,0.0,0.0,1.0,0.0,1.0,0.0,0.0,1.0,0.0,0.0,0.0,0.0,1.0,0.0,0.0,0.0,0.3582026415587648,-1.5184559417668033,-1.3419593581288536,2.20589095936059,0.9258737865415383,-1.8230102134438673,1.8485017970901139,-0.14125327883151229,-0.1781057493664113,-1.3346104465204693,1.580191756725731,-0.1474557687191013
0.0,0.0,0.0,1.0,0.0,1.0,0.0,0.0,0.0,0.0,0.0,1.0,0.0,0.0,0.0,0.0,1.0,-0.2154891643474948,-1.7285741626192368,-0.8037980052150865,-0.8042432027155477,0.4398574490038583,-1.7234418256851853,-0.01783274806783825,-0.14125327883151229,-0.1781057493664113,-1.6268414291446816,-0.632834588424933,-0.1474557687191013
0.0,1.0,0.0,0.0,0.0,1.0,1.0,0.0,0.0,0.0,0.0,0.0,0.0,1.0,0.0,0.0,0.0,0.3582026415587648,1.0870099968033708,-1.7333494329752295,0.555172225318837,0.7990152848791607,-0.08439298104227094,2.6957947807814535,-0.14125327883151229,-0.1781057493664113,-0.4579174986478331,-0.632834588424933,-0.1474557687191013
0.0,1.0,0.0,0.0,0.0,1.0,0.0,0.0,0.0,1.0,0.0,0.0,0.0,1.0,0.0,0.0,0.0,0.6450485445118945,0.28856075756412386,-0.9505692832824775,1.3319810413384858,-1.7661624695146279,-0.14566583504761357,1.5393543570946244,-0.14125327883151229,-0.1781057493664113,-1.0423794638962574,1.580191756725731,-0.1474557687191013
0.0,0.0,0.0,1.0,1.0,0.0,0.0,1.0,0.0,0.0,0.0,0.0,0.0,0.0,0.0,1.0,0.0,1.6490092048478489,-1.1822667884029099,-0.16778913358972547,0.16676781730901283,0.9258737865415383,-1.011144897873078,-0.6475775332438344,-0.14125327883151229,-0.1781057493664113,1.5876993797216516,-0.632834588424933,-0.1474557687191013
1.0,0.0,0.0,0.0,0.0,1.0,0.0,0.0,0.0,0.0,0.0,1.0,0.0,0.0,0.0,0.0,1.0,-0.3589121158240597,-0.9049107368776979,-0.7548742458592895,-0.5129398967081796,0.7479423816124893,-1.0188040046237457,-0.05218246362289261,-0.14125327883151229,-0.1781057493664113,1.2954683970974397,-0.632834588424933,-0.1474557687191013
1.0,0.0,0.0,0.0,0.0,1.0,0.0,0.0,0.0,1.0,0.0,0.0,0.0,0.0,1.0,0.0,0.0,-1.076026873206884,-0.43424592216824703,0.8596098128820115,-0.41583879470572344,-1.0989197010306946,-0.03077923378759619,-0.6475775332438344,-0.14125327883151229,-0.1781057493664113,1.0032374144732275,1.580191756725731,-0.1474557687191013
1.0,0.0,0.0,0.0,0.0,1.0,0.0,0.0,1.0,0.0,0.0,0.0,0.0,1.0,0.0,0.0,0.0,0.21477969008219988,0.439845876577876,-1.2441118394172594,0.16676781730901283,-0.18784500727361989,-0.19927958230228832,2.249248478565747,-0.14125327883151229,-0.1781057493664113,1.0032374144732275,1.580191756725731,-0.1474557687191013
1.0,0.0,0.0,0.0,0.0,1.0,0.0,0.0,1.0,0.0,0.0,0.0,0.0,0.0,0.0,1.0,0.0,1.6490092048478489,-0.8628870927072111,1.3488474064399816,-0.5129398967081796,-1.5849360385683744,-0.2835297565596344,-0.6475775332438344,-0.14125327883151229,7.513955209301278,1.2954683970974397,1.580191756725731,0.12656369612666235
1.0,0.0,0.0,0.0,0.0,1.0,0.0,0.0,0.0,1.0,0.0,0.0,0.0,0.0,0.0,0.0,1.0,-0.7891809702537543,-0.5182932105092204,1.3488474064399816,-0.02743438669589927,0.9061036304383105,0.03049362021774643,-0.6475775332438344,1.230225600857703,-0.1781057493664113,1.0032374144732275,1.580191756725731,1.2226415555097168
0.0,0.0,1.0,0.0,0.0,1.0,0.0,0.0,1.0,0.0,0.0,0.0,0.0,0.0,0.0,0.0,1.0,-0.5023350673006246,0.7424161146053799,0.17467718190085355,-0.8042432027155477,-0.604665798450003,0.7581087615311898,0.531762700813031,-0.14125327883151229,-0.1781057493664113,-0.16568651602362097,1.580191756725731,-0.1474557687191013
0.0,0.0,0.0,1.0,0.0,1.0,0.0,0.0,0.0,0.0,1.0,0.0,0.0,0.0,1.0,0.0,0.0,-1.219449824683449,-0.7956492620344325,0.7617622941704176,-0.02743438669589927,-1.9193811793146422,-0.3754390375676483,-0.6475775332438344,-0.14125327883151229,-0.1781057493664113,-1.6268414291446816,-0.632834588424933,-0.1474557687191013
0.0,0.0,0.0,1.0,0.0,1.0,0.0,0.0,1.0,0.0,0.0,0.0,0.0,0.0,1.0,0.0,0.0,-0.9326039217303193,-1.6277174166100687,0.32144845996824456,2.108789857358134,0.13671505542103418,-1.2332589936424447,-0.6475775332438344,-0.14125327883151229,0.5911003465003576,-1.3346104465204693,1.580191756725731,-0.12005382223452492
1.0,0.0,0.0,0.0,0.0,1.0,0.0,0.0,0.0,0.0,0.0,0.0,1.0,0.0,0.0,0.0,1.0,-0.7891809702537543,0.4986789784165573,0.8596098128820115,-1.3868498147302841,0.08234712613715812,0.788745188533861,-0.6475775332438344,-0.14125327883151229,-0.1781057493664113,0.7110064318490154,-0.632834588424933,-0.1474557687191013
0.0,1.0,0.0,0.0,0.0,1.0,0.0,1.0,0.0,0.0,0.0,0.0,0.0,0.0,0.0,1.0,0.0,1.2187403504181542,0.7003924704348932,0.27252470061244755,0.36097002131392514,-1.6920243841275242,0.7657678682818577,-0.6246777228737981,-0.14125327883151229,-0.1781057493664113,-0.4579174986478331,-0.632834588424933,-0.1474557687191013
1.0,0.0,0.0,0.0,0.0,1.0,0.0,0.0,0.0,0.0,1.0,0.0,0.0,0.0,1.0,0.0,0.0,-1.362872776160014,-0.10646149763845088,1.2509998877283877,-0.1245354886983552,0.7182871474576478,0.3674943172471307,-0.6475775332438344,-0.14125327883151229,-0.1781057493664113,1.2954683970974397,-0.632834588424933,-0.1474557687191013
0.0,0.0,1.0,0.0,0.0,1.0,0.0,0.0,0.0,0.0,0.0,1.0,0.0,0.0,0.0,1.0,0.0,1.6490092048478489,1.12062891213976,0.9574573315936056,-1.3868498147302841,0.9258737865415383,1.3708373015846158,-0.6475775332438344,-0.14125327883151229,-0.1781057493664113,0.12654446660059115,-0.632834588424933,-0.1474557687191013
0.0,0.0,0.0,1.0,0.0,1.0,0.0,0.0,1.0,0.0,0.0,0.0,0.0,0.0,0.0,1.0,0.0,0.9318944474650244,-1.1486478730665206,-1.0484168019940716,-0.1245354886983552,0.5914286457952703,-1.3634638084037978,-0.6361276280588162,-0.14125327883151229,-0.1781057493664113,-1.6268414291446816,1.580191756725731,-0.1474557687191013
0.0,0.0,1.0,0.0,0.0,1.0,0.0,0.0,0.0,0.0,0.0,0.0,1.0,1.0,0.0,0.0,0.0,0.5016255930353297,1.6669362863560868,-0.6081029677918985,0.7493744293237493,-0.313055995927395,1.1793596328179201,2.6728949704114178,-0.14125327883151229,-0.1781057493664113,0.12654446660059115,-0.632834588424933,-0.1474557687191013
0.0,0.0,0.0,1.0,0.0,1.0,0.0,1.0,0.0,0.0,0.0,0.0,0.0,0.0,0.0,0.0,1.0,-0.07206621287092989,-1.610907958941874,-1.6355019142636356,1.0406777353311174,0.8863334743350829,-2.083419842966573,0.8180103304384837,-0.14125327883151229,-0.1781057493664113,-1.3346104465204693,-0.632834588424933,-0.1474557687191013
1.0,0.0,0.0,0.0,0.0,1.0,0.0,0.0,0.0,0.0,1.0,0.0,0.0,1.0,0.0,0.0,0.0,0.6450485445118945,0.13727563855037175,-1.2930355987730566,0.263868919311469,0.8171379279737861,-0.4673483185756622,0.646261752663212,-0.14125327883151229,-0.1781057493664113,1.2954683970974397,-0.632834588424933,-0.1474557687191013
0.0,1.0,0.0,0.0,0.0,1.0,0.0,1.0,0.0,0.0,0.0,0.0,0.0,0.0,0.0,1.0,0.0,1.5055862533712838,-0.4426506510023444,-0.4613316897245075,-1.5810520187351962,-1.4992653621210545,-0.49798474557833355,-0.6475775332438344,-0.14125327883151229,-0.1781057493664113,-1.0423794638962574,-0.632834588424933,-0.1474557687191013
0.0,0.0,1.0,0.0,0.0,1.0,0.0,0.0,0.0,0.0,0.0,0.0,1.0,0.0,0.0,0.0,1.0,-0.2154891643474948,0.7676303011076719,0.5660672567472296,1.3319810413384858,-1.1499926042973658,0.926609110045882,1.0012088133987733,-0.14125327883151229,-0.1781057493664113,-0.16568651602362097,-0.632834588424933,-0.1474557687191013
0.0,0.0,1.0,0.0,0.0,1.0,0.0,1.0,0.0,0.0,0.0,0.0,0.0,1.0,0.0,0.0,0.0,0.6450485445118945,1.019772166130592,1.3977711657957785,-0.8042432027155477,-1.3789969124930863,1.4167919420886228,0.3600141230377593,-0.14125327883151229,-0.1781057493664113,0.12654446660059115,-0.632834588424933,-0.1474557687191013
0.0,0.0,1.0,0.0,0.0,1.0,0.0,0.0,0.0,0.0,0.0,1.0,0.0,1.0,0.0,0.0,0.0,0.7884714959884594,1.8182214053698393,-0.36348417101291347,1.2348799393360297,0.9258737865415383,1.4321101555899585,0.749310899328375,-0.14125327883151229,-0.1781057493664113,0.41877544922480325,-0.632834588424933,-0.1474557687191013
0.0,0.0,1.0,0.0,0.0,1.0,1.0,0.0,0.0,0.0,0.0,0.0,0.0,1.0,0.0,0.0,0.0,0.3582026415587648,2.045149083890467,-0.9016455239266805,1.0406777353311174,0.13342002940382958,1.317223554329941,1.6767532193148418,-0.14125327883151229,-0.1781057493664113,0.41877544922480325,-0.632834588424933,-0.1474557687191013
0.0,0.0,0.0,1.0,0.0,1.0,0.0,1.0,0.0,0.0,0.0,0.0,0.0,0.0,0.0,1.0,0.0,1.2187403504181542,-0.8208634485367244,0.32144845996824456,1.429082143340942,-0.4382669845811702,-0.5286211725810048,-0.6475775332438344,-0.14125327883151229,6.74474911343451,1.5876993797216516,-0.632834588424933,0.099161749642086
0.0,0.0,1.0,0.0,0.0,1.0,1.0,0.0,0.0,0.0,0.0,0.0,0.0,1.0,0.0,0.0,0.0,0.6450485445118945,1.1374383698079549,-0.4613316897245075,1.429082143340942,-0.39213662034030566,0.8193816155365324,2.0431501852354215,-0.14125327883151229,-0.1781057493664113,-0.16568651602362097,-0.632834588424933,-0.1474557687191013
0.0,0.0,0.0,1.0,0.0,1.0,0.0,0.0,0.0,0.0,1.0,0.0,0.0,1.0,0.0,0.0,0.0,0.5016255930353297,-1.7958119932920156,-0.8037980052150865,2.011688755355678,0.5057579693479505,-1.77705557293986,0.4172636489628499,-0.14125327883151229,-0.1781057493664113,-1.6268414291446816,-0.632834588424933,-0.1474557687191013
0.0,1.0,0.0,0.0,0.0,1.0,0.0,0.0,1.0,0.0,0.0,0.0,0.0,0.0,1.0,0.0,0.0,-0.9326039217303193,-0.0056047516292829025,0.5660672567472296,-1.192647610725372,-1.7348597223511841,0.25260771598711335,-0.6475775332438344,-0.14125327883151229,-0.1781057493664113,-0.7501484812720451,1.580191756725731,-0.1474557687191013
0.0,0.0,1.0,0.0,0.0,1.0,0.0,1.0,0.0,0.0,0.0,0.0,0.0,0.0,0.0,1.0,0.0,1.6490092048478489,1.5660795403469188,-0.31456041165711646,-0.5129398967081796,0.9258737865415383,1.2482915935739307,-0.6475775332438344,-0.14125327883151229,-0.1781057493664113,0.12654446660059115,-0.632834588424933,-0.1474557687191013
0.0,1.0,0.0,0.0,0.0,1.0,0.0,1.0,0.0,0.0,0.0,0.0,0.0,0.0,1.0,0.0,0.0,-1.362872776160014,-0.6443641430206805,1.7891612406421546,-0.22163659070081138,-2.2225235728974666,0.022834513467078568,-0.6475775332438344,-0.14125327883151229,-0.1781057493664113,-1.0423794638962574,-0.632834588424933,-0.1474557687191013
0.0,1.0,0.0,0.0,0.0,1.0,1.0,0.0,0.0,0.0,0.0,0.0,0.0,0.0,0.0,1.0,0.0,1.5055862533712838,-0.8544823638731138,0.5171434973914326,-0.5129398967081796,-0.4267343935209541,-0.49798474557833355,-0.6475775332438344,-0.14125327883151229,-0.1781057493664113,-1.0423794638962574,-0.632834588424933,-0.1474557687191013
0.0,1.0,0.0,0.0,0.0,1.0,0.0,0.0,0.0,0.0,0.0,0.0,1.0,0.0,0.0,1.0,0.0,1.362163301894719,0.09525199437988507,0.5660672567472296,-0.9013443047180038,-1.1780003254436051,0.3368578902444594,-0.6475775332438344,-0.14125327883151229,-0.1781057493664113,-1.0423794638962574,-0.632834588424933,-0.1474557687191013
1.0,0.0,0.0,0.0,0.0,1.0,0.0,0.0,1.0,0.0,0.0,0.0,0.0,0.0,0.0,0.0,1.0,-0.2154891643474948,-0.0056047516292829025,-0.4613316897245075,-1.192647610725372,0.4069071888318122,-0.13800672829694574,1.1958572015440814,-0.14125327883151229,-0.1781057493664113,1.0032374144732275,1.580191756725731,-0.1474557687191013
0.0,0.0,1.0,0.0,0.0,1.0,0.0,1.0,0.0,0.0,0.0,0.0,0.0,1.0,0.0,0.0,0.0,0.5016255930353297,1.0449863526328842,-0.7548742458592895,1.1377788373335735,0.919283734507129,0.5819493062658299,1.3103562533942623,-0.14125327883151229,-0.1781057493664113,-0.16568651602362097,-0.632834588424933,-0.1474557687191013
0.0,0.0,0.0,1.0,0.0,1.0,1.0,0.0,0.0,0.0,0.0,0.0,0.0,0.0,0.0,0.0,1.0,-0.6457580187771894,-1.7201694337851396,0.17467718190085355,-0.22163659070081138,0.7759501027587284,-1.35580470165313,-0.6475775332438344,-0.14125327883151229,-0.1781057493664113,-1.3346104465204693,-0.632834588424933,-0.1474557687191013
1.0,0.0,0.0,0.0,0.0,1.0,0.0,0.0,1.0,0.0,0.0,0.0,0.0,0.0,0.0,0.0,1.0,-0.2154891643474948,-1.0646005847255473,1.8870087593537486,0.06966671530655688,-2.0281170378823945,-0.32948439706364135,-0.6475775332438344,-0.14125327883151229,22.385273062725478,1.2954683970974397,1.580191756725731,0.6563346614951389
0.0,0.0,0.0,1.0,0.0,1.0,0.0,0.0,0.0,0.0,0.0,1.0,0.0,0.0,0.0,0.0,1.0,-0.5023350673006246,-0.9301249233799899,-0.36348417101291347,-0.9984454067204599,-0.7381143521467897,-0.8656218696103891,-0.6475775332438344,-0.14125327883151229,-0.1781057493664113,-1.3346104465204693,-0.632834588424933,-0.1474557687191013
1.0,0.0,0.0,0.0,0.0,1.0,0.0,0.0,0.0,0.0,1.0,0.0,0.0,0.0,1.0,0.0,0.0,-0.9326039217303193,-1.1318384153983259,-0.9505692832824775,-0.9013443047180038,0.9258737865415383,-1.2945318476477874,-0.6475775332438344,-0.14125327883151229,-0.1781057493664113,1.2954683970974397,-0.632834588424933,-0.1474557687191013
0.0,0.0,0.0,1.0,0.0,1.0,1.0,0.0,0.0,0.0,0.0,0.0,0.0,1.0,0.0,0.0,0.0,0.07135673860563499,-1.1234336865642287,-0.6570267271476955,0.4580711233163813,-0.6129033634930146,-1.1566679261357664,0.5088628904429947,-0.14125327883151229,-0.1781057493664113,-1.6268414291446816,-0.632834588424933,-0.1474557687191013
0.0,0.0,0.0,1.0,0.0,1.0,0.0,0.0,0.0,1.0,0.0,0.0,0.0,0.0,0.0,1.0,0.0,1.362163301894719,-1.5688843147713871,0.5171434973914326,0.4580711233163813,0.8995135784039013,-1.1183723923824274,-0.6475775332438344,-0.14125327883151229,-0.1781057493664113,-1.3346104465204693,1.580191756725731,-0.1474557687191013
0.0,1.0,0.0,0.0,0.0,1.0,0.0,1.0,0.0,0.0,0.0,0.0,0.0,0.0,0.0,1.0,0.0,0.9318944474650244,0.6415593685962119,-0.21671289294552248,2.302992061363046,0.07575707410274891,0.5130173455098194,-0.07508227399292886,-0.14125327883151229,-0.1781057493664113,-0.7501484812720451,-0.632834588424933,-0.1474557687191013
1.0,0.0,0.0,0.0,0.0,1.0,0.0,0.0,0.0,0.0,0.0,1.0,0.0,0.0,1.0,0.0,0.0,-1.219449824683449,-0.6527688718547778,0.17467718190085355,-1.6781531207376523,0.07740458711135122,-0.4367118915729909,-0.6475775332438344,-0.14125327883151229,-0.1781057493664113,1.2954683970974397,-0.632834588424933,-0.1474557687191013
1.0,0.0,0.0,0.0,0.0,1.0,0.0,0.0,0.0,0.0,1.0,0.0,0.0,0.0,0.0,0.0,1.0,-0.6457580187771894,-0.8881012792095032,0.8106860535262146,-1.192647610725372,0.535413203502792,-0.4367118915729909,-0.6475775332438344,-0.14125327883151229,-0.1781057493664113,1.2954683970974397,-0.632834588424933,-0.1474557687191013
0.0,0.0,0.0,1.0,0.0,1.0,0.0,0.0,0.0,0.0,0.0,0.0,1.0,1.0,0.0,0.0,0.0,0.21477969008219988,-1.585693772439582,-1.4887306361962445,1.1377788373335735,0.7397048165694777,-1.9685332417065557,0.7607608045133931,-0.14125327883151229,-0.1781057493664113,1.5876993797216516,-0.632834588424933,-0.1474557687191013
0.0,1.0,0.0,0.0,0.0,1.0,1.0,0.0,0.0,0.0,0.0,0.0,0.0,0.0,0.0,1.0,0.0,1.2187403504181542,-0.736816160195751,0.027905903833462538,2.7884975713753266,-0.7364668391381874,-0.5592575995836762,-0.6475775332438344,-0.14125327883151229,-0.1781057493664113,-0.7501484812720451,-0.632834588424933,-0.1474557687191013
1.0,0.0,0.0,0.0,0.0,1.0,1.0,0.0,0.0,0.0,0.0,0.0,0.0,0.0,1.0,0.0,0.0,-1.076026873206884,-0.039223666965672276,0.07682966318925954,-1.095546508722916,0.3459492075135269,0.05347094046974989,-0.6475775332438344,-0.14125327883151229,-0.1781057493664113,1.0032374144732275,-0.632834588424933,-0.1474557687191013
0.0,0.0,1.0,0.0,0.0,1.0,0.0,0.0,0.0,1.0,0.0,0.0,0.0,0.0,0.0,0.0,1.0,-0.6457580187771894,0.6415593685962119,1.2999236470841846,-1.192647610725372,-0.6359685456134468,1.0491548180565673,-0.5216285762086351,-0.14125327883151229,-0.1781057493664113,0.41877544922480325,1.580191756725731,-0.1474557687191013
0.0,0.0,0.0,1.0,0.0,1.0,0.0,1.0,0.0,0.0,0.0,0.0,0.0,1.0,0.0,0.0,0.0,0.07135673860563499,-0.7704350755321404,-1.4887306361962445,-0.8042432027155477,-0.09064173976608389,-1.317509167899791,0.03941677785725222,-0.14125327883151229,-0.1781057493664113,-1.6268414291446816,-0.632834588424933,-0.1474557687191013
1.0,0.0,0.0,0.0,0.0,1.0,0.0,0.0,0.0,1.0,0.0,0.0,0.0,0.0,0.0,0.0,1.0,-0.5023350673006246,0.3642033170709998,-0.11886537423392847,-0.9013443047180038,0.9258737865415383,0.3215396767431238,-0.08653217917794698,-0.14125327883151229,-0.1781057493664113,0.7110064318490154,1.580191756725731,-0.1474557687191013
0.0,0.0,1.0,0.0,0.0,1.0,0.0,1.0,0.0,0.0,0.0,0.0,0.0,0.0,1.0,0.0,0.0,-1.076026873206884,0.7340113857712828,1.1531523690167935,-0.9984454067204599,-1.2125980986242535,1.0874503518099063,-0.6475775332438344,-0.14125327883151229,-0.1781057493664113,-0.16568651602362097,-0.632834588424933,-0.1474557687191013
1.0,0.0,0.0,0.0,0.0,1.0,1.0,0.0,0.0,0.0,0.0,0.0,0.0,0.0,0.0,0.0,1.0,-0.2154891643474948,-0.9385296522140871,-0.36348417101291347,-0.9013443047180038,-0.6738613448112998,-0.873280976361057,0.5088628904429947,-0.14125327883151229,-0.1781057493664113,1.2954683970974397,-0.632834588424933,-0.1474557687191013
1.0,0.0,0.0,0.0,0.0,1.0,0.0,0.0,0.0,0.0,0.0,0.0,1.0,1.0,0.0,0.0,0.0,0.5016255930353297,1.263509302319415,-0.7548742458592895,3.274003081387607,0.8089003629307746,0.7657678682818577,2.3866473407859647,-0.14125327883151229,-0.1781057493664113,0.7110064318490154,-0.632834588424933,-0.1474557687191013
1.0,0.0,0.0,0.0,0.0,1.0,0.0,1.0,0.0,0.0,0.0,0.0,0.0,0.0,1.0,0.0,0.0,-1.6497186791131437,-0.039223666965672276,0.9574573315936056,-0.41583879470572344,-0.01815116738758247,0.34451699699512733,-0.6475775332438344,-0.14125327883151229,-0.1781057493664113,1.0032374144732275,-0.632834588424933,-0.1474557687191013
1.0,0.0,0.0,0.0,0.0,1.0,0.0,0.0,0.0,0.0,1.0,0.0,0.0,1.0,0.0,0.0,0.0,0.21477969008219988,-0.5519121258456098,-1.5865781549078386,0.6522733273212932,0.8830384483178783,-1.217940780141109,1.459205020799498,-0.14125327883151229,-0.1781057493664113,1.2954683970974397,-0.632834588424933,-0.1474557687191013
0.0,0.0,1.0,0.0,0.0,1.0,0.0,0.0,0.0,1.0,0.0,0.0,0.0,0.0,0.0,0.0,1.0,-0.6457580187771894,1.019772166130592,1.0553048503051996,-1.4839509167327403,0.18614044567910334,1.3095644475792731,-0.44147923991350835,-0.14125327883151229,-0.1781057493664113,0.12654446660059115,1.580191756725731,-0.1474557687191013
0.0,0.0,1.0,0.0,0.0,1.0,0.0,0.0,0.0,0.0,0.0,1.0,0.0,0.0,1.0,0.0,0.0,-1.076026873206884,1.238295115817123,0.4192959786798386,-1.4839509167327403,0.8962185523866968,1.28658712732727,-0.6475775332438344,-0.14125327883151229,-0.1781057493664113,0.12654446660059115,-0.632834588424933,-0.1474557687191013
1.0,0.0,0.0,0.0,0.0,1.0,0.0,0.0,1.0,0.0,0.0,0.0,0.0,0.0,1.0,0.0,0.0,-1.219449824683449,-0.8628870927072111,-1.4887306361962445,-0.1245354886983552,0.9258737865415383,-1.394100235406469,-0.6475775332438344,-0.14125327883151229,-0.1781057493664113,1.2954683970974397,1.580191756725731,-0.1474557687191013
0.0,0.0,0.0,1.0,1.0,0.0,0.0,0.0,0.0,1.0,0.0,0.0,0.0,0.0,1.0,0.0,0.0,-1.362872776160014,-0.6443641430206805,1.0553048503051996,-0.8042432027155477,-2.056124759028634,-0.1609840485489492,-0.6475775332438344,-0.14125327883151229,-0.1781057493664113,1.5876993797216516,1.580191756725731,-0.1474557687191013
1.0,0.0,0.0,0.0,0.0,1.0,0.0,0.0,0.0,1.0,0.0,0.0,0.0,1.0,0.0,0.0,0.0,0.7884714959884594,0.48186952074836265,-1.6844256736194325,0.36097002131392514,0.9258737865415383,-0.49798474557833355,0.07376649341230658,-0.14125327883151229,-0.1781057493664113,1.0032374144732275,1.580191756725731,-0.1474557687191013
1.0,0.0,0.0,0.0,0.0,1.0,0.0,0.0,0.0,0.0,0.0,1.0,0.0,0.0,0.0,1.0,0.0,1.6490092048478489,-0.3165797184908843,-0.7548742458592895,1.72038544934831,0.6079037758812934,-0.5286211725810048,-0.6475775332438344,-0.14125327883151229,-0.1781057493664113,1.2954683970974397,-0.632834588424933,-0.1474557687191013
0.0,1.0,0.0,0.0,0.0,1.0,0.0,1.0,0.0,0.0,0.0,0.0,0.0,0.0,0.0,0.0,1.0,-0.07206621287092989,-0.46786483750463637,-0.21671289294552248,-0.8042432027155477,-0.7002215529489367,-0.4213936780716553,2.2034488578256752,-0.14125327883151229,-0.1781057493664113,-0.7501484812720451,-0.632834588424933,-0.1474557687191013
0.0,1.0,0.0,0.0,0.0,1.0,1.0,0.0,0.0,0.0,0.0,0.0,0.0,1.0,0.0,0.0,0.0,0.5016255930353297,0.5743215379234332,-1.5865781549078386,2.011688755355678,0.7578274596641031,-0.3371435038143092,2.7873940222615983,-0.14125327883151229,-0.1781057493664113,-0.4579174986478331,-0.632834588424933,-0.1474557687191013
1.0,0.0,0.0,0.0,0.0,1.0,1.0,0.0,0.0,0.0,0.0,0.0,0.0,1.0,0.0,0.0,0.0,0.5016255930353297,0.07844253671169046,1.3977711657957785,-0.5129398967081796,0.0724620480855443,0.574290199515162,0.13101601933739718,0.7730659742946313,-0.1781057493664113,1.0032374144732275,-0.632834588424933,0.7659424474334442
1.0,0.0,0.0,0.0,0.0,1.0,0.0,1.0,0.0,0.0,0.0,0.0,0.0,1.0,0.0,0.0,0.0,0.3582026415587648,0.3726080459050972,-0.9994930426382745,-0.5129398967081796,-0.5733630512865592,-0.09971119454360661,1.3447059689493168,-0.14125327883151229,-0.1781057493664113,1.2954683970974397,-0.632834588424933,-0.1474557687191013
0.0,0.0,1.0,0.0,0.0,1.0,0.0,0.0,0.0,0.0,1.0,0.0,0.0,1.0,0.0,0.0,0.0,0.3582026415587648,1.238295115817123,0.8596098128820115,1.3319810413384858,0.13012500338662497,1.4397692623406264,0.4974129852579766,-0.14125327883151229,-0.1781057493664113,0.12654446660059115,-0.632834588424933,-0.1474557687191013
1.0,0.0,0.0,0.0,0.0,1.0,0.0,0.0,0.0,0.0,0.0,0.0,1.0,1.0,0.0,0.0,0.0,0.3582026415587648,-0.09805676880435357,-1.1951880800614625,0.6522733273212932,0.6540341401221579,-0.5898940265863474,1.779802365980005,-0.14125327883151229,-0.1781057493664113,1.0032374144732275,-0.632834588424933,-0.1474557687191013
0.0,0.0,0.0,1.0,0.0,1.0,0.0,0.0,0.0,1.0,0.0,0.0,0.0,1.0,0.0,0.0,0.0,0.21477969008219988,-1.2999329920802727,-1.7822731923310267,0.7493744293237493,0.7051070433888293,-1.95321502820522,0.6806114682182663,-0.14125327883151229,-0.1781057493664113,-1.6268414291446816,1.580191756725731,-0.1474557687191013
0.0,1.0,0.0,0.0,0.0,1.0,0.0,1.0,0.0,0.0,0.0,0.0,0.0,0.0,0.0,1.0,0.0,1.6490092048478489,0.6583688262644065,-0.2656366523013195,-0.1245354886983552,0.4513900400640744,0.5053582387591516,-0.6475775332438344,-0.14125327883151229,-0.1781057493664113,-0.4579174986478331,-0.632834588424933,-0.1474557687191013
1.0,0.0,0.0,0.0,0.0,1.0,0.0,0.0,0.0,1.0,0.0,0.0,0.0,0.0,1.0,0.0,0.0,-1.362872776160014,-0.43424592216824703,1.2999236470841846,-0.6100409987106356,-1.9160861532974378,0.09176647422308902,-0.6475775332438344,-0.14125327883151229,-0.1781057493664113,1.2954683970974397,1.580191756725731,-0.1474557687191013
1.0,0.0,0.0,0.0,0.0,1.0,1.0,0.0,0.0,0.0,0.0,0.0,0.0,1.0,0.0,0.0,0.0,0.21477969008219988,0.07844253671169046,-0.6081029677918985,3.468205285392519,-0.8419076716887349,-0.13800672829694574,1.276006537839208,-0.14125327883151229,-0.1781057493664113,1.2954683970974397,-0.632834588424933,-0.1474557687191013
0.0,0.0,1.0,0.0,0.0,1.0,0.0,0.0,0.0,0.0,0.0,0.0,1.0,0.0,1.0,0.0,0.0,-1.219449824683449,1.3475565906603884,0.27252470061244755,-1.192647610725372,0.9209312475157313,1.317223554329941,-0.6475775332438344,-0.14125327883151229,-0.1781057493664113,0.41877544922480325,-0.632834588424933,-0.1474557687191013
0.0,0.0,0.0,1.0,0.0,1.0,0.0,1.0,0.0,0.0,0.0,0.0,0.0,1.0,0.0,0.0,0.0,0.5016255930353297,-1.5772890436054847,-1.6355019142636356,2.5942953673704148,0.9176362214985267,-2.06044252271457,1.573704072649679,-0.14125327883151229,-0.1781057493664113,-1.3346104465204693,-0.632834588424933,-0.1474557687191013
0.0,0.0,1.0,0.0,0.0,1.0,0.0,0.0,0.0,0.0,1.0,0.0,0.0,0.0,1.0,0.0,0.0,-0.9326039217303193,1.4820322520059455,-0.06994161487813147,-0.8042432027155477,0.9258737865415383,1.28658712732727,-0.6475775332438344,-0.14125327883151229,-0.1781057493664113,0.41877544922480325,-0.632834588424933,-0.1474557687191013
0.0,1.0,0.0,0.0,0.0,1.0,0.0,0.0,0.0,0.0,1.0,0.0,0.0,0.0,1.0,0.0,0.0,-0.9326039217303193,-1.005767482886866,1.4466949251515757,-0.8042432027155477,-0.8419076716887349,-0.3754390375676483,-0.6475775332438344,-0.14125327883151229,-0.1781057493664113,-1.0423794638962574,-0.632834588424933,-0.1474557687191013
0.0,0.0,1.0,0.0,0.0,1.0,1.0,0.0,0.0,0.0,0.0,0.0,0.0,0.0,0.0,0.0,1.0,-0.7891809702537543,1.465222794337751,0.17467718190085355,-0.41583879470572344,0.23886086195437709,1.3784964083352838,-0.6361276280588162,-0.14125327883151229,-0.1781057493664113,0.41877544922480325,-0.632834588424933,-0.1474557687191013
0.0,0.0,0.0,1.0,1.0,0.0,0.0,0.0,0.0,1.0,0.0,0.0,0.0,0.0,0.0,1.0,0.0,1.6490092048478489,-1.0982195000619366,0.22360094125665056,1.429082143340942,-0.912750731058634,-0.8043490156050466,-0.6475775332438344,-0.14125327883151229,-0.1781057493664113,1.5876993797216516,1.580191756725731,-0.1474557687191013
0.0,1.0,0.0,0.0,0.0,1.0,0.0,0.0,0.0,0.0,1.0,0.0,0.0,0.0,0.0,0.0,1.0,-0.2154891643474948,0.30537021523231844,-0.5591792084361015,0.4580711233163813,-0.47945480979622784,0.07644826072175336,1.9401010385702582,-0.14125327883151229,-0.1781057493664113,-0.7501484812720451,-0.632834588424933,-0.1474557687191013
0.0,1.0,0.0,0.0,0.0,1.0,0.0,0.0,0.0,1.0,0.0,0.0,0.0,0.0,1.0,0.0,0.0,-0.9326039217303193,0.38101277473919465,-2.8585958981585606,-0.9013443047180038,-0.22079526744566597,0.4134489577511376,-0.6475775332438344,-0.14125327883151229,-0.1781057493664113,-0.4579174986478331,1.580191756725731,-0.1474557687191013
0.0,0.0,1.0,0.0,0.0,1.0,0.0,0.0,0.0,0.0,0.0,1.0,0.0,0.0,0.0,0.0,1.0,-0.3589121158240597,0.8768917759509374,-0.36348417101291347,-0.3187376927032675,-0.44320952360697713,0.6432221602711724,1.4363052104294618,-0.14125327883151229,-0.1781057493664113,-0.16568651602362097,-0.632834588424933,-0.1474557687191013
0.0,0.0,0.0,1.0,0.0,1.0,1.0,0.0,0.0,0.0,0.0,0.0,0.0,0.0,0.0,0.0,1.0,-0.5023350673006246,-2.5942612325312626,-0.9016455239266805,0.7493744293237493,0.9258737865415383,-2.4816933940013004,-0.6475775332438344,-0.14125327883151229,1.103904410411537,-1.6268414291446816,-0.632834588424933,-0.101785857911474
1.0,0.0,0.0,0.0,0.0,1.0,0.0,0.0,1.0,0.0,0.0,0.0,0.0,0.0,1.0,0.0,0.0,-1.219449824683449,-0.23253243014991093,1.1042286096609966,-0.9984454067204599,-1.7744000345576394,0.21431218223377418,-0.6475775332438344,-0.14125327883151229,-0.1781057493664113,1.2954683970974397,1.580191756725731,-0.1474557687191013
0.0,0.0,1.0,0.0,0.0,1.0,0.0,0.0,0.0,0.0,0.0,1.0,0.0,0.0,0.0,0.0,1.0,-0.6457580187771894,0.8684870471168399,1.7402374812863577,0.6522733273212932,0.5518883335888151,1.3784964083352838,-0.6246777228737981,1.6873852274207748,-0.1781057493664113,0.41877544922480325,-0.632834588424933,1.6793406635859895
0.0,0.0,1.0,0.0,0.0,1.0,0.0,0.0,1.0,0.0,0.0,0.0,0.0,0.0,1.0,0.0,0.0,-1.076026873206884,1.3811755059967776,0.07682966318925954,-0.5129398967081796,0.5535358465974173,1.271268913825934,-0.6475775332438344,-0.14125327883151229,-0.1781057493664113,0.41877544922480325,1.580191756725731,-0.1474557687191013
0.0,1.0,0.0,0.0,0.0,1.0,0.0,0.0,0.0,0.0,1.0,0.0,0.0,0.0,0.0,1.0,0.0,1.362163301894719,0.09525199437988507,-0.7059504865034925,0.6522733273212932,-0.24386044956609823,-0.16864315529961704,-0.6475775332438344,-0.14125327883151229,-0.1781057493664113,-0.7501484812720451,-0.632834588424933,-0.1474557687191013
0.0,0.0,0.0,1.0,0.0,1.0,0.0,1.0,0.0,0.0,0.0,0.0,0.0,0.0,0.0,0.0,1.0,-0.07206621287092989,-0.9553391098822819,-1.0484168019940716,-1.095546508722916,-0.6194934155274238,-1.2026225666397736,-0.3842297139884178,-0.14125327883151229,-0.1781057493664113,-1.6268414291446816,-0.632834588424933,-0.1474557687191013
1.0,0.0,0.0,0.0,0.0,1.0,0.0,0.0,0.0,0.0,1.0,0.0,0.0,0.0,1.0,0.0,0.0,-0.9326039217303193,0.6247499109280173,0.5660672567472296,-0.5129398967081796,0.9258737865415383,0.8040634020351969,-0.6475775332438344,-0.14125327883151229,-0.1781057493664113,0.7110064318490154,-0.632834588424933,-0.1474557687191013
1.0,0.0,0.0,0.0,0.0,1.0,0.0,1.0,0.0,0.0,0.0,0.0,0.0,1.0,0.0,0.0,0.0,0.5016255930353297,0.6163451820939199,-0.7548742458592895,-0.02743438669589927,-1.2323682547274812,0.22963039573510985,0.9897589082137552,-0.14125327883151229,-0.1781057493664113,1.0032374144732275,-0.632834588424933,-0.1474557687191013
1.0,0.0,0.0,0.0,0.0,1.0,0.0,1.0,0.0,0.0,0.0,0.0,0.0,0.0,0.0,0.0,1.0,-0.7891809702537543,-0.9469343810481845,1.4466949251515757,-0.6100409987106356,-1.8534806589705501,-0.32948439706364135,-0.6475775332438344,-0.14125327883151229,0.5911003465003576,1.2954683970974397,-0.632834588424933,-0.12005382223452492
1.0,0.0,0.0,0.0,0.0,1.0,0.0,1.0,0.0,0.0,0.0,0.0,0.0,1.0,0.0,0.0,0.0,0.7884714959884594,0.2213229268913451,-0.4613316897245075,0.263868919311469,-0.3064659438929858,0.05347094046974989,-0.3498799984333635,-0.14125327883151229,-0.1781057493664113,1.2954683970974397,-0.632834588424933,-0.1474557687191013
0.0,0.0,1.0,0.0,0.0,1.0,0.0,1.0,0.0,0.0,0.0,0.0,0.0,0.0,1.0,0.0,0.0,-1.219449824683449,1.011367437296495,1.2999236470841846,-0.9984454067204599,0.11364987330060192,1.3784964083352838,-0.6475775332438344,-0.14125327883151229,-0.1781057493664113,0.12654446660059115,-0.632834588424933,-0.1474557687191013
0.0,0.0,0.0,1.0,0.0,1.0,0.0,0.0,0.0,0.0,0.0,1.0,0.0,0.0,0.0,1.0,0.0,1.362163301894719,-1.989120756476254,-0.9505692832824775,1.3319810413384858,0.9258737865415383,-2.006828775459895,-0.6475775332438344,-0.14125327883151229,-0.1781057493664113,-1.3346104465204693,-0.632834588424933,-0.1474557687191013
0.0,0.0,0.0,1.0,1.0,0.0,0.0,1.0,0.0,0.0,0.0,0.0,0.0,0.0,1.0,0.0,0.0,-1.5062957276365787,-1.1990762460711046,-0.06994161487813147,2.497194265367958,-0.014856141370377858,-0.9881675776210743,-0.6475775332438344,-0.14125327883151229,-0.1781057493664113,1.5876993797216516,-0.632834588424933,-0.1474557687191013
1.0,0.0,0.0,0.0,0.0,1.0,0.0,0.0,0.0,0.0,0.0,0.0,1.0,0.0,1.0,0.0,0.0,-1.6497186791131437,-0.09805676880435357,0.7617622941704176,-0.1245354886983552,-1.89631599719421,0.23728950248577774,-0.6475775332438344,-0.14125327883151229,-0.1781057493664113,1.2954683970974397,-0.632834588424933,-0.1474557687191013
1.0,0.0,0.0,0.0,1.0,0.0,0.0,0.0,0.0,1.0,0.0,0.0,0.0,0.0,1.0,0.0,0.0,-1.076026873206884,0.2633465710618318,0.5171434973914326,-0.9984454067204599,0.9258737865415383,0.4670627050058125,-0.6475775332438344,-0.14125327883151229,-0.1781057493664113,0.7110064318490154,1.580191756725731,-0.1474557687191013
0.0,0.0,1.0,0.0,0.0,1.0,0.0,0.0,0.0,0.0,0.0,0.0,1.0,0.0,1.0,0.0,0.0,-0.9326039217303193,1.2803187599876096,0.7617622941704176,0.6522733273212932,-0.0988793048090954,1.4474283690912941,-0.6475775332438344,-0.14125327883151229,-0.1781057493664113,0.12654446660059115,-0.632834588424933,-0.1474557687191013
0.0,1.0,0.0,0.0,0.0,1.0,0.0,0.0,0.0,1.0,0.0,0.0,0.0,0.0,1.0,0.0,0.0,-1.5062957276365787,-0.560316854679707,1.1531523690167935,-0.5129398967081796,-2.0627148110630427,-0.06141566079026748,-0.6475775332438344,-0.14125327883151229,-0.1781057493664113,-1.0423794638962574,1.580191756725731,-0.1474557687191013
1.0,0.0,0.0,0.0,0.0,1.0,0.0,0.0,1.0,0.0,0.0,0.0,0.0,1.0,0.0,0.0,0.0,0.5016255930353297,0.691987741600796,-1.6844256736194325,-0.22163659070081138,0.649091601096351,-0.3371435038143092,1.5393543570946244,-0.14125327883151229,-0.1781057493664113,1.0032374144732275,1.580191756725731,-0.1474557687191013
0.0,1.0,0.0,0.0,0.0,1.0,0.0,0.0,0.0,1.0,0.0,0.0,0.0,0.0,1.0,0.0,0.0,-1.6497186791131437,0.4734647919142652,0.27252470061244755,1.5261832453433977,0.35583428556514074,0.5666310927644941,-0.6475775332438344,-0.14125327883151229,-0.1781057493664113,-0.4579174986478331,1.580191756725731,-0.1474557687191013
0.0,0.0,0.0,1.0,0.0,1.0,0.0,0.0,0.0,0.0,0.0,1.0,0.0,1.0,0.0,0.0,0.0,0.21477969008219988,-1.678145789614653,-1.0484168019940716,0.6522733273212932,0.8517357011544345,-1.792373786441196,0.749310899328375,-0.14125327883151229,-0.1781057493664113,1.5876993797216516,-0.632834588424933,-0.1474557687191013
0.0,1.0,0.0,0.0,0.0,1.0,0.0,0.0,1.0,0.0,0.0,0.0,0.0,0.0,0.0,0.0,1.0,-0.7891809702537543,-1.05619585589145,-0.8037980052150865,-0.8042432027155477,0.1729603416102849,-1.1643270328864344,-0.6475775332438344,-0.14125327883151229,-0.1781057493664113,-1.0423794638962574,1.580191756725731,-0.1474557687191013
0.0,1.0,0.0,0.0,0.0,1.0,0.0,0.0,0.0,0.0,1.0,0.0,0.0,0.0,1.0,0.0,0.0,-1.5062957276365787,-0.43424592216824703,1.3488474064399816,0.36097002131392514,0.9258737865415383,0.09942558097375682,-0.6475775332438344,-0.14125327883151229,-0.1781057493664113,-0.4579174986478331,-0.632834588424933,-0.1474557687191013
0.0,1.0,0.0,0.0,0.0,1.0,0.0,0.0,0.0,0.0,1.0,0.0,0.0,0.0,0.0,1.0,0.0,0.9318944474650244,0.5070837072506548,-0.5591792084361015,0.6522733273212932,-0.8171949765597003,0.2449486092364455,0.005067062302197861,-0.14125327883151229,-0.1781057493664113,-1.0423794638962574,-0.632834588424933,-0.1474557687191013
0.0,0.0,1.0,0.0,0.0,1.0,1.0,0.0,0.0,0.0,0.0,0.0,0.0,0.0,0.0,0.0,1.0,-0.2154891643474948,1.1710572851443442,-1.0973405613498686,0.4580711233163813,0.8879809873436852,0.4823809185071481,2.031700280050403,-0.14125327883151229,-0.1781057493664113,0.41877544922480325,-0.632834588424933,-0.1474557687191013
1.0,0.0,0.0,0.0,0.0,1.0,0.0,0.0,0.0,0.0,0.0,0.0,1.0,0.0,1.0,0.0,0.0,-1.076026873206884,-0.7704350755321404,-1.5865781549078386,0.6522733273212932,-0.604665798450003,-1.394100235406469,-0.6475775332438344,-0.14125327883151229,-0.1781057493664113,1.2954683970974397,-0.632834588424933,-0.1474557687191013
0.0,1.0,0.0,0.0,0.0,1.0,1.0,0.0,0.0,0.0,0.0,0.0,0.0,0.0,1.0,0.0,0.0,-1.362872776160014,-0.11486622647254834,0.22360094125665056,-1.192647610725372,-0.879800470886588,0.03815272696841423,-0.6475775332438344,-0.14125327883151229,-0.1781057493664113,-0.7501484812720451,-0.632834588424933,-0.1474557687191013
0.0,1.0,0.0,0.0,0.0,1.0,0.0,0.0,0.0,1.0,0.0,0.0,0.0,0.0,0.0,0.0,1.0,-0.7891809702537543,-0.6275546853524858,1.2999236470841846,-0.5129398967081796,-1.102214727047899,-0.08439298104227094,-0.6475775332438344,-0.14125327883151229,-0.1781057493664113,-0.7501484812720451,1.580191756725731,-0.1474557687191013
0.0,0.0,1.0,0.0,0.0,1.0,0.0,0.0,1.0,0.0,0.0,0.0,0.0,0.0,1.0,0.0,0.0,-1.219449824683449,0.7424161146053799,1.4466949251515757,-0.8042432027155477,-1.91773366630604,1.187018739568588,-0.6475775332438344,-0.14125327883151229,-0.1781057493664113,-0.16568651602362097,1.580191756725731,-0.1474557687191013
0.0,0.0,1.0,0.0,0.0,1.0,0.0,0.0,0.0,0.0,0.0,0.0,1.0,0.0,0.0,1.0,0.0,1.6490092048478489,0.9777485219601053,0.7617622941704176,-0.3187376927032675,0.2602785310662071,1.1793596328179201,-0.6475775332438344,-0.14125327883151229,-0.1781057493664113,0.12654446660059115,-0.632834588424933,-0.1474557687191013
0.0,0.0,0.0,1.0,0.0,1.0,0.0,0.0,0.0,0.0,0.0,0.0,1.0,0.0,0.0,0.0,1.0,-0.07206621287092989,-0.5014837528410258,-0.4124079303687105,0.4580711233163813,-1.4893802840694408,-0.5286211725810048,-0.2697306621382367,-0.14125327883151229,-0.1781057493664113,-1.3346104465204693,-0.632834588424933,-0.1474557687191013
1.0,0.0,0.0,0.0,0.0,1.0,0.0,0.0,1.0,0.0,0.0,0.0,0.0,0.0,1.0,0.0,0.0,-1.6497186791131437,-0.35860336266137094,0.22360094125665056,-1.095546508722916,-0.2043201373596429,-0.16864315529961704,-0.6475775332438344,-0.14125327883151229,-0.1781057493664113,1.2954683970974397,1.580191756725731,-0.1474557687191013
0.0,1.0,0.0,0.0,0.0,1.0,0.0,0.0,1.0,0.0,0.0,0.0,0.0,0.0,0.0,0.0,1.0,-0.3589121158240597,0.25494184222773464,-0.4124079303687105,0.8464755313262055,0.3129989473414808,0.09942558097375682,1.0928080548789183,-0.14125327883151229,-0.1781057493664113,-0.4579174986478331,1.580191756725731,-0.1474557687191013
0.0,1.0,0.0,0.0,0.0,1.0,0.0,0.0,0.0,0.0,0.0,0.0,1.0,1.0,0.0,0.0,0.0,0.07135673860563499,0.5743215379234332,-0.7059504865034925,0.9435766333286616,0.7182871474576478,0.22197128898444207,1.8943014178301862,-0.14125327883151229,-0.1781057493664113,-1.0423794638962574,-0.632834588424933,-0.1474557687191013
1.0,0.0,0.0,0.0,0.0,1.0,0.0,0.0,0.0,0.0,1.0,0.0,0.0,1.0,0.0,0.0,0.0,0.6450485445118945,-0.11486622647254834,1.8380849999979516,-0.3187376927032675,-1.4020620946135185,0.5130173455098194,-0.6246777228737981,-0.14125327883151229,-0.1781057493664113,1.2954683970974397,-0.632834588424933,-0.1474557687191013
1.0,0.0,0.0,0.0,0.0,1.0,1.0,0.0,0.0,0.0,0.0,0.0,0.0,0.0,0.0,0.0,1.0,-0.07206621287092989,-0.056033124633866886,1.3977711657957785,-0.7071421007130917,-1.8468906069361408,0.45174449150447676,-0.3727798088033997,0.7730659742946313,-0.1781057493664113,1.0032374144732275,-0.632834588424933,0.7659424474334442
0.0,1.0,0.0,0.0,0.0,1.0,0.0,0.0,0.0,0.0,0.0,0.0,1.0,0.0,0.0,1.0,0.0,1.0753173989415892,-0.039223666965672276,1.6913137219305607,2.108789857358134,-1.000068920514556,0.5436537725124907,-0.6475775332438344,-0.14125327883151229,-0.1781057493664113,-0.4579174986478331,-0.632834588424933,-0.1474557687191013
0.0,0.0,1.0,0.0,0.0,1.0,0.0,0.0,0.0,0.0,1.0,0.0,0.0,1.0,0.0,0.0,0.0,0.07135673860563499,1.1710572851443442,0.7617622941704176,0.7493744293237493,-0.8616778277919626,1.3478599813326124,0.42871355414786794,-0.14125327883151229,-0.1781057493664113,0.41877544922480325,-0.632834588424933,-0.1474557687191013
0.0,0.0,0.0,1.0,0.0,1.0,0.0,0.0,0.0,0.0,0.0,0.0,1.0,0.0,1.0,0.0,0.0,-1.076026873206884,-0.8460776350390165,0.46821973803563555,-1.192647610725372,-1.8386530418931293,-0.5056438523290013,-0.6475775332438344,-0.14125327883151229,-0.1781057493664113,-1.6268414291446816,-0.632834588424933,-0.1474557687191013
0.0,1.0,0.0,0.0,0.0,1.0,1.0,0.0,0.0,0.0,0.0,0.0,0.0,0.0,0.0,0.0,1.0,-0.7891809702537543,-0.08965203997025627,1.2020761283725907,-1.2897487127278282,-1.8403005549017317,0.3674943172471307,-0.6361276280588162,-0.14125327883151229,-0.1781057493664113,-0.4579174986478331,-0.632834588424933,-0.1474557687191013
0.0,1.0,0.0,0.0,0.0,1.0,0.0,0.0,0.0,1.0,0.0,0.0,0.0,1.0,0.0,0.0,0.0,0.7884714959884594,0.7844397587758666,-1.7333494329752295,0.6522733273212932,0.9258737865415383,-0.3141661835623057,1.5164545467245882,-0.14125327883151229,-0.1781057493664113,-0.4579174986478331,1.580191756725731,-0.1474557687191013
0.0,0.0,1.0,0.0,0.0,1.0,0.0,0.0,0.0,0.0,0.0,1.0,0.0,0.0,1.0,0.0,0.0,-1.076026873206884,1.0281768949646894,0.5660672567472296,5.021822917431816,-0.8452026977059395,1.1563823125659167,-0.6475775332438344,0.2244744224189452,-0.1781057493664113,0.41877544922480325,-0.632834588424933,0.2179035177419169
1.0,0.0,0.0,0.0,0.0,1.0,1.0,0.0,0.0,0.0,0.0,0.0,0.0,0.0,1.0,0.0,0.0,-1.362872776160014,-0.45105537983644167,0.22360094125665056,-0.7071421007130917,-1.2093030726070488,-0.2528933295569631,-0.6475775332438344,-0.14125327883151229,-0.1781057493664113,1.2954683970974397,-0.632834588424933,-0.1474557687191013
0.0,1.0,0.0,0.0,0.0,1.0,0.0,1.0,0.0,0.0,0.0,0.0,0.0,0.0,0.0,1.0,0.0,1.362163301894719,-0.16529459947713232,-0.9505692832824775,-0.22163659070081138,0.4876353262533251,-0.5056438523290013,-0.6475775332438344,-0.14125327883151229,-0.1781057493664113,-0.7501484812720451,-0.632834588424933,-0.1474557687191013
0.0,0.0,1.0,0.0,0.0,1.0,0.0,0.0,0.0,1.0,0.0,0.0,0.0,0.0,1.0,0.0,0.0,-1.076026873206884,0.44825060541197315,-0.06994161487813147,-0.6100409987106356,0.9258737865415383,0.4134489577511376,-0.6475775332438344,-0.14125327883151229,-0.1781057493664113,0.12654446660059115,1.580191756725731,-0.1474557687191013
0.0,0.0,1.0,0.0,0.0,1.0,0.0,0.0,0.0,0.0,1.0,0.0,0.0,0.0,0.0,1.0,0.0,1.362163301894719,1.1122241833056628,1.1042286096609966,-0.9013443047180038,0.7775976157673308,1.409132835337955,-0.6475775332438344,-0.14125327883151229,-0.1781057493664113,0.12654446660059115,-0.632834588424933,-0.1474557687191013
0.0,1.0,0.0,0.0,0.0,1.0,0.0,1.0,0.0,0.0,0.0,0.0,0.0,0.0,0.0,0.0,1.0,-0.3589121158240597,-0.7872445332003352,1.2999236470841846,0.06966671530655688,0.9258737865415383,-0.2222569025542918,-0.45292914509852644,-0.14125327883151229,-0.1781057493664113,-1.0423794638962574,-0.632834588424933,-0.1474557687191013
0.0,1.0,0.0,0.0,0.0,1.0,0.0,0.0,0.0,1.0,0.0,0.0,0.0,0.0,0.0,1.0,0.0,1.0753173989415892,-0.156889870643035,1.1042286096609966,0.555172225318837,0.2899337652210485,0.2832441429897847,-0.6475775332438344,-0.14125327883151229,-0.1781057493664113,-1.0423794638962574,1.580191756725731,-0.1474557687191013
0.0,1.0,0.0,0.0,0.0,1.0,0.0,0.0,0.0,1.0,0.0,0.0,0.0,0.0,0.0,0.0,1.0,-0.5023350673006246,0.08684726554578777,-0.9994930426382745,-0.7071421007130917,0.9258737865415383,-0.32948439706364135,0.17681564007746953,-0.14125327883151229,-0.1781057493664113,-0.4579174986478331,1.580191756725731,-0.1474557687191013
1.0,0.0,0.0,0.0,0.0,1.0,0.0,1.0,0.0,0.0,0.0,0.0,0.0,0.0,0.0,1.0,0.0,1.5055862533712838,-0.4594601086705391,-0.16778913358972547,-0.02743438669589927,0.42173480590923296,-0.39075725106898396,-0.6475775332438344,-0.14125327883151229,-0.1781057493664113,1.2954683970974397,-0.632834588424933,-0.1474557687191013
0.0,0.0,0.0,1.0,0.0,1.0,0.0,0.0,1.0,0.0,0.0,0.0,0.0,1.0,0.0,0.0,0.0,0.5016255930353297,-1.409194466923538,-1.5865781549078386,0.4580711233163813,0.49587289129633666,-1.8919421741998776,0.5432126059980491,-0.14125327883151229,-0.1781057493664113,-1.6268414291446816,1.580191756725731,-0.1474557687191013
0.0,0.0,0.0,1.0,0.0,1.0,0.0,0.0,1.0,0.0,0.0,0.0,0.0,0.0,0.0,0.0,1.0,-0.07206621287092989,-0.9301249233799899,0.5171434973914326,-0.7071421007130917,-1.945741387452279,-0.566916706334344,-0.2811805673232548,-0.14125327883151229,-0.1781057493664113,1.5876993797216516,1.580191756725731,-0.1474557687191013
1.0,0.0,0.0,0.0,0.0,1.0,0.0,0.0,0.0,0.0,0.0,0.0,1.0,0.0,1.0,0.0,0.0,-1.5062957276365787,0.6247499109280173,0.27252470061244755,-1.2897487127278282,0.9258737865415383,0.6968359075258471,-0.6475775332438344,-0.14125327883151229,-0.1781057493664113,0.7110064318490154,-0.632834588424933,-0.1474557687191013
0.0,1.0,0.0,0.0,0.0,1.0,0.0,1.0,0.0,0.0,0.0,0.0,0.0,0.0,0.0,0.0,1.0,-0.7891809702537543,0.1540850962185665,1.1042286096609966,-1.2897487127278282,-1.4135946856737347,0.5589719860138264,-0.6475775332438344,-0.14125327883151229,-0.1781057493664113,-0.7501484812720451,-0.632834588424933,-0.1474557687191013
0.0,1.0,0.0,0.0,0.0,1.0,0.0,1.0,0.0,0.0,0.0,0.0,0.0,1.0,0.0,0.0,0.0,0.21477969008219988,0.8180586741122561,-1.3419593581288536,0.16676781730901283,0.7990152848791607,0.03049362021774643,3.348439376327486,-0.14125327883151229,-0.1781057493664113,-0.4579174986478331,-0.632834588424933,-0.1474557687191013
1.0,0.0,0.0,0.0,0.0,1.0,0.0,0.0,0.0,0.0,0.0,1.0,0.0,0.0,1.0,0.0,0.0,-1.6497186791131437,0.019609434873009167,0.27252470061244755,-0.02743438669589927,-0.9522910432650894,0.17601664848043508,-0.6475775332438344,-0.14125327883151229,-0.1781057493664113,1.0032374144732275,-0.632834588424933,-0.1474557687191013
0.0,1.0,0.0,0.0,0.0,1.0,0.0,0.0,0.0,0.0,1.0,0.0,0.0,0.0,0.0,0.0,1.0,-0.7891809702537543,-0.039223666965672276,1.2020761283725907,-1.192647610725372,-1.8221779118071064,0.4134489577511376,-0.6475775332438344,-0.14125327883151229,-0.1781057493664113,-1.0423794638962574,-0.632834588424933,-0.1474557687191013
1.0,0.0,0.0,0.0,0.0,1.0,0.0,0.0,0.0,1.0,0.0,0.0,0.0,1.0,0.0,0.0,0.0,0.07135673860563499,0.44825060541197315,-1.4887306361962445,0.16676781730901283,0.4151447538748237,-0.3601208240663127,2.0202503748653853,-0.14125327883151229,-0.1781057493664113,1.0032374144732275,1.580191756725731,-0.1474557687191013
0.0,1.0,0.0,0.0,0.0,1.0,0.0,0.0,0.0,0.0,1.0,0.0,0.0,0.0,0.0,0.0,1.0,-0.2154891643474948,0.13727563855037175,-1.4398068768404475,-0.02743438669589927,-0.6063133114586053,-0.566916706334344,1.7225528400549142,-0.14125327883151229,-0.1781057493664113,-0.7501484812720451,-0.632834588424933,-0.1474557687191013
0.0,0.0,0.0,1.0,1.0,0.0,1.0,0.0,0.0,0.0,0.0,0.0,0.0,1.0,0.0,0.0,0.0,0.5016255930353297,-0.5519121258456098,-0.16778913358972547,-0.8042432027155477,-1.0494943107726253,-0.47500742532633,-0.21248113621314615,-0.14125327883151229,-0.1781057493664113,1.5876993797216516,-0.632834588424933,-0.1474557687191013
0.0,0.0,0.0,1.0,0.0,1.0,0.0,0.0,0.0,1.0,0.0,0.0,0.0,0.0,1.0,0.0,0.0,-1.076026873206884,-1.1906715172370073,-0.7548742458592895,-0.9984454067204599,0.19767303673931946,-1.2562363138944483,-0.6475775332438344,-0.14125327883151229,-0.1781057493664113,-1.3346104465204693,1.580191756725731,-0.1474557687191013
0.0,0.0,0.0,1.0,0.0,1.0,0.0,0.0,0.0,0.0,0.0,1.0,0.0,1.0,0.0,0.0,0.0,0.07135673860563499,-0.6443641430206805,-1.0484168019940716,-0.9984454067204599,-1.0264291286521932,-0.9498720438677353,-0.15523161028805563,-0.14125327883151229,-0.1781057493664113,-1.3346104465204693,-0.632834588424933,-0.1474557687191013
0.0,0.0,1.0,0.0,0.0,1.0,1.0,0.0,0.0,0.0,0.0,0.0,0.0,0.0,0.0,0.0,1.0,-0.7891809702537543,0.9945579796283,1.4466949251515757,-0.6100409987106356,0.9258737865415383,1.409132835337955,-0.6475775332438344,0.31590634773155957,-0.1781057493664113,0.41877544922480325,-0.632834588424933,0.30924333935717147
1.0,0.0,0.0,0.0,0.0,1.0,1.0,0.0,0.0,0.0,0.0,0.0,0.0,1.0,0.0,0.0,0.0,0.3582026415587648,1.1122241833056628,-0.021017855522334466,-0.22163659070081138,0.902808604421106,0.9955410708018925,0.9210594771036468,-0.14125327883151229,-0.1781057493664113,0.7110064318490154,-0.632834588424933,-0.1474557687191013
0.0,1.0,0.0,0.0,0.0,1.0,0.0,0.0,1.0,0.0,0.0,0.0,0.0,0.0,1.0,0.0,0.0,-1.076026873206884,-0.2241277013158136,0.7128385348146206,-0.02743438669589927,-1.0494943107726253,0.10708468772442468,-0.6475775332438344,-0.14125327883151229,-0.1781057493664113,-1.0423794638962574,1.580191756725731,-0.1474557687191013
0.0,0.0,1.0,0.0,0.0,1.0,0.0,0.0,0.0,0.0,1.0,0.0,0.0,0.0,0.0,0.0,1.0,-0.5023350673006246,0.9357248777896187,0.7128385348146206,-0.7071421007130917,0.23556583593717248,1.1257458855632454,0.4516133645179042,-0.14125327883151229,-0.1781057493664113,-0.16568651602362097,-0.632834588424933,-0.1474557687191013
0.0,0.0,0.0,1.0,0.0,1.0,0.0,0.0,0.0,1.0,0.0,0.0,0.0,1.0,0.0,0.0,0.0,0.5016255930353297,-1.257909347909786,-1.7333494329752295,2.497194265367958,0.9258737865415383,-1.88428306744921,0.15391582970743328,-0.14125327883151229,-0.1781057493664113,-1.6268414291446816,1.580191756725731,-0.1474557687191013
0.0,0.0,0.0,1.0,0.0,1.0,0.0,0.0,1.0,0.0,0.0,0.0,0.0,0.0,0.0,1.0,0.0,1.0753173989415892,-1.358766093918954,-2.1736632671774028,3.274003081387607,0.9258737865415383,-2.389784112993286,-0.6475775332438344,-0.14125327883151229,-0.1781057493664113,-1.3346104465204693,1.580191756725731,-0.1474557687191013
0.0,0.0,0.0,1.0,0.0,1.0,0.0,0.0,0.0,1.0,0.0,0.0,0.0,1.0,0.0,0.0,0.0,0.07135673860563499,-0.6359594141865831,-1.6355019142636356,1.3319810413384858,0.35253925954793613,-1.3251682746504585,1.9630008489402944,-0.14125327883151229,-0.1781057493664113,-1.3346104465204693,1.580191756725731,-0.1474557687191013
1.0,0.0,0.0,0.0,0.0,1.0,0.0,0.0,0.0,0.0,0.0,0.0,1.0,0.0,1.0,0.0,0.0,-1.362872776160014,0.5827262667575306,0.5660672567472296,-1.4839509167327403,0.9258737865415383,0.7657678682818577,-0.6475775332438344,-0.14125327883151229,-0.1781057493664113,0.7110064318490154,-0.632834588424933,-0.1474557687191013
1.0,0.0,0.0,0.0,0.0,1.0,0.0,0.0,1.0,0.0,0.0,0.0,0.0,0.0,0.0,0.0,1.0,-0.3589121158240597,0.5743215379234332,-0.36348417101291347,-1.095546508722916,0.7710075637329216,0.3904716374991342,1.0241086237688097,-0.14125327883151229,-0.1781057493664113,0.7110064318490154,1.580191756725731,-0.1474557687191013
0.0,0.0,0.0,1.0,0.0,1.0,0.0,0.0,0.0,0.0,1.0,0.0,0.0,0.0,0.0,0.0,1.0,-0.6457580187771894,-1.5436701282690954,1.5445424438631696,-0.6100409987106356,-1.8567756849877548,-0.8349854426077179,-0.6475775332438344,-0.14125327883151229,5.462738953656562,1.5876993797216516,-0.632834588424933,0.053491838834458745
0.0,0.0,1.0,0.0,0.0,1.0,0.0,0.0,0.0,0.0,0.0,1.0,0.0,0.0,1.0,0.0,0.0,-1.362872776160014,1.3055329464899017,0.5660672567472296,-0.22163659070081138,0.9258737865415383,1.3938146218366194,-0.6475775332438344,-0.14125327883151229,-0.1781057493664113,0.41877544922480325,-0.632834588424933,-0.1474557687191013
1.0,0.0,0.0,0.0,0.0,1.0,0.0,0.0,0.0,1.0,0.0,0.0,0.0,0.0,1.0,0.0,0.0,-1.076026873206884,0.6751782839326015,0.17467718190085355,0.06966671530655688,0.9258737865415383,0.7044950142765151,-0.6475775332438344,-0.14125327883151229,-0.1781057493664113,0.7110064318490154,1.580191756725731,-0.1474557687191013
0.0,0.0,1.0,0.0,0.0,1.0,0.0,0.0,0.0,1.0,0.0,0.0,0.0,0.0,1.0,0.0,0.0,-1.6497186791131437,1.0281768949646894,-0.2656366523013195,0.6522733273212932,0.9258737865415383,0.8193816155365324,-0.6475775332438344,-0.14125327883151229,-0.1781057493664113,0.41877544922480325,1.580191756725731,-0.1474557687191013
0.0,0.0,1.0,0.0,0.0,1.0,0.0,0.0,0.0,0.0,1.0,0.0,0.0,0.0,1.0,0.0,0.0,-1.076026873206884,1.3643660483285829,-0.21671289294552248,-0.7071421007130917,0.9258737865415383,1.1257458855632454,-0.6475775332438344,-0.14125327883151229,-0.1781057493664113,0.41877544922480325,-0.632834588424933,-0.1474557687191013
0.0,0.0,0.0,1.0,1.0,0.0,1.0,0.0,0.0,0.0,0.0,0.0,0.0,0.0,0.0,1.0,0.0,1.0753173989415892,-0.6611736006888751,0.27252470061244755,-0.9984454067204599,-1.2307207417188788,-0.4060754645703196,-0.6475775332438344,-0.14125327883151229,-0.1781057493664113,1.5876993797216516,-0.632834588424933,-0.1474557687191013
0.0,0.0,0.0,1.0,0.0,1.0,0.0,1.0,0.0,0.0,0.0,0.0,0.0,0.0,0.0,0.0,1.0,-0.3589121158240597,-1.0898147712278392,-1.2441118394172594,-0.9013443047180038,0.76276999868991,-1.4247366624091404,-0.5788781021337256,-0.14125327883151229,-0.1781057493664113,-1.6268414291446816,-0.632834588424933,-0.1474557687191013
0.0,0.0,0.0,1.0,0.0,1.0,1.0,0.0,0.0,0.0,0.0,0.0,0.0,0.0,0.0,1.0,0.0,1.362163301894719,-1.2663140767438834,0.12575342254505653,-0.02743438669589927,0.35748179857374307,-0.9805084708704065,-0.6475775332438344,-0.14125327883151229,-0.1781057493664113,-1.3346104465204693,-0.632834588424933,-0.1474557687191013
0.0,1.0,0.0,0.0,0.0,1.0,0.0,1.0,0.0,0.0,0.0,0.0,0.0,0.0,0.0,0.0,1.0,-0.2154891643474948,0.8600823182827427,-0.4613316897245075,-0.6100409987106356,0.729819738517864,0.5819493062658299,2.1690991422706207,-0.14125327883151229,-0.1781057493664113,-0.4579174986478331,-0.632834588424933,-0.1474557687191013
0.0,0.0,0.0,1.0,0.0,1.0,1.0,0.0,0.0,0.0,0.0,0.0,0.0,0.0,0.0,1.0,0.0,1.2187403504181542,-0.9553391098822819,0.7128385348146206,-1.192647610725372,-1.8221779118071064,-0.5286211725810048,-0.6475775332438344,-0.14125327883151229,-0.1781057493664113,1.5876993797216516,-0.632834588424933,-0.1474557687191013
0.0,0.0,1.0,0.0,0.0,1.0,0.0,1.0,0.0,0.0,0.0,0.0,0.0,1.0,0.0,0.0,0.0,0.07135673860563499,1.5660795403469188,-0.6570267271476955,0.7493744293237493,0.6194363669415095,1.0721321383085707,1.5966038830197151,-0.14125327883151229,-0.1781057493664113,0.41877544922480325,-0.632834588424933,-0.1474557687191013
0.0,0.0,1.0,0.0,0.0,1.0,1.0,0.0,0.0,0.0,0.0,0.0,0.0,1.0,0.0,0.0,0.0,0.07135673860563499,1.070200539135176,1.1042286096609966,1.429082143340942,0.6425015490619418,1.3708373015846158,0.2684148815576145,-0.14125327883151229,-0.1781057493664113,0.41877544922480325,-0.632834588424933,-0.1474557687191013
0.0,0.0,0.0,1.0,0.0,1.0,0.0,0.0,0.0,0.0,0.0,1.0,0.0,0.0,0.0,1.0,0.0,1.6490092048478489,-1.4175991957576355,-1.1462643207056655,0.555172225318837,0.9258737865415383,-1.6315325446771716,-0.6475775332438344,-0.14125327883151229,-0.1781057493664113,-1.6268414291446816,-0.632834588424933,-0.1474557687191013
0.0,1.0,0.0,0.0,0.0,1.0,0.0,0.0,0.0,0.0,0.0,0.0,1.0,0.0,0.0,0.0,1.0,-0.2154891643474948,-0.19891351481352168,1.1042286096609966,-0.3187376927032675,0.9258737865415383,0.2449486092364455,0.005067062302197861,-0.14125327883151229,-0.1781057493664113,-0.7501484812720451,-0.632834588424933,-0.1474557687191013
0.0,0.0,0.0,1.0,0.0,1.0,1.0,0.0,0.0,0.0,0.0,0.0,0.0,0.0,0.0,0.0,1.0,-0.5023350673006246,-2.367333554010634,-0.7059504865034925,-0.5129398967081796,0.9258737865415383,-2.2136246577279266,-0.6475775332438344,-0.14125327883151229,-0.1781057493664113,-1.6268414291446816,-0.632834588424933,-0.1474557687191013
0.0,0.0,0.0,1.0,0.0,1.0,1.0,0.0,0.0,0.0,0.0,0.0,0.0,0.0,0.0,1.0,0.0,1.5055862533712838,-0.6191499565183884,1.1042286096609966,0.7493744293237493,-1.8880784321511985,-0.1303476215462779,-0.6475775332438344,-0.14125327883151229,-0.1781057493664113,-1.3346104465204693,-0.632834588424933,-0.1474557687191013
0.0,0.0,1.0,0.0,0.0,1.0,0.0,0.0,0.0,1.0,0.0,0.0,0.0,1.0,0.0,0.0,0.0,0.5016255930353297,1.6669362863560868,-0.4613316897245075,0.8464755313262055,0.31794148636728775,1.2559507003245984,2.5698458237462547,-0.14125327883151229,-0.1781057493664113,0.12654446660059115,1.580191756725731,-0.1474557687191013
0.0,0.0,0.0,1.0,1.0,0.0,0.0,1.0,0.0,0.0,0.0,0.0,0.0,0.0,0.0,0.0,1.0,-0.3589121158240597,-1.4848370264304138,-0.9016455239266805,1.72038544934831,0.9258737865415383,-1.5626005839211612,-0.44147923991350835,-0.14125327883151229,-0.1781057493664113,1.5876993797216516,-0.632834588424933,-0.1474557687191013
0.0,1.0,0.0,0.0,0.0,1.0,1.0,0.0,0.0,0.0,0.0,0.0,0.0,0.0,0.0,1.0,0.0,1.0753173989415892,0.3221796729005131,-1.9290444703984175,-1.192647610725372,0.9258737865415383,-0.8579627628597214,-0.5788781021337256,-0.14125327883151229,-0.1781057493664113,-0.7501484812720451,-0.632834588424933,-0.1474557687191013
0.0,0.0,1.0,0.0,0.0,1.0,0.0,0.0,1.0,0.0,0.0,0.0,0.0,0.0,1.0,0.0,0.0,-1.5062957276365787,1.3391518618262908,0.4192959786798386,-0.6100409987106356,0.9258737865415383,1.3708373015846158,-0.6475775332438344,-0.14125327883151229,-0.1781057493664113,0.41877544922480325,1.580191756725731,-0.1474557687191013
0.0,0.0,0.0,1.0,1.0,0.0,0.0,0.0,1.0,0.0,0.0,0.0,0.0,0.0,0.0,1.0,0.0,1.0753173989415892,-1.2242904325733965,-1.2930355987730566,0.7493744293237493,0.9258737865415383,-1.5549414771704932,-0.6475775332438344,-0.14125327883151229,-0.1781057493664113,-1.3346104465204693,1.580191756725731,-0.1474557687191013
0.0,0.0,1.0,0.0,0.0,1.0,0.0,1.0,0.0,0.0,0.0,0.0,0.0,1.0,0.0,0.0,0.0,0.21477969008219988,1.5576748115128216,-0.6081029677918985,0.9435766333286616,0.7018120173716248,1.0874503518099063,1.379055684504371,-0.14125327883151229,-0.1781057493664113,0.41877544922480325,-0.632834588424933,-0.1474557687191013
0.0,0.0,1.0,0.0,0.0,1.0,0.0,0.0,0.0,0.0,0.0,0.0,1.0,0.0,0.0,0.0,1.0,-0.07206621287092989,1.6501268286878925,-0.16778913358972547,0.9435766333286616,0.6556816531307602,1.3861555150859515,2.1461993319005845,-0.14125327883151229,-0.1781057493664113,0.41877544922480325,-0.632834588424933,-0.1474557687191013
0.0,0.0,1.0,0.0,0.0,1.0,0.0,1.0,0.0,0.0,0.0,0.0,0.0,0.0,0.0,0.0,1.0,-0.2154891643474948,1.0954147256374682,-0.2656366523013195,-0.8042432027155477,-1.4564300238973946,0.8729953627912072,1.8027021763500413,-0.14125327883151229,-0.1781057493664113,-0.16568651602362097,-0.632834588424933,-0.1474557687191013
0.0,0.0,1.0,0.0,0.0,1.0,1.0,0.0,0.0,0.0,0.0,0.0,0.0,0.0,0.0,1.0,0.0,1.362163301894719,1.1794620139784415,-0.7548742458592895,-0.1245354886983552,0.9258737865415383,0.6968359075258471,-0.6475775332438344,-0.14125327883151229,-0.1781057493664113,0.41877544922480325,-0.632834588424933,-0.1474557687191013
0.0,0.0,0.0,1.0,0.0,1.0,0.0,0.0,0.0,0.0,0.0,0.0,1.0,0.0,0.0,1.0,0.0,1.0753173989415892,-0.9973627540527686,1.6423899625747636,-0.9984454067204599,-2.072599889114657,-0.32948439706364135,-0.6475775332438344,-0.14125327883151229,2.3859145701894855,1.5876993797216516,-0.632834588424933,-0.05611594710384673
0.0,0.0,0.0,1.0,0.0,1.0,1.0,0.0,0.0,0.0,0.0,0.0,0.0,1.0,0.0,0.0,0.0,0.5016255930353297,-0.7956492620344325,-1.5865781549078386,0.6522733273212932,0.4102022148490168,-1.4094184489078048,0.4859630800729585,-0.14125327883151229,-0.1781057493664113,-1.3346104465204693,-0.632834588424933,-0.1474557687191013
0.0,1.0,0.0,0.0,0.0,1.0,0.0,0.0,1.0,0.0,0.0,0.0,0.0,0.0,0.0,0.0,1.0,-0.07206621287092989,-0.7031972448593619,-1.5865781549078386,2.982699775380239,0.80560533691357,-1.3404864881517942,1.1271577704339728,-0.14125327883151229,-0.1781057493664113,-0.7501484812720451,1.580191756725731,-0.1474557687191013
1.0,0.0,0.0,0.0,0.0,1.0,0.0,0.0,0.0,1.0,0.0,0.0,0.0,0.0,1.0,0.0,0.0,-1.219449824683449,0.2045134692231505,1.4466949251515757,-0.02743438669589927,0.9225787605243336,0.7044950142765151,-0.6475775332438344,-0.14125327883151229,-0.1781057493664113,1.0032374144732275,1.580191756725731,-0.1474557687191013
0.0,1.0,0.0,0.0,0.0,1.0,0.0,0.0,0.0,0.0,0.0,0.0,1.0,1.0,0.0,0.0,0.0,0.6450485445118945,0.40622696124148644,-0.8037980052150865,-0.6100409987106356,0.9258737865415383,0.03049362021774643,1.9286511333852403,-0.14125327883151229,-0.1781057493664113,-0.7501484812720451,-0.632834588424933,-0.1474557687191013
0.0,0.0,0.0,1.0,0.0,1.0,0.0,0.0,0.0,0.0,1.0,0.0,0.0,0.0,0.0,0.0,1.0,-0.5023350673006246,-1.9134781969693782,0.32144845996824456,-0.9013443047180038,0.11529738630920423,-1.4783504096638151,-0.6246777228737981,-0.14125327883151229,-0.1781057493664113,-1.3346104465204693,-0.632834588424933,-0.1474557687191013
0.0,0.0,0.0,1.0,0.0,1.0,0.0,0.0,1.0,0.0,0.0,0.0,0.0,0.0,0.0,0.0,1.0,-0.6457580187771894,-1.4680275687622195,1.1042286096609966,0.7493744293237493,-0.2669256316865305,-0.873280976361057,-0.6475775332438344,-0.14125327883151229,-0.1781057493664113,1.5876993797216516,1.580191756725731,-0.1474557687191013
0.0,0.0,0.0,1.0,0.0,1.0,0.0,0.0,1.0,0.0,0.0,0.0,0.0,0.0,0.0,1.0,0.0,1.362163301894719,-1.863049823964794,-0.9994930426382745,0.9435766333286616,0.9258737865415383,-1.922578601202549,-0.6475775332438344,-0.14125327883151229,-0.1781057493664113,-1.3346104465204693,1.580191756725731,-0.1474557687191013
1.0,0.0,0.0,0.0,0.0,1.0,0.0,1.0,0.0,0.0,0.0,0.0,0.0,0.0,1.0,0.0,0.0,-1.076026873206884,-0.2241277013158136,0.12575342254505653,-1.095546508722916,0.9258737865415383,-0.09205208779293877,-0.6475775332438344,-0.14125327883151229,-0.1781057493664113,1.0032374144732275,-0.632834588424933,-0.1474557687191013
0.0,0.0,1.0,0.0,0.0,1.0,0.0,0.0,1.0,0.0,0.0,0.0,0.0,0.0,1.0,0.0,0.0,-1.5062957276365787,1.3475565906603884,1.0063810909494026,-0.41583879470572344,-0.7628270472758243,1.5852922906033151,-0.6475775332438344,-0.14125327883151229,-0.1781057493664113,0.12654446660059115,1.580191756725731,-0.1474557687191013
1.0,0.0,0.0,0.0,1.0,0.0,0.0,0.0,0.0,0.0,0.0,1.0,0.0,0.0,1.0,0.0,0.0,-1.5062957276365787,-0.08965203997025627,-0.021017855522334466,-0.9984454067204599,0.9258737865415383,-0.03077923378759619,-0.6475775332438344,-0.14125327883151229,-0.1781057493664113,1.0032374144732275,-0.632834588424933,-0.1474557687191013
0.0,0.0,1.0,0.0,0.0,1.0,1.0,0.0,0.0,0.0,0.0,0.0,0.0,0.0,1.0,0.0,0.0,-1.076026873206884,0.4146316900755839,1.6913137219305607,-0.1245354886983552,-1.3361615742694264,0.9572455370485534,-0.6475775332438344,9.459098878992995,-0.1781057493664113,-0.16568651602362097,-0.632834588424933,9.443225500882626
0.0,0.0,0.0,1.0,0.0,1.0,0.0,0.0,0.0,1.0,0.0,0.0,0.0,0.0,0.0,0.0,1.0,-0.6457580187771894,-2.1404058754900066,-0.21671289294552248,0.7493744293237493,0.5798960547350542,-1.8459875336958707,-0.6475775332438344,-0.14125327883151229,-0.1781057493664113,-1.3346104465204693,1.580191756725731,-0.1474557687191013
0.0,1.0,0.0,0.0,0.0,1.0,0.0,0.0,0.0,0.0,0.0,0.0,1.0,1.0,0.0,0.0,0.0,0.6450485445118945,0.8348681317804507,-1.2441118394172594,2.4000931633655025,0.7281722255092616,0.11474379447509249,2.29504809930582,-0.14125327883151229,-0.1781057493664113,-0.4579174986478331,-0.632834588424933,-0.1474557687191013
1.0,0.0,0.0,0.0,0.0,1.0,0.0,0.0,0.0,0.0,0.0,0.0,1.0,0.0,1.0,0.0,0.0,-1.362872776160014,-0.7536256178639459,-1.1951880800614625,-0.41583879470572344,-0.8402601586801326,-1.1183723923824274,-0.6475775332438344,-0.14125327883151229,-0.1781057493664113,1.2954683970974397,-0.632834588424933,-0.1474557687191013
0.0,0.0,0.0,1.0,0.0,1.0,0.0,0.0,0.0,0.0,1.0,0.0,0.0,0.0,1.0,0.0,0.0,-1.5062957276365787,-0.9721485675504765,1.6423899625747636,-1.2897487127278282,-1.9951667777103483,-0.3065070768116379,-0.6475775332438344,-0.14125327883151229,2.1295125382338953,1.5876993797216516,-0.632834588424933,-0.0652499292653722
0.0,0.0,0.0,1.0,1.0,0.0,0.0,0.0,0.0,1.0,0.0,0.0,0.0,0.0,0.0,0.0,1.0,-0.6457580187771894,-1.2495046190756887,1.3488474064399816,-0.02743438669589927,-1.7645149565060256,-0.6205304535890187,-0.6475775332438344,-0.14125327883151229,2.8987186341006645,1.5876993797216516,1.580191756725731,-0.03784798278079583
0.0,1.0,0.0,0.0,0.0,1.0,0.0,0.0,0.0,0.0,1.0,0.0,0.0,0.0,0.0,0.0,1.0,-0.2154891643474948,0.061633079043495846,-0.5591792084361015,2.982699775380239,0.2026155757651264,-0.1303476215462779,1.2302069170991357,-0.14125327883151229,-0.1781057493664113,-0.4579174986478331,-0.632834588424933,-0.1474557687191013
0.0,0.0,0.0,1.0,0.0,1.0,0.0,1.0,0.0,0.0,0.0,0.0,0.0,1.0,0.0,0.0,0.0,0.6450485445118945,-0.5687215835138044,-1.1462643207056655,1.1377788373335735,-0.528880200054297,-0.9422129371170673,0.6119120371081578,-0.14125327883151229,-0.1781057493664113,-1.3346104465204693,-0.632834588424933,-0.1474557687191013
1.0,0.0,0.0,0.0,0.0,1.0,0.0,0.0,0.0,0.0,0.0,1.0,0.0,1.0,0.0,0.0,0.0,0.21477969008219988,0.03641889254120378,-0.7548742458592895,0.4580711233163813,0.4102022148490168,-0.24523422280629528,1.5508042622796427,-0.14125327883151229,-0.1781057493664113,1.2954683970974397,-0.632834588424933,-0.1474557687191013
0.0,1.0,0.0,0.0,0.0,1.0,0.0,0.0,1.0,0.0,0.0,0.0,0.0,1.0,0.0,0.0,0.0,0.5016255930353297,-0.37541282032956574,1.4466949251515757,1.429082143340942,-0.3740139772456803,0.18367575523110294,-0.45292914509852644,-0.14125327883151229,-0.1781057493664113,-0.7501484812720451,1.580191756725731,-0.1474557687191013
0.0,0.0,1.0,0.0,0.0,1.0,0.0,0.0,0.0,0.0,1.0,0.0,0.0,0.0,0.0,1.0,0.0,1.6490092048478489,1.6249126421856002,0.27252470061244755,-0.02743438669589927,-0.469569731744614,1.5623149703513115,-0.6475775332438344,-0.14125327883151229,-0.1781057493664113,0.41877544922480325,-0.632834588424933,-0.1474557687191013
1.0,0.0,0.0,0.0,0.0,1.0,0.0,0.0,0.0,0.0,0.0,1.0,0.0,0.0,0.0,1.0,0.0,1.362163301894719,-0.383817549163663,-0.8037980052150865,-0.6100409987106356,0.9258737865415383,-0.6128713468383509,-0.6475775332438344,-0.14125327883151229,-0.1781057493664113,1.2954683970974397,-0.632834588424933,-0.1474557687191013
1.0,0.0,0.0,0.0,0.0,1.0,0.0,0.0,0.0,1.0,0.0,0.0,0.0,1.0,0.0,0.0,0.0,0.21477969008219988,0.5238931649188493,-1.6844256736194325,-0.22163659070081138,0.5057579693479505,-0.4673483185756622,2.1003997111605117,-0.14125327883151229,-0.1781057493664113,1.0032374144732275,1.580191756725731,-0.1474557687191013
0.0,0.0,0.0,1.0,0.0,1.0,0.0,0.0,1.0,0.0,0.0,0.0,0.0,0.0,0.0,1.0,0.0,1.2187403504181542,-0.7116019736934591,-0.36348417101291347,-0.5129398967081796,0.24215588797158172,-0.6818033075943614,-0.6475775332438344,-0.14125327883151229,-0.1781057493664113,1.5876993797216516,1.580191756725731,-0.1474557687191013
1.0,0.0,0.0,0.0,0.0,1.0,0.0,0.0,0.0,0.0,1.0,0.0,0.0,1.0,0.0,0.0,0.0,0.07135673860563499,-0.6275546853524858,-1.5376543955520416,-1.3868498147302841,0.13836256842963648,-1.2409181003931127,-0.25828075695321856,-0.14125327883151229,-0.1781057493664113,1.2954683970974397,-0.632834588424933,-0.1474557687191013
0.0,1.0,0.0,0.0,0.0,1.0,0.0,0.0,1.0,0.0,0.0,0.0,0.0,0.0,0.0,1.0,0.0,1.6490092048478489,0.338989130568708,-1.0484168019940716,-0.41583879470572344,0.9258737865415383,-0.1609840485489492,-0.6475775332438344,-0.14125327883151229,-0.1781057493664113,-0.4579174986478331,1.580191756725731,-0.1474557687191013
1.0,0.0,0.0,0.0,0.0,1.0,0.0,0.0,0.0,0.0,1.0,0.0,0.0,0.0,0.0,0.0,1.0,-0.7891809702537543,-1.005767482886866,-0.9505692832824775,-0.41583879470572344,0.6902794263114086,-1.1949634598891057,-0.6475775332438344,-0.14125327883151229,-0.1781057493664113,1.2954683970974397,-0.632834588424933,-0.1474557687191013
0.0,0.0,0.0,1.0,0.0,1.0,0.0,0.0,0.0,0.0,0.0,1.0,0.0,0.0,1.0,0.0,0.0,-1.076026873206884,-2.106786960153617,-1.0973405613498686,0.9435766333286616,0.9225787605243336,-2.1676700172239194,-0.6475775332438344,-0.14125327883151229,-0.1781057493664113,-1.3346104465204693,-0.632834588424933,-0.1474557687191013
0.0,1.0,0.0,0.0,0.0,1.0,0.0,1.0,0.0,0.0,0.0,0.0,0.0,1.0,0.0,0.0,0.0,0.5016255930353297,0.8600823182827427,-0.9994930426382745,-0.22163659070081138,0.864915805223253,0.29090324974045245,1.791252271165023,-0.14125327883151229,-0.1781057493664113,-0.4579174986478331,-0.632834588424933,-0.1474557687191013
0.0,1.0,0.0,0.0,0.0,1.0,1.0,0.0,0.0,0.0,0.0,0.0,0.0,0.0,0.0,0.0,1.0,-0.5023350673006246,-0.7788398043662378,-0.11886537423392847,0.6522733273212932,0.9258737865415383,-0.6435077738410222,-0.2811805673232548,-0.14125327883151229,-0.1781057493664113,-1.0423794638962574,-0.632834588424933,-0.1474557687191013
0.0,0.0,0.0,1.0,0.0,1.0,0.0,1.0,0.0,0.0,0.0,0.0,0.0,0.0,0.0,0.0,1.0,-0.5023350673006246,-2.06476331598313,-0.9016455239266805,1.0406777353311174,0.9258737865415383,-2.045124309213234,-0.6246777228737981,-0.14125327883151229,-0.1781057493664113,-1.3346104465204693,-0.632834588424933,-0.1474557687191013
0.0,1.0,0.0,0.0,0.0,1.0,1.0,0.0,0.0,0.0,0.0,0.0,0.0,1.0,0.0,0.0,0.0,0.6450485445118945,-0.07284258230206166,-1.6844256736194325,1.0406777353311174,0.35748179857374307,-0.9268947236157318,1.6195036933897513,-0.14125327883151229,-0.1781057493664113,-1.0423794638962574,-0.632834588424933,-0.1474557687191013
1.0,0.0,0.0,0.0,0.0,1.0,0.0,1.0,0.0,0.0,0.0,0.0,0.0,0.0,1.0,0.0,0.0,-1.076026873206884,0.918915420121424,0.5660672567472296,-0.5129398967081796,0.9258737865415383,1.0568139248072352,-0.6475775332438344,-0.14125327883151229,-0.1781057493664113,0.7110064318490154,-0.632834588424933,-0.1474557687191013
0.0,1.0,0.0,0.0,0.0,1.0,0.0,0.0,0.0,1.0,0.0,0.0,0.0,0.0,0.0,0.0,1.0,-0.5023350673006246,-0.6023404988501937,-0.021017855522334466,0.06966671530655688,-0.9506435302564871,-0.4596892118249944,-0.5216285762086351,-0.14125327883151229,-0.1781057493664113,-1.0423794638962574,1.580191756725731,-0.1474557687191013
1.0,0.0,0.0,0.0,0.0,1.0,0.0,0.0,1.0,0.0,0.0,0.0,0.0,1.0,0.0,0.0,0.0,0.6450485445118945,1.1374383698079549,-1.1951880800614625,-0.41583879470572344,0.9258737865415383,0.3904716374991342,1.2874564430242261,-0.14125327883151229,-0.1781057493664113,0.7110064318490154,1.580191756725731,-0.1474557687191013
1.0,0.0,0.0,0.0,0.0,1.0,0.0,0.0,0.0,0.0,0.0,0.0,1.0,1.0,0.0,0.0,0.0,0.21477969008219988,1.1542478274761496,-0.6570267271476955,0.06966671530655688,0.8995135784039013,0.7274723345285187,2.3293978148608745,-0.14125327883151229,-0.1781057493664113,0.7110064318490154,-0.632834588424933,-0.1474557687191013
0.0,0.0,1.0,0.0,0.0,1.0,1.0,0.0,0.0,0.0,0.0,0.0,0.0,1.0,0.0,0.0,0.0,0.21477969008219988,1.1038194544715654,-0.2656366523013195,0.36097002131392514,0.9258737865415383,0.8806544695418751,1.9057513230152041,-0.14125327883151229,-0.1781057493664113,0.12654446660059115,-0.632834588424933,-0.1474557687191013
0.0,1.0,0.0,0.0,0.0,1.0,0.0,0.0,1.0,0.0,0.0,0.0,0.0,0.0,0.0,0.0,1.0,-0.5023350673006246,0.11206145204807984,-0.36348417101291347,0.555172225318837,0.7726550767415239,-0.0001428067849248955,0.4058137437778318,-0.14125327883151229,-0.1781057493664113,-0.4579174986478331,1.580191756725731,-0.1474557687191013
0.0,0.0,0.0,1.0,0.0,1.0,0.0,0.0,0.0,1.0,0.0,0.0,0.0,1.0,0.0,0.0,0.0,0.5016255930353297,-0.6779830583570697,-2.0758157484658084,0.263868919311469,0.876448396283469,-1.7693964661891926,0.9783090030287371,-0.14125327883151229,-0.1781057493664113,-1.3346104465204693,1.580191756725731,-0.1474557687191013
0.0,1.0,0.0,0.0,0.0,1.0,0.0,0.0,1.0,0.0,0.0,0.0,0.0,1.0,0.0,0.0,0.0,0.3582026415587648,-0.4174364645000524,-1.6844256736194325,2.885598673377783,0.78418766780174,-1.1949634598891057,2.7759441170765804,-0.14125327883151229,-0.1781057493664113,-0.7501484812720451,1.580191756725731,-0.1474557687191013
0.0,0.0,0.0,1.0,1.0,0.0,1.0,0.0,0.0,0.0,0.0,0.0,0.0,0.0,0.0,1.0,0.0,1.2187403504181542,-1.081410042393742,0.12575342254505653,0.16676781730901283,0.8533832141630369,-0.8196672291063822,-0.6475775332438344,-0.14125327883151229,-0.1781057493664113,-1.3346104465204693,-0.632834588424933,-0.1474557687191013
0.0,1.0,0.0,0.0,0.0,1.0,0.0,0.0,1.0,0.0,0.0,0.0,0.0,0.0,1.0,0.0,0.0,-1.076026873206884,-0.23253243014991093,0.6639147754588236,-0.7071421007130917,0.9258737865415383,0.08410736747242123,-0.6475775332438344,0.5902021236694027,-0.1781057493664113,-0.7501484812720451,1.580191756725731,0.5832628042029351
1.0,0.0,0.0,0.0,0.0,1.0,0.0,0.0,0.0,0.0,1.0,0.0,0.0,1.0,0.0,0.0,0.0,0.21477969008219988,0.8684870471168399,-0.9505692832824775,-0.3187376927032675,0.9258737865415383,0.32919878349379156,1.3218061585792804,-0.14125327883151229,-0.1781057493664113,1.0032374144732275,-0.632834588424933,-0.1474557687191013
0.0,0.0,1.0,0.0,0.0,1.0,0.0,0.0,0.0,1.0,0.0,0.0,0.0,0.0,0.0,1.0,0.0,1.362163301894719,0.8096539452781586,0.3703722193240416,-0.8042432027155477,-0.6079608244672077,0.8959726830432108,-0.6475775332438344,-0.14125327883151229,-0.1781057493664113,-0.16568651602362097,1.580191756725731,-0.1474557687191013
0.0,0.0,0.0,1.0,0.0,1.0,0.0,1.0,0.0,0.0,0.0,0.0,0.0,0.0,0.0,0.0,1.0,-0.07206621287092989,-0.8965060080436005,-1.5376543955520416,-0.8042432027155477,0.589781132786668,-1.4553730894118115,-0.10943198954798321,-0.14125327883151229,-0.1781057493664113,-1.6268414291446816,-0.632834588424933,-0.1474557687191013
0.0,0.0,0.0,1.0,0.0,1.0,0.0,0.0,0.0,0.0,0.0,1.0,0.0,0.0,0.0,1.0,0.0,0.9318944474650244,-1.4175991957576355,-0.021017855522334466,-0.02743438669589927,0.919283734507129,-1.1566679261357664,-0.6361276280588162,-0.14125327883151229,-0.1781057493664113,-1.6268414291446816,-0.632834588424933,-0.1474557687191013
0.0,0.0,1.0,0.0,0.0,1.0,1.0,0.0,0.0,0.0,0.0,0.0,0.0,0.0,0.0,1.0,0.0,1.0753173989415892,1.1290336409738575,0.5171434973914326,0.555172225318837,0.9258737865415383,1.2253142733219273,-0.44147923991350835,-0.14125327883151229,-0.1781057493664113,0.41877544922480325,-0.632834588424933,-0.1474557687191013
0.0,0.0,0.0,1.0,0.0,1.0,0.0,1.0,0.0,0.0,0.0,0.0,0.0,1.0,0.0,0.0,0.0,0.21477969008219988,-1.1738620595688127,1.2509998877283877,-0.5129398967081796,-1.820530398798504,-0.5745758130850118,-0.5445283865786714,-0.14125327883151229,12.641995848413071,1.5876993797216516,-0.632834588424933,0.30924333935717147
1.0,0.0,0.0,0.0,0.0,1.0,0.0,1.0,0.0,0.0,0.0,0.0,0.0,0.0,1.0,0.0,0.0,-1.219449824683449,-0.8965060080436005,1.5445424438631696,-0.7071421007130917,-1.9259712313490516,-0.2605524363076309,-0.6475775332438344,-0.14125327883151229,0.5911003465003576,1.2954683970974397,-0.632834588424933,-0.12005382223452492
1.0,0.0,0.0,0.0,1.0,0.0,0.0,0.0,0.0,0.0,0.0,1.0,0.0,0.0,1.0,0.0,0.0,-1.5062957276365787,0.061633079043495846,0.07682966318925954,-0.9013443047180038,0.9258737865415383,0.13772111472709594,-0.6475775332438344,-0.14125327883151229,-0.1781057493664113,0.7110064318490154,-0.632834588424933,-0.1474557687191013
0.0,0.0,1.0,0.0,0.0,1.0,1.0,0.0,0.0,0.0,0.0,0.0,0.0,1.0,0.0,0.0,0.0,0.7884714959884594,1.1374383698079549,-0.31456041165711646,0.4580711233163813,0.9258737865415383,0.8883135762925428,0.5203127956280129,-0.14125327883151229,-0.1781057493664113,0.12654446660059115,-0.632834588424933,-0.1474557687191013
0.0,0.0,1.0,0.0,0.0,1.0,0.0,0.0,0.0,0.0,0.0,0.0,1.0,0.0,0.0,1.0,0.0,0.9318944474650244,0.8684870471168399,0.22360094125665056,1.817486551350766,-0.31799853495320196,0.8883135762925428,-0.07508227399292886,-0.14125327883151229,-0.1781057493664113,-0.16568651602362097,-0.632834588424933,-0.1474557687191013
0.0,0.0,0.0,1.0,0.0,1.0,0.0,0.0,0.0,0.0,0.0,1.0,0.0,0.0,0.0,0.0,1.0,-0.07206621287092989,-2.0815727736513248,-1.5376543955520416,2.20589095936059,0.8187854409823884,-2.389784112993286,0.42871355414786794,-0.14125327883151229,2.3859145701894855,-1.6268414291446816,-0.632834588424933,-0.05611594710384673
0.0,0.0,1.0,0.0,0.0,1.0,0.0,0.0,1.0,0.0,0.0,0.0,0.0,0.0,1.0,0.0,0.0,-0.9326039217303193,0.9861532507942028,1.3488474064399816,-0.1245354886983552,-0.44156201059837485,1.3708373015846158,-0.6475775332438344,-0.14125327883151229,-0.1781057493664113,0.12654446660059115,1.580191756725731,-0.1474557687191013
0.0,1.0,0.0,0.0,0.0,1.0,0.0,0.0,1.0,0.0,0.0,0.0,0.0,0.0,0.0,1.0,0.0,0.9318944474650244,-0.560316854679707,-0.7548742458592895,1.9145876533532222,0.9258737865415383,-0.7277579480983682,0.4058137437778318,-0.14125327883151229,-0.1781057493664113,-0.7501484812720451,1.580191756725731,-0.1474557687191013
0.0,1.0,0.0,0.0,0.0,1.0,0.0,0.0,0.0,0.0,0.0,0.0,1.0,0.0,0.0,1.0,0.0,1.6490092048478489,0.07844253671169046,-0.6570267271476955,-1.095546508722916,0.76276999868991,-0.1609840485489492,-0.6475775332438344,-0.14125327883151229,-0.1781057493664113,-0.7501484812720451,-0.632834588424933,-0.1474557687191013
0.0,0.0,1.0,0.0,0.0,1.0,0.0,0.0,1.0,0.0,0.0,0.0,0.0,0.0,1.0,0.0,0.0,-1.362872776160014,0.7676303011076719,1.4466949251515757,-0.7071421007130917,-1.8831358931253916,1.2099960598205917,-0.6475775332438344,-0.14125327883151229,-0.1781057493664113,-0.16568651602362097,1.580191756725731,-0.1474557687191013
0.0,1.0,0.0,0.0,0.0,1.0,1.0,0.0,0.0,0.0,0.0,0.0,0.0,0.0,0.0,1.0,0.0,1.5055862533712838,-0.7704350755321404,0.46821973803563555,1.2348799393360297,-1.154935143323173,-0.4367118915729909,-0.6475775332438344,-0.14125327883151229,-0.1781057493664113,-0.7501484812720451,-0.632834588424933,-0.1474557687191013
1.0,0.0,0.0,0.0,0.0,1.0,1.0,0.0,0.0,0.0,0.0,0.0,0.0,0.0,0.0,0.0,1.0,-0.07206621287092989,-0.09805676880435357,-0.7059504865034925,0.36097002131392514,-1.0659694408586484,-0.32948439706364135,0.749310899328375,-0.14125327883151229,-0.1781057493664113,1.2954683970974397,-0.632834588424933,-0.1474557687191013
0.0,0.0,0.0,1.0,0.0,1.0,0.0,1.0,0.0,0.0,0.0,0.0,0.0,0.0,1.0,0.0,0.0,-1.219449824683449,-0.7956492620344325,1.2999236470841846,0.555172225318837,-2.029764550890997,-0.22991600930495965,-0.6475775332438344,-0.14125327883151229,-0.1781057493664113,1.5876993797216516,-0.632834588424933,-0.1474557687191013
1.0,0.0,0.0,0.0,0.0,1.0,0.0,0.0,0.0,1.0,0.0,0.0,0.0,0.0,0.0,1.0,0.0,1.6490092048478489,0.6835830127666986,-0.11886537423392847,0.7493744293237493,0.9258737865415383,0.5896084130164977,-0.6475775332438344,-0.14125327883151229,-0.1781057493664113,0.7110064318490154,1.580191756725731,-0.1474557687191013
1.0,0.0,0.0,0.0,0.0,1.0,0.0,0.0,0.0,1.0,0.0,0.0,0.0,1.0,0.0,0.0,0.0,0.7884714959884594,0.7508208434394773,1.4956186845073727,0.4580711233163813,-1.8996110232114147,1.2023369530699237,-0.40712952435845406,0.7730659742946313,-0.1781057493664113,0.7110064318490154,1.580191756725731,0.7659424474334442
1.0,0.0,0.0,0.0,0.0,1.0,0.0,0.0,0.0,0.0,1.0,0.0,0.0,1.0,0.0,0.0,0.0,0.21477969008219988,-0.13167568414074293,1.7891612406421546,0.36097002131392514,-1.6162387857318181,0.49004002525781587,-0.2811805673232548,-0.14125327883151229,-0.1781057493664113,1.2954683970974397,-0.632834588424933,-0.1474557687191013
0.0,1.0,0.0,0.0,0.0,1.0,0.0,0.0,0.0,1.0,0.0,0.0,0.0,1.0,0.0,0.0,0.0,0.5016255930353297,-0.11486622647254834,1.1042286096609966,-0.5129398967081796,-1.3542842173640517,0.3215396767431238,-0.04073255843787449,-0.14125327883151229,-0.1781057493664113,-1.0423794638962574,1.580191756725731,-0.1474557687191013
0.0,0.0,1.0,0.0,0.0,1.0,0.0,0.0,0.0,0.0,1.0,0.0,0.0,0.0,0.0,0.0,1.0,-0.3589121158240597,1.2214856581489282,0.17467718190085355,-0.22163659070081138,-0.6507961626908676,1.1717005260672526,1.367605779319353,-0.14125327883151229,-0.1781057493664113,0.12654446660059115,-0.632834588424933,-0.1474557687191013
0.0,1.0,0.0,0.0,0.0,1.0,0.0,0.0,0.0,0.0,1.0,0.0,0.0,1.0,0.0,0.0,0.0,0.3582026415587648,-0.03081893813157497,0.8106860535262146,2.011688755355678,0.11859241232640884,0.30622146324178817,0.3600141230377593,0.2244744224189452,-0.1781057493664113,-0.4579174986478331,-0.632834588424933,0.2179035177419169
0.0,0.0,0.0,1.0,0.0,1.0,0.0,0.0,0.0,0.0,0.0,1.0,0.0,0.0,0.0,1.0,0.0,0.9318944474650244,-1.2915282632461753,1.5934662032189666,-1.2897487127278282,-2.036354602925406,-0.5975531333370152,-0.6475775332438344,1.1387936755450887,4.949934889745381,-1.6268414291446816,-0.632834588424933,1.3139813771249713
0.0,0.0,0.0,1.0,0.0,1.0,0.0,0.0,0.0,0.0,0.0,0.0,1.0,0.0,0.0,0.0,1.0,-0.6457580187771894,-1.7705978067897234,0.5660672567472296,0.06966671530655688,0.9258737865415383,-1.2868727408971194,-0.6475775332438344,-0.14125327883151229,1.616708474322716,-1.6268414291446816,-0.632834588424933,-0.08351789358842311
0.0,1.0,0.0,0.0,0.0,1.0,0.0,1.0,0.0,0.0,0.0,0.0,0.0,0.0,0.0,1.0,0.0,1.362163301894719,0.5491073514211414,0.27252470061244755,-0.22163659070081138,-0.2323278585058821,0.6279039467698369,-0.6475775332438344,-0.14125327883151229,-0.1781057493664113,-0.4579174986478331,-0.632834588424933,-0.1474557687191013
0.0,0.0,1.0,0.0,0.0,1.0,0.0,0.0,0.0,1.0,0.0,0.0,0.0,0.0,0.0,1.0,0.0,1.5055862533712838,1.2298903869830253,0.17467718190085355,-1.095546508722916,0.9258737865415383,1.1793596328179201,-0.6475775332438344,-0.14125327883151229,-0.1781057493664113,0.41877544922480325,1.580191756725731,-0.1474557687191013
0.0,0.0,1.0,0.0,0.0,1.0,0.0,0.0,0.0,0.0,0.0,0.0,1.0,0.0,1.0,0.0,0.0,-1.5062957276365787,0.5827262667575306,1.8380849999979516,1.2348799393360297,-2.069304863097452,1.148723205815249,-0.6475775332438344,-0.049821353518897916,-0.1781057493664113,-0.16568651602362097,-0.632834588424933,-0.05611594710384673
0.0,0.0,1.0,0.0,0.0,1.0,0.0,0.0,0.0,1.0,0.0,0.0,0.0,0.0,1.0,0.0,0.0,-1.5062957276365787,1.37277077716268,-0.021017855522334466,-0.22163659070081138,0.9258737865415383,1.2176551665712594,-0.6475775332438344,-0.14125327883151229,-0.1781057493664113,0.41877544922480325,1.580191756725731,-0.1474557687191013
0.0,0.0,1.0,0.0,0.0,1.0,0.0,0.0,0.0,1.0,0.0,0.0,0.0,0.0,0.0,0.0,1.0,-0.5023350673006246,0.6751782839326015,0.5660672567472296,-1.3868498147302841,-1.107157266073706,0.8500180425392037,0.38291393340779556,-0.14125327883151229,-0.1781057493664113,-0.16568651602362097,1.580191756725731,-0.1474557687191013
0.0,1.0,0.0,0.0,0.0,1.0,0.0,0.0,0.0,0.0,0.0,0.0,1.0,1.0,0.0,0.0,0.0,0.6450485445118945,0.9777485219601053,-0.5591792084361015,1.2348799393360297,0.25698350504900247,0.6355630535205045,2.1461993319005845,-0.14125327883151229,-0.1781057493664113,-0.4579174986478331,-0.632834588424933,-0.1474557687191013
0.0,0.0,1.0,0.0,0.0,1.0,0.0,0.0,1.0,0.0,0.0,0.0,0.0,0.0,0.0,0.0,1.0,-0.2154891643474948,1.5408653538446269,-0.36348417101291347,-0.6100409987106356,-0.9737087123769194,1.2023369530699237,2.008800469680367,-0.14125327883151229,-0.1781057493664113,0.12654446660059115,1.580191756725731,-0.1474557687191013
0.0,1.0,0.0,0.0,0.0,1.0,0.0,0.0,0.0,0.0,0.0,0.0,1.0,0.0,1.0,0.0,0.0,-1.219449824683449,-0.12327095530664564,1.1042286096609966,1.3319810413384858,-1.2373107937532881,0.313880569992456,-0.6475775332438344,-0.14125327883151229,-0.1781057493664113,-0.7501484812720451,-0.632834588424933,-0.1474557687191013
0.0,0.0,1.0,0.0,0.0,1.0,0.0,0.0,0.0,0.0,0.0,0.0,1.0,0.0,0.0,1.0,0.0,1.5055862533712838,1.3811755059967776,0.7128385348146206,-0.8042432027155477,0.8204329539909907,1.5163603298473047,-0.6475775332438344,-0.14125327883151229,-0.1781057493664113,0.41877544922480325,-0.632834588424933,-0.1474557687191013
0.0,0.0,0.0,1.0,0.0,1.0,0.0,1.0,0.0,0.0,0.0,0.0,0.0,1.0,0.0,0.0,0.0,0.5016255930353297,-1.2747188055779806,-1.3908831174846505,2.108789857358134,0.8154904149651838,-1.6545098649291752,1.8943014178301862,-0.14125327883151229,-0.1781057493664113,-1.3346104465204693,-0.632834588424933,-0.1474557687191013
0.0,0.0,0.0,1.0,0.0,1.0,0.0,0.0,0.0,0.0,0.0,0.0,1.0,0.0,0.0,1.0,0.0,1.6490092048478489,-1.1906715172370073,1.3977711657957785,-0.3187376927032675,-1.7941701906608671,-0.5515984928330082,-0.6475775332438344,-0.14125327883151229,5.462738953656562,1.5876993797216516,-0.632834588424933,0.053491838834458745
1.0,0.0,0.0,0.0,0.0,1.0,0.0,1.0,0.0,0.0,0.0,0.0,0.0,0.0,0.0,0.0,1.0,-0.07206621287092989,0.30537021523231844,-1.0484168019940716,-0.9984454067204599,-0.5997232594241961,-0.1839613688009527,1.3447059689493168,-0.14125327883151229,-0.1781057493664113,1.0032374144732275,-0.632834588424933,-0.1474557687191013
0.0,0.0,0.0,1.0,1.0,0.0,0.0,1.0,0.0,0.0,0.0,0.0,0.0,0.0,1.0,0.0,0.0,-0.9326039217303193,-1.409194466923538,-0.36348417101291347,0.8464755313262055,0.9258737865415383,-1.2715545273957838,-0.6475775332438344,-0.14125327883151229,-0.1781057493664113,1.5876993797216516,-0.632834588424933,-0.1474557687191013
0.0,0.0,0.0,1.0,0.0,1.0,0.0,0.0,0.0,0.0,0.0,0.0,1.0,1.0,0.0,0.0,0.0,0.7884714959884594,-0.5435073970115124,-1.1951880800614625,1.0406777353311174,-0.2273853194800752,-0.9498720438677353,-0.16668151547307375,-0.14125327883151229,-0.1781057493664113,-1.3346104465204693,-0.632834588424933,-0.1474557687191013
0.0,0.0,1.0,0.0,0.0,1.0,0.0,0.0,0.0,0.0,1.0,0.0,0.0,1.0,0.0,0.0,0.0,0.7884714959884594,1.24669984465122,0.8106860535262146,0.7493744293237493,0.3377116424705154,1.4321101555899585,0.2111653556325239,-0.14125327883151229,-0.1781057493664113,0.12654446660059115,-0.632834588424933,-0.1474557687191013
0.0,0.0,1.0,0.0,0.0,1.0,0.0,0.0,0.0,0.0,1.0,0.0,0.0,0.0,1.0,0.0,0.0,-1.5062957276365787,0.6499640974303094,0.6639147754588236,-0.7071421007130917,-0.8666203668177694,0.8576771492898716,-0.6475775332438344,-0.14125327883151229,-0.1781057493664113,-0.16568651602362097,-0.632834588424933,-0.1474557687191013
0.0,0.0,0.0,1.0,1.0,0.0,1.0,0.0,0.0,0.0,0.0,0.0,0.0,0.0,0.0,1.0,0.0,0.9318944474650244,-0.9805532963845739,-0.11886537423392847,1.429082143340942,0.8138429019565815,-0.8196672291063822,-0.39567961917343597,-0.14125327883151229,-0.1781057493664113,-1.3346104465204693,-0.632834588424933,-0.1474557687191013
0.0,0.0,1.0,0.0,0.0,1.0,0.0,0.0,0.0,0.0,1.0,0.0,0.0,0.0,1.0,0.0,0.0,-1.076026873206884,1.263509302319415,1.1042286096609966,-0.22163659070081138,0.47939776121031363,1.5469967568499758,-0.6475775332438344,-0.14125327883151229,-0.1781057493664113,0.41877544922480325,-0.632834588424933,-0.1474557687191013
0.0,1.0,0.0,0.0,0.0,1.0,0.0,0.0,0.0,0.0,0.0,0.0,1.0,0.0,0.0,1.0,0.0,1.0753173989415892,-0.3501986338272737,-0.7059504865034925,0.555172225318837,0.9258737865415383,-0.5362802793316727,-0.6475775332438344,-0.14125327883151229,-0.1781057493664113,-1.0423794638962574,-0.632834588424933,-0.1474557687191013
0.0,0.0,1.0,0.0,0.0,1.0,0.0,0.0,0.0,0.0,0.0,1.0,0.0,1.0,0.0,0.0,0.0,0.6450485445118945,1.1038194544715654,-0.5591792084361015,2.011688755355678,0.919283734507129,0.7351314412791863,2.157649237085603,-0.14125327883151229,-0.1781057493664113,-0.16568651602362097,-0.632834588424933,-0.1474557687191013
0.0,0.0,0.0,1.0,1.0,0.0,0.0,0.0,0.0,1.0,0.0,0.0,0.0,0.0,0.0,1.0,0.0,1.5055862533712838,-1.081410042393742,0.5171434973914326,0.9435766333286616,-1.4383073808027693,-0.6971215210956969,-0.6475775332438344,-0.14125327883151229,-0.1781057493664113,1.5876993797216516,1.580191756725731,-0.1474557687191013
0.0,1.0,0.0,0.0,0.0,1.0,0.0,1.0,0.0,0.0,0.0,0.0,0.0,0.0,0.0,0.0,1.0,-0.2154891643474948,-0.7284114313616538,1.0553048503051996,0.06966671530655688,0.9258737865415383,-0.23757511605562745,-0.006382842882820132,-0.14125327883151229,-0.1781057493664113,-1.0423794638962574,-0.632834588424933,-0.1474557687191013
0.0,0.0,0.0,1.0,0.0,1.0,0.0,0.0,0.0,0.0,0.0,1.0,0.0,1.0,0.0,0.0,0.0,0.7884714959884594,-1.3419566362507593,0.3703722193240416,1.817486551350766,-1.145050065271559,-0.9651902573690708,-0.3842297139884178,-0.14125327883151229,-0.1781057493664113,-1.6268414291446816,-0.632834588424933,-0.1474557687191013
1.0,0.0,0.0,0.0,0.0,1.0,0.0,0.0,0.0,0.0,0.0,1.0,0.0,0.0,0.0,0.0,1.0,-0.6457580187771894,0.5911309955916281,1.8870087593537486,0.16676781730901283,-1.6393039678522505,1.1717005260672526,-0.61322781768878,-0.14125327883151229,-0.1781057493664113,0.7110064318490154,-0.632834588424933,-0.1474557687191013
0.0,0.0,0.0,1.0,0.0,1.0,0.0,0.0,0.0,0.0,0.0,1.0,0.0,0.0,0.0,0.0,1.0,-0.5023350673006246,-1.7790025356238206,-1.0973405613498686,-0.1245354886983552,0.9258737865415383,-1.8996012809505454,-0.6361276280588162,-0.14125327883151229,-0.1781057493664113,1.5876993797216516,-0.632834588424933,-0.1474557687191013
1.0,0.0,0.0,0.0,0.0,1.0,0.0,0.0,0.0,1.0,0.0,0.0,0.0,1.0,0.0,0.0,0.0,0.6450485445118945,1.3643660483285829,-0.7059504865034925,-0.3187376927032675,0.9209312475157313,0.8729953627912072,0.8638099511785562,-0.14125327883151229,-0.1781057493664113,0.7110064318490154,1.580191756725731,-0.1474557687191013
0.0,0.0,0.0,1.0,0.0,1.0,0.0,0.0,0.0,0.0,0.0,0.0,1.0,0.0,0.0,0.0,1.0,-0.2154891643474948,-0.6611736006888751,0.32144845996824456,2.108789857358134,-0.20596765036824521,-0.39075725106898396,-0.006382842882820132,-0.14125327883151229,-0.1781057493664113,-1.3346104465204693,-0.632834588424933,-0.1474557687191013
0.0,0.0,0.0,1.0,0.0,1.0,0.0,0.0,0.0,1.0,0.0,0.0,0.0,1.0,0.0,0.0,0.0,0.3582026415587648,-1.2242904325733965,-1.8801207110426206,1.2348799393360297,0.9126936824727198,-1.9838514552078916,0.6004621319231397,-0.14125327883151229,-0.1781057493664113,-1.6268414291446816,1.580191756725731,-0.1474557687191013
0.0,1.0,0.0,0.0,0.0,1.0,0.0,0.0,0.0,1.0,0.0,0.0,0.0,1.0,0.0,0.0,0.0,0.3582026415587648,0.3726080459050972,0.4192959786798386,0.36097002131392514,-0.9984214075059539,0.528335559011155,-0.16668151547307375,-0.14125327883151229,-0.1781057493664113,-0.7501484812720451,1.580191756725731,-0.1474557687191013
0.0,0.0,0.0,1.0,0.0,1.0,0.0,0.0,0.0,0.0,0.0,1.0,0.0,0.0,1.0,0.0,0.0,-1.219449824683449,-1.9975254853103515,-0.8037980052150865,-0.3187376927032675,0.9258737865415383,-1.9455559214545526,-0.6475775332438344,-0.14125327883151229,-0.1781057493664113,-1.6268414291446816,-0.632834588424933,-0.1474557687191013
0.0,0.0,1.0,0.0,0.0,1.0,0.0,0.0,0.0,0.0,0.0,1.0,0.0,0.0,0.0,1.0,0.0,1.362163301894719,1.4484133366695562,0.5171434973914326,0.4580711233163813,0.6523866271135557,1.5010421163459688,-0.6475775332438344,-0.14125327883151229,-0.1781057493664113,0.41877544922480325,-0.632834588424933,-0.1474557687191013
0.0,0.0,0.0,1.0,0.0,1.0,0.0,1.0,0.0,0.0,0.0,0.0,0.0,1.0,0.0,0.0,0.0,0.07135673860563499,-0.5771263123479017,0.27252470061244755,0.16676781730901283,-1.4646675889404062,-0.3371435038143092,0.25696497637259635,-0.14125327883151229,-0.1781057493664113,-1.6268414291446816,-0.632834588424933,-0.1474557687191013
0.0,1.0,0.0,0.0,0.0,1.0,0.0,0.0,0.0,1.0,0.0,0.0,0.0,0.0,0.0,1.0,0.0,1.2187403504181542,-0.14848514180893754,1.0553048503051996,-0.5129398967081796,0.8896285003522876,0.27558503623911684,-0.6475775332438344,-0.14125327883151229,-0.1781057493664113,-1.0423794638962574,1.580191756725731,-0.1474557687191013
0.0,0.0,1.0,0.0,0.0,1.0,1.0,0.0,0.0,0.0,0.0,0.0,0.0,0.0,0.0,0.0,1.0,-0.5023350673006246,0.8516775894486454,0.07682966318925954,-0.02743438669589927,0.9258737865415383,0.8117225087858646,0.01651696748721598,-0.14125327883151229,-0.1781057493664113,0.12654446660059115,-0.632834588424933,-0.1474557687191013
0.0,1.0,0.0,0.0,0.0,1.0,0.0,0.0,0.0,0.0,0.0,1.0,0.0,0.0,1.0,0.0,0.0,-1.5062957276365787,0.6079404532598227,-0.16778913358972547,-0.6100409987106356,0.5238806124425759,-0.32948439706364135,-0.6475775332438344,-0.14125327883151229,-0.1781057493664113,-0.4579174986478331,-0.632834588424933,-0.1474557687191013
1.0,0.0,0.0,0.0,0.0,1.0,0.0,0.0,0.0,0.0,0.0,0.0,1.0,1.0,0.0,0.0,0.0,0.21477969008219988,1.1290336409738575,-0.9505692832824775,-0.02743438669589927,0.20096806275652407,0.5436537725124907,1.8141520815350591,-0.14125327883151229,-0.1781057493664113,0.7110064318490154,-0.632834588424933,-0.1474557687191013
0.0,0.0,0.0,1.0,0.0,1.0,1.0,0.0,0.0,0.0,0.0,0.0,0.0,0.0,1.0,0.0,0.0,-1.5062957276365787,-1.0982195000619366,-0.7548742458592895,-0.02743438669589927,-0.3097609699101904,-1.17964524638777,-0.6475775332438344,-0.14125327883151229,-0.1781057493664113,-1.6268414291446816,-0.632834588424933,-0.1474557687191013
1.0,0.0,0.0,0.0,0.0,1.0,0.0,0.0,0.0,0.0,1.0,0.0,0.0,0.0,0.0,1.0,0.0,1.2187403504181542,0.9693437931260082,0.17467718190085355,-0.8042432027155477,0.9258737865415383,0.9572455370485534,-0.6475775332438344,-0.14125327883151229,-0.1781057493664113,0.7110064318490154,-0.632834588424933,-0.1474557687191013
0.0,0.0,1.0,0.0,0.0,1.0,1.0,0.0,0.0,0.0,0.0,0.0,0.0,0.0,1.0,0.0,0.0,-1.076026873206884,0.9861532507942028,1.3488474064399816,0.36097002131392514,-0.5519453821747292,1.3708373015846158,-0.6475775332438344,-0.14125327883151229,-0.1781057493664113,0.12654446660059115,-0.632834588424933,-0.1474557687191013
0.0,0.0,0.0,1.0,0.0,1.0,0.0,0.0,0.0,0.0,0.0,1.0,0.0,1.0,0.0,0.0,0.0,0.5016255930353297,-1.5940985012736797,-1.6355019142636356,1.3319810413384858,0.8204329539909907,-2.0757607362159054,1.5622541674646608,-0.14125327883151229,-0.1781057493664113,-1.3346104465204693,-0.632834588424933,-0.1474557687191013
0.0,0.0,0.0,1.0,0.0,1.0,0.0,0.0,0.0,0.0,0.0,1.0,0.0,0.0,0.0,1.0,0.0,1.0753173989415892,-0.8965060080436005,-0.06994161487813147,1.429082143340942,0.9176362214985267,-0.7277579480983682,-0.6475775332438344,-0.14125327883151229,-0.1781057493664113,-1.3346104465204693,-0.632834588424933,-0.1474557687191013
0.0,0.0,1.0,0.0,0.0,1.0,1.0,0.0,0.0,0.0,0.0,0.0,0.0,0.0,0.0,0.0,1.0,-0.07206621287092989,1.3223424041580962,-1.2441118394172594,0.4580711233163813,0.8451456491200253,0.5053582387591516,2.615645444486327,-0.14125327883151229,-0.1781057493664113,0.41877544922480325,-0.632834588424933,-0.1474557687191013
0.0,0.0,1.0,0.0,0.0,1.0,0.0,0.0,0.0,0.0,0.0,1.0,0.0,1.0,0.0,0.0,0.0,0.07135673860563499,1.019772166130592,1.4956186845073727,-0.3187376927032675,-1.808997807738288,1.4474283690912941,-0.2811805673232548,1.6873852274207748,-0.1781057493664113,0.41877544922480325,-0.632834588424933,1.6793406635859895
0.0,0.0,1.0,0.0,0.0,1.0,1.0,0.0,0.0,0.0,0.0,0.0,0.0,0.0,0.0,1.0,0.0,1.6490092048478489,1.4400086078354588,0.17467718190085355,-0.9013443047180038,0.4447999880296652,1.363178194833948,-0.6475775332438344,-0.14125327883151229,-0.1781057493664113,0.41877544922480325,-0.632834588424933,-0.1474557687191013
0.0,0.0,0.0,1.0,0.0,1.0,0.0,0.0,1.0,0.0,0.0,0.0,0.0,0.0,0.0,1.0,0.0,1.362163301894719,-1.0393863982232554,-1.3419593581288536,-0.41583879470572344,0.7990152848791607,-1.4400548759104759,-0.6475775332438344,-0.14125327883151229,-0.1781057493664113,-1.3346104465204693,1.580191756725731,-0.1474557687191013
0.0,1.0,0.0,0.0,0.0,1.0,0.0,0.0,0.0,1.0,0.0,0.0,0.0,0.0,0.0,1.0,0.0,1.0753173989415892,0.17929928272085843,0.27252470061244755,-0.02743438669589927,-0.41684931546934023,0.313880569992456,-0.6246777228737981,0.31590634773155957,-0.1781057493664113,-0.7501484812720451,1.580191756725731,0.30924333935717147
0.0,1.0,0.0,0.0,0.0,1.0,0.0,0.0,0.0,0.0,0.0,1.0,0.0,1.0,0.0,0.0,0.0,0.5016255930353297,-0.24934188781810568,-1.6844256736194325,0.06966671530655688,0.6606241921565672,-1.0647586451277526,1.779802365980005,-0.14125327883151229,-0.1781057493664113,-1.0423794638962574,-0.632834588424933,-0.1474557687191013
0.0,0.0,0.0,1.0,0.0,1.0,0.0,0.0,1.0,0.0,0.0,0.0,0.0,0.0,0.0,0.0,1.0,-0.2154891643474948,-1.6193126877759714,-0.8037980052150865,0.555172225318837,0.7495898946210916,-1.6315325446771716,-0.05218246362289261,-0.14125327883151229,-0.1781057493664113,1.5876993797216516,1.580191756725731,-0.1474557687191013
1.0,0.0,0.0,0.0,0.0,1.0,0.0,0.0,1.0,0.0,0.0,0.0,0.0,0.0,0.0,0.0,1.0,-0.07206621287092989,-0.9973627540527686,1.8870087593537486,0.555172225318837,-0.7628270472758243,-0.2758706498089666,-0.5674281969487076,-0.14125327883151229,22.385273062725478,1.2954683970974397,1.580191756725731,0.6563346614951389
0.0,0.0,0.0,1.0,0.0,1.0,1.0,0.0,0.0,0.0,0.0,0.0,0.0,1.0,0.0,0.0,0.0,0.07135673860563499,-1.0225769405550604,-1.0484168019940716,-0.22163659070081138,-0.25539304062631435,-1.2562363138944483,0.6348118474781941,-0.14125327883151229,-0.1781057493664113,-1.3346104465204693,-0.632834588424933,-0.1474557687191013
1.0,0.0,0.0,0.0,0.0,1.0,0.0,0.0,0.0,0.0,1.0,0.0,0.0,0.0,1.0,0.0,0.0,-1.5062957276365787,0.13727563855037175,0.5171434973914326,-1.095546508722916,0.9258737865415383,0.3598352104964629,-0.6475775332438344,-0.14125327883151229,-0.1781057493664113,1.0032374144732275,-0.632834588424933,-0.1474557687191013
0.0,1.0,0.0,0.0,0.0,1.0,0.0,1.0,0.0,0.0,0.0,0.0,0.0,0.0,0.0,1.0,0.0,1.6490092048478489,0.48186952074836265,0.7128385348146206,-0.9013443047180038,-1.8897259451598007,0.7274723345285187,-0.6475775332438344,-0.14125327883151229,-0.1781057493664113,-0.4579174986478331,-0.632834588424933,-0.1474557687191013
0.0,0.0,0.0,1.0,1.0,0.0,0.0,0.0,1.0,0.0,0.0,0.0,0.0,0.0,0.0,1.0,0.0,1.5055862533712838,-1.3251471785825646,-0.8037980052150865,0.4580711233163813,0.9258737865415383,-1.3864411286558012,-0.6475775332438344,-0.14125327883151229,-0.1781057493664113,-1.3346104465204693,1.580191756725731,-0.1474557687191013
0.0,0.0,0.0,1.0,0.0,1.0,0.0,0.0,0.0,0.0,0.0,0.0,1.0,0.0,0.0,1.0,0.0,1.5055862533712838,-1.535265399434998,-0.2656366523013195,-0.41583879470572344,0.8748008832748668,-1.348145594902462,-0.6475775332438344,-0.14125327883151229,-0.1781057493664113,-1.6268414291446816,-0.632834588424933,-0.1474557687191013
0.0,0.0,1.0,0.0,0.0,1.0,1.0,0.0,0.0,0.0,0.0,0.0,0.0,0.0,0.0,1.0,0.0,0.9318944474650244,1.0786052679692733,-0.31456041165711646,0.36097002131392514,0.9258737865415383,0.8346998290378681,0.005067062302197861,-0.14125327883151229,-0.1781057493664113,0.12654446660059115,-0.632834588424933,-0.1474557687191013
0.0,0.0,1.0,0.0,0.0,1.0,0.0,1.0,0.0,0.0,0.0,0.0,0.0,0.0,0.0,1.0,0.0,0.9318944474650244,1.969506524383591,-0.9994930426382745,-0.8042432027155477,0.9258737865415383,1.187018739568588,0.6920613734032844,-0.14125327883151229,-0.1781057493664113,0.12654446660059115,-0.632834588424933,-0.1474557687191013
0.0,0.0,1.0,0.0,0.0,1.0,0.0,0.0,0.0,0.0,1.0,0.0,0.0,1.0,0.0,0.0,0.0,0.3582026415587648,1.2803187599876096,0.4192959786798386,1.2348799393360297,-0.3229410739790089,1.317223554329941,1.3332560637642987,-0.14125327883151229,-0.1781057493664113,0.12654446660059115,-0.632834588424933,-0.1474557687191013
0.0,1.0,0.0,0.0,0.0,1.0,0.0,0.0,1.0,0.0,0.0,0.0,0.0,1.0,0.0,0.0,0.0,0.6450485445118945,0.6163451820939199,-1.6355019142636356,2.885598673377783,0.9093986564555152,-0.35246171731564485,2.157649237085603,-0.14125327883151229,-0.1781057493664113,-0.7501484812720451,1.580191756725731,-0.1474557687191013
0.0,0.0,0.0,1.0,0.0,1.0,0.0,0.0,0.0,0.0,1.0,0.0,0.0,0.0,0.0,0.0,1.0,-0.2154891643474948,-2.0311444006467405,-0.6081029677918985,1.9145876533532222,0.32947407742750384,-1.8919421741998776,-0.09798208436296509,-0.14125327883151229,-0.1781057493664113,-1.6268414291446816,-0.632834588424933,-0.1474557687191013
0.0,1.0,0.0,0.0,0.0,1.0,0.0,0.0,1.0,0.0,0.0,0.0,0.0,0.0,0.0,1.0,0.0,1.0753173989415892,-0.29977026082268965,0.8596098128820115,0.555172225318837,0.9258737865415383,0.08410736747242123,-0.6246777228737981,-0.14125327883151229,-0.1781057493664113,-0.7501484812720451,1.580191756725731,-0.1474557687191013
0.0,1.0,0.0,0.0,0.0,1.0,0.0,0.0,0.0,0.0,0.0,1.0,0.0,1.0,0.0,0.0,0.0,0.5016255930353297,0.25494184222773464,-0.31456041165711646,-0.22163659070081138,0.9258737865415383,0.1453802214777638,0.4172636489628499,-0.14125327883151229,-0.1781057493664113,-0.7501484812720451,-0.632834588424933,-0.1474557687191013
0.0,0.0,1.0,0.0,0.0,1.0,1.0,0.0,0.0,0.0,0.0,0.0,0.0,0.0,0.0,0.0,1.0,-0.07206621287092989,1.6501268286878925,-0.11886537423392847,0.16676781730901283,-0.6656237797682883,1.409132835337955,2.29504809930582,-0.14125327883151229,-0.1781057493664113,0.12654446660059115,-0.632834588424933,-0.1474557687191013
1.0,0.0,0.0,0.0,0.0,1.0,0.0,0.0,1.0,0.0,0.0,0.0,0.0,0.0,0.0,1.0,0.0,1.0753173989415892,-0.4258411933341497,-0.8037980052150865,1.1377788373335735,0.9258737865415383,-0.6435077738410222,-0.6475775332438344,-0.14125327883151229,-0.1781057493664113,1.0032374144732275,1.580191756725731,-0.1474557687191013
0.0,1.0,0.0,0.0,0.0,1.0,0.0,0.0,1.0,0.0,0.0,0.0,0.0,0.0,0.0,1.0,0.0,0.9318944474650244,0.07003780787759316,-1.5865781549078386,0.16676781730901283,0.9176362214985267,-0.7354170548490361,-0.17813142065809187,-0.14125327883151229,-0.1781057493664113,-1.0423794638962574,1.580191756725731,-0.1474557687191013
0.0,1.0,0.0,0.0,0.0,1.0,0.0,0.0,0.0,0.0,1.0,0.0,0.0,1.0,0.0,0.0,0.0,0.7884714959884594,0.5911309955916281,-1.5376543955520416,0.16676781730901283,-0.5766580773037638,-0.2988479700609701,0.9325093822886646,-0.14125327883151229,-0.1781057493664113,-0.7501484812720451,-0.632834588424933,-0.1474557687191013
0.0,1.0,0.0,0.0,0.0,1.0,0.0,0.0,0.0,0.0,0.0,1.0,0.0,0.0,1.0,0.0,0.0,-1.5062957276365787,0.338989130568708,0.6639147754588236,-0.02743438669589927,-0.14006713002415302,0.5896084130164977,-0.6475775332438344,-0.14125327883151229,-0.1781057493664113,-0.7501484812720451,-0.632834588424933,-0.1474557687191013
0.0,0.0,1.0,0.0,0.0,1.0,1.0,0.0,0.0,0.0,0.0,0.0,0.0,0.0,1.0,0.0,0.0,-1.6497186791131437,0.5911309955916281,0.22360094125665056,-0.6100409987106356,0.42832485794364217,0.6508812670218403,-0.6475775332438344,-0.14125327883151229,-0.1781057493664113,-0.16568651602362097,-0.632834588424933,-0.1474557687191013
0.0,0.0,1.0,0.0,0.0,1.0,0.0,0.0,0.0,0.0,0.0,1.0,0.0,0.0,1.0,0.0,0.0,-1.219449824683449,0.8180586741122561,1.9359325187095457,-1.6781531207376523,0.4876353262533251,1.3861555150859515,-0.6475775332438344,-0.14125327883151229,-0.1781057493664113,0.12654446660059115,-0.632834588424933,-0.1474557687191013
1.0,0.0,0.0,0.0,0.0,1.0,0.0,0.0,0.0,1.0,0.0,0.0,0.0,0.0,1.0,0.0,0.0,-1.6497186791131437,-0.535102668177415,-0.16778913358972547,-0.22163659070081138,0.9258737865415383,-0.4596892118249944,-0.6475775332438344,-0.14125327883151229,-0.1781057493664113,1.0032374144732275,1.580191756725731,-0.1474557687191013
1.0,0.0,0.0,0.0,0.0,1.0,0.0,1.0,0.0,0.0,0.0,0.0,0.0,1.0,0.0,0.0,0.0,0.6450485445118945,1.0449863526328842,1.5934662032189666,-0.41583879470572344,-1.7052044881963426,1.5010421163459688,-0.3842297139884178,3.0588641071099905,-0.1781057493664113,0.7110064318490154,-0.632834588424933,3.049437987814808
0.0,1.0,0.0,0.0,0.0,1.0,0.0,1.0,0.0,0.0,0.0,0.0,0.0,1.0,0.0,0.0,0.0,0.5016255930353297,0.918915420121424,0.027905903833462538,-0.1245354886983552,-1.787580138626458,0.8500180425392037,1.9172012282002224,-0.14125327883151229,-0.1781057493664113,-0.4579174986478331,-0.632834588424933,-0.1474557687191013
0.0,0.0,0.0,1.0,0.0,1.0,0.0,1.0,0.0,0.0,0.0,0.0,0.0,0.0,0.0,1.0,0.0,1.6490092048478489,-1.0898147712278392,1.1042286096609966,1.1377788373335735,-1.4613725629232015,-0.5362802793316727,-0.6475775332438344,-0.14125327883151229,6.48834708147892,1.5876993797216516,-0.632834588424933,0.09002776748056054
1.0,0.0,0.0,0.0,1.0,0.0,0.0,0.0,0.0,0.0,0.0,1.0,0.0,1.0,0.0,0.0,0.0,0.07135673860563499,0.7256066569371853,-1.0973405613498686,0.263868919311469,0.9258737865415383,0.12240290122576035,2.5354961081912,-0.14125327883151229,-0.1781057493664113,0.7110064318490154,-0.632834588424933,-0.1474557687191013
0.0,0.0,0.0,1.0,0.0,1.0,1.0,0.0,0.0,0.0,0.0,0.0,0.0,1.0,0.0,0.0,0.0,0.7884714959884594,-1.1486478730665206,-0.6570267271476955,1.5261832453433977,0.6408540360533395,-1.171986139637102,-0.3727798088033997,-0.14125327883151229,-0.1781057493664113,-1.6268414291446816,-0.632834588424933,-0.1474557687191013
0.0,0.0,1.0,0.0,0.0,1.0,0.0,1.0,0.0,0.0,0.0,0.0,0.0,0.0,1.0,0.0,0.0,-1.219449824683449,0.6079404532598227,1.8870087593537486,-1.2897487127278282,-2.0396496289426107,1.187018739568588,-0.6475775332438344,1.230225600857703,-0.1781057493664113,0.41877544922480325,-0.632834588424933,1.2226415555097168
0.0,0.0,1.0,0.0,0.0,1.0,0.0,0.0,0.0,0.0,1.0,0.0,0.0,1.0,0.0,0.0,0.0,0.7884714959884594,1.7593883035311577,-0.7059504865034925,0.555172225318837,0.746294868603887,1.2023369530699237,1.585153977834697,-0.14125327883151229,-0.1781057493664113,0.12654446660059115,-0.632834588424933,-0.1474557687191013
1.0,0.0,0.0,0.0,0.0,1.0,1.0,0.0,0.0,0.0,0.0,0.0,0.0,1.0,0.0,0.0,0.0,0.3582026415587648,0.16248982505266382,-0.4613316897245075,1.0406777353311174,-1.5157404922070776,-0.0001428067849248955,1.1042579600639364,-0.14125327883151229,-0.1781057493664113,1.2954683970974397,-0.632834588424933,-0.1474557687191013
0.0,1.0,0.0,0.0,0.0,1.0,1.0,0.0,0.0,0.0,0.0,0.0,0.0,0.0,0.0,0.0,1.0,-0.7891809702537543,-0.7284114313616538,0.12575342254505653,-0.02743438669589927,0.9258737865415383,-0.5133029590796692,-0.6475775332438344,-0.14125327883151229,-0.1781057493664113,-1.0423794638962574,-0.632834588424933,-0.1474557687191013
0.0,1.0,0.0,0.0,0.0,1.0,0.0,0.0,0.0,0.0,1.0,0.0,0.0,0.0,0.0,0.0,1.0,-0.6457580187771894,-0.4594601086705391,-0.21671289294552248,-0.02743438669589927,0.4151447538748237,-0.4137345713209875,-0.49872876583859893,-0.14125327883151229,-0.1781057493664113,-0.7501484812720451,-0.632834588424933,-0.1474557687191013
1.0,0.0,0.0,0.0,0.0,1.0,0.0,1.0,0.0,0.0,0.0,0.0,0.0,0.0,0.0,1.0,0.0,1.2187403504181542,0.2045134692231505,-0.6570267271476955,0.4580711233163813,0.9258737865415383,-0.053756554039599655,-0.6475775332438344,-0.14125327883151229,-0.1781057493664113,1.0032374144732275,-0.632834588424933,-0.1474557687191013
0.0,0.0,0.0,1.0,0.0,1.0,0.0,1.0,0.0,0.0,0.0,0.0,0.0,1.0,0.0,0.0,0.0,0.7884714959884594,-0.8712918215413086,-0.4124079303687105,1.0406777353311174,0.8550307271716391,-0.8426445493583856,-0.5788781021337256,-0.14125327883151229,-0.1781057493664113,-1.6268414291446816,-0.632834588424933,-0.1474557687191013
0.0,0.0,0.0,1.0,0.0,1.0,0.0,0.0,1.0,0.0,0.0,0.0,0.0,1.0,0.0,0.0,0.0,0.7884714959884594,-0.8040539908685298,-1.0484168019940716,0.06966671530655688,0.864915805223253,-1.0800768586290883,-0.5330784813936532,-0.14125327883151229,-0.1781057493664113,1.5876993797216516,1.580191756725731,-0.1474557687191013
0.0,0.0,1.0,0.0,0.0,1.0,0.0,0.0,1.0,0.0,0.0,0.0,0.0,0.0,1.0,0.0,0.0,-1.6497186791131437,0.8348681317804507,1.2509998877283877,0.16676781730901283,-1.7513348524372072,1.2099960598205917,-0.6475775332438344,-0.14125327883151229,-0.1781057493664113,-0.16568651602362097,1.580191756725731,-0.1474557687191013
0.0,0.0,0.0,1.0,0.0,1.0,0.0,1.0,0.0,0.0,0.0,0.0,0.0,0.0,0.0,0.0,1.0,-0.6457580187771894,-1.8966687393011834,-1.1462643207056655,-0.6100409987106356,0.9258737865415383,-2.022146988961231,-0.6475775332438344,-0.14125327883151229,-0.1781057493664113,-1.3346104465204693,-0.632834588424933,-0.1474557687191013
0.0,1.0,0.0,0.0,0.0,1.0,1.0,0.0,0.0,0.0,0.0,0.0,0.0,0.0,0.0,1.0,0.0,1.0753173989415892,-0.40062700683185765,-0.5102554490803045,1.2348799393360297,-1.085739596961876,-0.4826665320769979,-0.5788781021337256,-0.14125327883151229,-0.1781057493664113,-1.0423794638962574,-0.632834588424933,-0.1474557687191013
0.0,1.0,0.0,0.0,0.0,1.0,0.0,0.0,0.0,0.0,0.0,0.0,1.0,0.0,0.0,0.0,1.0,-0.7891809702537543,0.465060063080168,1.2509998877283877,-0.9984454067204599,-1.8485381199447433,0.8806544695418751,-0.6361276280588162,-0.14125327883151229,-0.1781057493664113,-0.4579174986478331,-0.632834588424933,-0.1474557687191013
0.0,0.0,1.0,0.0,0.0,1.0,0.0,0.0,0.0,0.0,0.0,1.0,0.0,1.0,0.0,0.0,0.0,0.6450485445118945,1.4568180655036533,-0.2656366523013195,0.263868919311469,0.9093986564555152,1.1793596328179201,1.4363052104294618,-0.14125327883151229,-0.1781057493664113,0.41877544922480325,-0.632834588424933,-0.1474557687191013
0.0,1.0,0.0,0.0,0.0,1.0,0.0,1.0,0.0,0.0,0.0,0.0,0.0,0.0,0.0,1.0,0.0,0.9318944474650244,-0.30817498965678697,1.8380849999979516,0.16676781730901283,-1.3806444255016885,0.3368578902444594,-0.5674281969487076,0.7730659742946313,-0.1781057493664113,-0.7501484812720451,-0.632834588424933,0.7659424474334442
1.0,0.0,0.0,0.0,0.0,1.0,0.0,0.0,0.0,0.0,0.0,0.0,1.0,0.0,0.0,1.0,0.0,1.6490092048478489,-0.014009480463380209,0.6639147754588236,-0.3187376927032675,0.9258737865415383,0.27558503623911684,-0.6475775332438344,-0.14125327883151229,-0.1781057493664113,1.2954683970974397,-0.632834588424933,-0.1474557687191013
1.0,0.0,0.0,0.0,0.0,1.0,0.0,0.0,0.0,0.0,1.0,0.0,0.0,0.0,1.0,0.0,0.0,-1.6497186791131437,-0.6191499565183884,0.17467718190085355,0.555172225318837,0.7759501027587284,-0.4060754645703196,-0.6475775332438344,-0.14125327883151229,-0.1781057493664113,1.2954683970974397,-0.632834588424933,-0.1474557687191013
0.0,0.0,0.0,1.0,0.0,1.0,0.0,0.0,0.0,0.0,1.0,0.0,0.0,0.0,0.0,0.0,1.0,-0.07206621287092989,-1.157052601900618,0.17467718190085355,-0.9984454067204599,-1.5140929791984754,-0.8656218696103891,0.23406516600256014,-0.14125327883151229,4.949934889745381,1.5876993797216516,-0.632834588424933,0.03522387451140782
0.0,0.0,1.0,0.0,0.0,1.0,0.0,0.0,0.0,1.0,0.0,0.0,0.0,1.0,0.0,0.0,0.0,0.3582026415587648,1.5576748115128216,-1.1951880800614625,1.1377788373335735,-0.6392635716306514,0.7274723345285187,2.924792884481816,-0.14125327883151229,-0.1781057493664113,-0.16568651602362097,1.580191756725731,-0.1474557687191013
1.0,0.0,0.0,0.0,0.0,1.0,0.0,1.0,0.0,0.0,0.0,0.0,0.0,0.0,0.0,1.0,0.0,1.5055862533712838,0.11206145204807984,-0.4613316897245075,-0.6100409987106356,0.9258737865415383,-0.038438340538264025,-0.6475775332438344,-0.14125327883151229,-0.1781057493664113,1.0032374144732275,-0.632834588424933,-0.1474557687191013
0.0,0.0,0.0,1.0,0.0,1.0,1.0,0.0,0.0,0.0,0.0,0.0,0.0,0.0,0.0,0.0,1.0,-0.07206621287092989,-0.9133154657117952,-1.8801207110426206,-1.095546508722916,0.5864861067694634,-1.746419145937189,0.30276459711266873,-0.14125327883151229,-0.1781057493664113,-1.6268414291446816,-0.632834588424933,-0.1474557687191013
0.0,1.0,0.0,0.0,0.0,1.0,0.0,0.0,1.0,0.0,0.0,0.0,0.0,0.0,1.0,0.0,0.0,-1.362872776160014,-0.6779830583570697,-0.4124079303687105,-0.02743438669589927,-1.2669660279081296,-0.6741442008436934,-0.6475775332438344,-0.14125327883151229,-0.1781057493664113,-1.0423794638962574,1.580191756725731,-0.1474557687191013
0.0,0.0,1.0,0.0,0.0,1.0,0.0,0.0,1.0,0.0,0.0,0.0,0.0,1.0,0.0,0.0,0.0,0.07135673860563499,1.7761977611993525,-1.1462643207056655,0.06966671530655688,0.14824764648125033,0.9342682167965498,2.9476926948518525,-0.14125327883151229,-0.1781057493664113,0.12654446660059115,1.580191756725731,-0.1474557687191013
1.0,0.0,0.0,0.0,0.0,1.0,0.0,0.0,0.0,0.0,0.0,1.0,0.0,0.0,0.0,0.0,1.0,-0.6457580187771894,-0.9889580252186712,0.32144845996824456,-0.5129398967081796,0.9258737865415383,-0.6741442008436934,-0.6475775332438344,-0.14125327883151229,-0.1781057493664113,1.0032374144732275,-0.632834588424933,-0.1474557687191013
1.0,0.0,0.0,0.0,1.0,0.0,0.0,0.0,0.0,0.0,0.0,0.0,1.0,1.0,0.0,0.0,0.0,0.6450485445118945,0.918915420121424,-1.1951880800614625,0.9435766333286616,0.9258737865415383,0.21431218223377418,1.2073071067290995,-0.14125327883151229,-0.1781057493664113,1.0032374144732275,-0.632834588424933,-0.1474557687191013
0.0,1.0,0.0,0.0,0.0,1.0,0.0,1.0,0.0,0.0,0.0,0.0,0.0,0.0,1.0,0.0,0.0,-1.219449824683449,-0.2661513454863003,1.6913137219305607,0.555172225318837,-0.7381143521467897,0.34451699699512733,-0.6475775332438344,0.31590634773155957,-0.1781057493664113,-0.7501484812720451,-0.632834588424933,0.30924333935717147
1.0,0.0,0.0,0.0,0.0,1.0,0.0,1.0,0.0,0.0,0.0,0.0,0.0,0.0,1.0,0.0,0.0,-1.362872776160014,-0.35860336266137094,1.1042286096609966,-1.6781531207376523,-1.09562467501349,0.10708468772442468,-0.6475775332438344,-0.14125327883151229,-0.1781057493664113,1.2954683970974397,-0.632834588424933,-0.1474557687191013
0.0,1.0,0.0,0.0,0.0,1.0,0.0,1.0,0.0,0.0,0.0,0.0,0.0,0.0,0.0,0.0,1.0,-0.2154891643474948,-0.37541282032956574,1.7891612406421546,0.7493744293237493,-1.4168897116909394,0.267925929488449,-0.4185794295434721,3.5160237336730624,-0.1781057493664113,-0.7501484812720451,-0.632834588424933,3.5061370958910802
0.0,0.0,0.0,1.0,0.0,1.0,0.0,0.0,0.0,0.0,0.0,1.0,0.0,0.0,0.0,0.0,1.0,-0.3589121158240597,-2.132001146655909,-0.9505692832824775,1.9145876533532222,0.8995135784039013,-2.121715376719912,-0.13233179991801938,-0.14125327883151229,-0.1781057493664113,-1.3346104465204693,-0.632834588424933,-0.1474557687191013
0.0,1.0,0.0,0.0,0.0,1.0,0.0,0.0,0.0,1.0,0.0,0.0,0.0,1.0,0.0,0.0,0.0,0.21477969008219988,0.6247499109280173,-1.1462643207056655,-0.6100409987106356,0.9258737865415383,0.0075162999657429706,0.646261752663212,-0.14125327883151229,-0.1781057493664113,-0.7501484812720451,1.580191756725731,-0.1474557687191013
0.0,1.0,0.0,0.0,0.0,1.0,0.0,0.0,0.0,0.0,1.0,0.0,0.0,0.0,1.0,0.0,0.0,-1.219449824683449,-0.37541282032956574,-0.2656366523013195,-0.22163659070081138,-0.41684931546934023,-0.3601208240663127,-0.6475775332438344,-0.14125327883151229,-0.1781057493664113,-0.7501484812720451,-0.632834588424933,-0.1474557687191013
0.0,0.0,0.0,1.0,0.0,1.0,1.0,0.0,0.0,0.0,0.0,0.0,0.0,0.0,1.0,0.0,0.0,-1.5062957276365787,-1.5016464840986088,-0.7059504865034925,-0.6100409987106356,-0.009913602344570945,-1.4936686231651506,-0.6475775332438344,-0.14125327883151229,-0.1781057493664113,-1.3346104465204693,-0.632834588424933,-0.1474557687191013
0.0,0.0,0.0,1.0,0.0,1.0,0.0,1.0,0.0,0.0,0.0,0.0,0.0,0.0,0.0,0.0,1.0,-0.7891809702537543,-1.8966687393011834,-1.0973405613498686,-0.22163659070081138,0.9258737865415383,-1.9991696687092273,-0.6475775332438344,-0.14125327883151229,-0.1781057493664113,-1.3346104465204693,-0.632834588424933,-0.1474557687191013
1.0,0.0,0.0,0.0,0.0,1.0,0.0,0.0,0.0,0.0,0.0,1.0,0.0,0.0,0.0,1.0,0.0,1.362163301894719,-0.0056047516292829025,0.8596098128820115,-0.8042432027155477,-1.988576725675939,0.34451699699512733,-0.6475775332438344,-0.14125327883151229,-0.1781057493664113,1.2954683970974397,-0.632834588424933,-0.1474557687191013
0.0,1.0,0.0,0.0,0.0,1.0,0.0,0.0,1.0,0.0,0.0,0.0,0.0,1.0,0.0,0.0,0.0,0.3582026415587648,1.0029627084623973,-2.1736632671774028,2.011688755355678,0.6919269393200109,-0.6588259873423579,3.1194412726271237,-0.14125327883151229,-0.1781057493664113,-0.7501484812720451,1.580191756725731,-0.1474557687191013
1.0,0.0,0.0,0.0,0.0,1.0,0.0,0.0,1.0,0.0,0.0,0.0,0.0,1.0,0.0,0.0,0.0,0.5016255930353297,0.2969654863982213,-1.0973405613498686,0.7493744293237493,-1.0379617197124091,-0.2222569025542918,1.0126587185837914,-0.14125327883151229,-0.1781057493664113,1.2954683970974397,1.580191756725731,-0.1474557687191013
0.0,0.0,1.0,0.0,0.0,1.0,0.0,0.0,0.0,0.0,0.0,0.0,1.0,0.0,0.0,1.0,0.0,1.6490092048478489,1.5240558961764321,-0.4124079303687105,0.06966671530655688,0.9258737865415383,1.1640414193165847,-0.6475775332438344,-0.14125327883151229,-0.1781057493664113,0.41877544922480325,-0.632834588424933,-0.1474557687191013
1.0,0.0,0.0,0.0,0.0,1.0,0.0,1.0,0.0,0.0,0.0,0.0,0.0,0.0,0.0,1.0,0.0,1.362163301894719,0.691987741600796,0.3703722193240416,0.555172225318837,0.9077511434469129,0.788745188533861,-0.6475775332438344,-0.14125327883151229,-0.1781057493664113,0.7110064318490154,-0.632834588424933,-0.1474557687191013
0.0,0.0,0.0,1.0,0.0,1.0,0.0,0.0,0.0,0.0,0.0,0.0,1.0,0.0,1.0,0.0,0.0,-0.9326039217303193,-1.0141722117209633,0.46821973803563555,-1.095546508722916,0.13342002940382958,-0.65116688059169,-0.6475775332438344,-0.14125327883151229,-0.1781057493664113,-1.3346104465204693,-0.632834588424933,-0.1474557687191013
1.0,0.0,0.0,0.0,0.0,1.0,0.0,0.0,0.0,1.0,0.0,0.0,0.0,1.0,0.0,0.0,0.0,0.6450485445118945,-0.07284258230206166,0.32144845996824456,0.16676781730901283,0.9258737865415383,0.11474379447509249,-0.05218246362289261,-0.14125327883151229,-0.1781057493664113,1.0032374144732275,1.580191756725731,-0.1474557687191013
1.0,0.0,0.0,0.0,0.0,1.0,1.0,0.0,0.0,0.0,0.0,0.0,0.0,0.0,0.0,0.0,1.0,-0.6457580187771894,0.6247499109280173,0.8596098128820115,-0.41583879470572344,0.9258737865415383,0.9036317897938787,-0.5788781021337256,-0.14125327883151229,-0.1781057493664113,0.7110064318490154,-0.632834588424933,-0.1474557687191013
0.0,1.0,0.0,0.0,0.0,1.0,0.0,0.0,0.0,0.0,0.0,1.0,0.0,0.0,0.0,0.0,1.0,-0.6457580187771894,-0.7788398043662378,-0.7059504865034925,2.302992061363046,0.9258737865415383,-0.8885991898623926,-0.6246777228737981,-0.14125327883151229,-0.1781057493664113,-1.0423794638962574,-0.632834588424933,-0.1474557687191013
0.0,0.0,1.0,0.0,0.0,1.0,1.0,0.0,0.0,0.0,0.0,0.0,0.0,0.0,0.0,1.0,0.0,1.2187403504181542,1.6081031845174059,-0.31456041165711646,0.555172225318837,0.9258737865415383,1.278928020576602,-0.6246777228737981,-0.14125327883151229,-0.1781057493664113,0.41877544922480325,-0.632834588424933,-0.1474557687191013
0.0,1.0,0.0,0.0,0.0,1.0,1.0,0.0,0.0,0.0,0.0,0.0,0.0,0.0,0.0,0.0,1.0,-0.3589121158240597,-0.6611736006888751,-0.36348417101291347,-0.02743438669589927,0.9258737865415383,-0.6435077738410222,0.5890122267381216,-0.14125327883151229,-0.1781057493664113,-1.0423794638962574,-0.632834588424933,-0.1474557687191013
0.0,0.0,0.0,1.0,0.0,1.0,0.0,0.0,0.0,0.0,1.0,0.0,0.0,1.0,0.0,0.0,0.0,0.3582026415587648,-1.7201694337851396,-0.9994930426382745,1.5261832453433977,0.4612751181156883,-1.8076919999425316,0.6691615630332481,-0.14125327883151229,-0.1781057493664113,-1.6268414291446816,-0.632834588424933,-0.1474557687191013
1.0,0.0,0.0,0.0,0.0,1.0,0.0,0.0,0.0,0.0,1.0,0.0,0.0,0.0,0.0,0.0,1.0,-0.6457580187771894,-0.48467429517283106,1.2999236470841846,-0.3187376927032675,-0.6573862147252768,0.045811833719082096,-0.6475775332438344,-0.14125327883151229,-0.1781057493664113,1.0032374144732275,-0.632834588424933,-0.1474557687191013
0.0,1.0,0.0,0.0,0.0,1.0,0.0,0.0,1.0,0.0,0.0,0.0,0.0,0.0,1.0,0.0,0.0,-1.076026873206884,-0.14008041297484025,0.9574573315936056,0.06966671530655688,-1.7727525215490372,0.25260771598711335,-0.6475775332438344,-0.14125327883151229,-0.1781057493664113,-0.7501484812720451,1.580191756725731,-0.1474557687191013
0.0,0.0,0.0,1.0,0.0,1.0,1.0,0.0,0.0,0.0,0.0,0.0,0.0,0.0,0.0,1.0,0.0,1.2187403504181542,-1.7621930779556263,-1.3419593581288536,-0.3187376927032675,0.9258737865415383,-2.022146988961231,-0.6475775332438344,-0.14125327883151229,-0.1781057493664113,-1.6268414291446816,-0.632834588424933,-0.1474557687191013
0.0,0.0,1.0,0.0,0.0,1.0,0.0,1.0,0.0,0.0,0.0,0.0,0.0,1.0,0.0,0.0,0.0,0.7884714959884594,1.843435591872131,-0.2656366523013195,-0.22163659070081138,0.2965238172554578,1.5010421163459688,1.3905055896893892,-0.14125327883151229,-0.1781057493664113,0.41877544922480325,-0.632834588424933,-0.1474557687191013
0.0,0.0,0.0,1.0,0.0,1.0,0.0,0.0,0.0,1.0,0.0,0.0,0.0,1.0,0.0,0.0,0.0,0.07135673860563499,-1.5100512129327062,-1.6355019142636356,0.8464755313262055,0.8698583442490598,-2.006828775459895,0.5890122267381216,-0.14125327883151229,-0.1781057493664113,1.5876993797216516,1.580191756725731,-0.1474557687191013
0.0,1.0,0.0,0.0,0.0,1.0,0.0,0.0,0.0,1.0,0.0,0.0,0.0,0.0,0.0,0.0,1.0,-0.7891809702537543,-1.0225769405550604,-0.31456041165711646,-0.6100409987106356,0.9258737865415383,-0.9268947236157318,-0.6475775332438344,-0.14125327883151229,-0.1781057493664113,-0.7501484812720451,1.580191756725731,-0.1474557687191013
0.0,1.0,0.0,0.0,0.0,1.0,1.0,0.0,0.0,0.0,0.0,0.0,0.0,0.0,1.0,0.0,0.0,-1.362872776160014,-0.28296080315449507,-1.7333494329752295,-0.3187376927032675,0.9258737865415383,-1.1260314991330953,-0.6475775332438344,-0.14125327883151229,-0.1781057493664113,-0.7501484812720451,-0.632834588424933,-0.1474557687191013
0.0,1.0,0.0,0.0,0.0,1.0,0.0,0.0,0.0,1.0,0.0,0.0,0.0,0.0,1.0,0.0,0.0,-1.362872776160014,-0.535102668177415,1.0553048503051996,1.0406777353311174,-0.15818977311877838,-0.06907476754093532,-0.6475775332438344,-0.14125327883151229,-0.1781057493664113,-0.7501484812720451,1.580191756725731,-0.1474557687191013
0.0,0.0,1.0,0.0,0.0,1.0,0.0,0.0,0.0,0.0,0.0,0.0,1.0,1.0,0.0,0.0,0.0,0.7884714959884594,2.1796247452360245,-0.8527217645708836,0.8464755313262055,0.729819738517864,1.455087475841962,1.44775511561448,-0.14125327883151229,-0.1781057493664113,0.41877544922480325,-0.632834588424933,-0.1474557687191013
0.0,1.0,0.0,0.0,0.0,1.0,0.0,1.0,0.0,0.0,0.0,0.0,0.0,0.0,0.0,0.0,1.0,-0.7891809702537543,-1.0898147712278392,1.8870087593537486,-1.095546508722916,-2.242293729000694,-0.35246171731564485,-0.6475775332438344,-0.14125327883151229,-0.1781057493664113,-0.7501484812720451,-0.632834588424933,-0.1474557687191013
0.0,1.0,0.0,0.0,0.0,1.0,0.0,1.0,0.0,0.0,0.0,0.0,0.0,0.0,0.0,0.0,1.0,-0.2154891643474948,-0.056033124633866886,-1.1951880800614625,-0.5129398967081796,0.8319655450512069,-0.5592575995836762,1.9172012282002224,-0.14125327883151229,-0.1781057493664113,-0.7501484812720451,-0.632834588424933,-0.1474557687191013
0.0,0.0,0.0,1.0,0.0,1.0,0.0,1.0,0.0,0.0,0.0,0.0,0.0,0.0,0.0,0.0,1.0,-0.07206621287092989,-1.3419566362507593,1.2999236470841846,-0.5129398967081796,-1.9688065695727115,-0.7124397345970326,-0.5788781021337256,-0.14125327883151229,12.129191784501892,1.5876993797216516,-0.632834588424933,0.2909753750341205
0.0,0.0,0.0,1.0,0.0,1.0,0.0,1.0,0.0,0.0,0.0,0.0,0.0,0.0,0.0,0.0,1.0,-0.6457580187771894,-1.358766093918954,0.46821973803563555,-0.9013443047180038,-0.034626297473605516,-0.9498720438677353,-0.6475775332438344,-0.14125327883151229,-0.1781057493664113,-1.3346104465204693,-0.632834588424933,-0.1474557687191013
0.0,0.0,1.0,0.0,0.0,1.0,1.0,0.0,0.0,0.0,0.0,0.0,0.0,0.0,1.0,0.0,0.0,-1.219449824683449,0.8012492164440614,0.3703722193240416,-0.22163659070081138,0.9258737865415383,0.8883135762925428,-0.6475775332438344,-0.14125327883151229,-0.1781057493664113,0.12654446660059115,-0.632834588424933,-0.1474557687191013
0.0,0.0,0.0,1.0,0.0,1.0,1.0,0.0,0.0,0.0,0.0,0.0,0.0,1.0,0.0,0.0,0.0,0.7884714959884594,-1.0309816693891578,-0.021017855522334466,-0.1245354886983552,0.9258737865415383,-0.82732633585705,-0.5559782917636894,-0.14125327883151229,-0.1781057493664113,1.5876993797216516,-0.632834588424933,-0.1474557687191013
0.0,0.0,1.0,0.0,0.0,1.0,0.0,0.0,0.0,0.0,1.0,0.0,0.0,0.0,0.0,0.0,1.0,-0.3589121158240597,1.1290336409738575,1.1531523690167935,0.9435766333286616,-1.0264291286521932,1.4397692623406264,0.005067062302197861,-0.14125327883151229,-0.1781057493664113,0.12654446660059115,-0.632834588424933,-0.1474557687191013
1.0,0.0,0.0,0.0,0.0,1.0,0.0,0.0,1.0,0.0,0.0,0.0,0.0,1.0,0.0,0.0,0.0,0.3582026415587648,1.019772166130592,-1.4887306361962445,2.5942953673704148,0.9258737865415383,0.07644826072175336,2.5125962978211636,-0.14125327883151229,-0.1781057493664113,0.7110064318490154,1.580191756725731,-0.1474557687191013
0.0,0.0,0.0,1.0,0.0,1.0,1.0,0.0,0.0,0.0,0.0,0.0,0.0,0.0,0.0,0.0,1.0,-0.2154891643474948,-0.9133154657117952,1.2020761283725907,-0.9013443047180038,-2.005051855761962,-0.35246171731564485,0.4058137437778318,-0.14125327883151229,9.308769432990406,-1.3346104465204693,-0.632834588424933,0.19050157125734052
0.0,0.0,0.0,1.0,0.0,1.0,0.0,0.0,0.0,1.0,0.0,0.0,0.0,0.0,1.0,0.0,0.0,-1.5062957276365787,-1.980716027642157,-0.5102554490803045,1.3319810413384858,0.9258737865415383,-1.8153511066931993,-0.6475775332438344,-0.14125327883151229,-0.1781057493664113,-1.3346104465204693,1.580191756725731,-0.1474557687191013
0.0,1.0,0.0,0.0,0.0,1.0,0.0,0.0,0.0,1.0,0.0,0.0,0.0,0.0,0.0,0.0,1.0,-0.07206621287092989,-0.560316854679707,-1.4398068768404475,0.9435766333286616,0.9258737865415383,-1.1183723923824274,0.38291393340779556,-0.14125327883151229,-0.1781057493664113,-0.7501484812720451,1.580191756725731,-0.1474557687191013
0.0,1.0,0.0,0.0,0.0,1.0,0.0,0.0,0.0,0.0,0.0,0.0,1.0,0.0,1.0,0.0,0.0,-0.9326039217303193,-0.9889580252186712,-0.9016455239266805,0.555172225318837,0.9258737865415383,-1.1566679261357664,-0.6475775332438344,-0.14125327883151229,-0.1781057493664113,-1.0423794638962574,-0.632834588424933,-0.1474557687191013
0.0,0.0,0.0,1.0,0.0,1.0,0.0,0.0,0.0,1.0,0.0,0.0,0.0,0.0,0.0,0.0,1.0,-0.7891809702537543,-1.1402431442324232,1.5445424438631696,-0.8042432027155477,-2.2192285468802617,-0.47500742532633,-0.6475775332438344,2.144544853983847,6.74474911343451,1.5876993797216516,1.580191756725731,2.3826572900234497
0.0,0.0,1.0,0.0,0.0,1.0,0.0,1.0,0.0,0.0,0.0,0.0,0.0,0.0,0.0,1.0,0.0,1.0753173989415892,1.4063896924990695,-0.6570267271476955,-0.22163659070081138,-0.7941297944392681,0.9342682167965498,-0.2811805673232548,-0.14125327883151229,-0.1781057493664113,-0.16568651602362097,-0.632834588424933,-0.1474557687191013
1.0,0.0,0.0,0.0,0.0,1.0,0.0,0.0,1.0,0.0,0.0,0.0,0.0,0.0,0.0,1.0,0.0,1.2187403504181542,-0.8796965503754058,1.3488474064399816,-0.02743438669589927,-1.2554334368479134,-0.2988479700609701,-0.6475775332438344,-0.14125327883151229,8.283161305168047,1.2954683970974397,1.580191756725731,0.15396564261123868
1.0,0.0,0.0,0.0,0.0,1.0,0.0,0.0,0.0,0.0,0.0,1.0,0.0,0.0,1.0,0.0,0.0,-1.076026873206884,0.6163451820939199,1.8870087593537486,0.9435766333286616,-1.2093030726070488,1.1946778463192558,-0.6475775332438344,-0.14125327883151229,-0.1781057493664113,0.7110064318490154,-0.632834588424933,-0.1474557687191013
0.0,1.0,0.0,0.0,0.0,1.0,0.0,0.0,0.0,1.0,0.0,0.0,0.0,0.0,0.0,0.0,1.0,-0.7891809702537543,-0.6191499565183884,-0.21671289294552248,-0.02743438669589927,-0.37895651627148724,-0.5515984928330082,-0.6475775332438344,-0.14125327883151229,-0.1781057493664113,-1.0423794638962574,1.580191756725731,-0.1474557687191013
0.0,0.0,0.0,1.0,0.0,1.0,0.0,0.0,0.0,0.0,1.0,0.0,0.0,0.0,0.0,0.0,1.0,-0.3589121158240597,-1.7621930779556263,-0.4124079303687105,-1.095546508722916,0.6046087498640887,-1.5932370109238325,-0.3842297139884178,-0.14125327883151229,3.9243267619230227,-1.3346104465204693,-0.632834588424933,-0.0013120541346940075
0.0,1.0,0.0,0.0,0.0,1.0,0.0,0.0,0.0,0.0,0.0,0.0,1.0,0.0,0.0,1.0,0.0,1.6490092048478489,0.7508208434394773,1.8870087593537486,-0.8042432027155477,-2.1088451753039075,1.3095644475792731,-0.6475775332438344,-0.14125327883151229,-0.1781057493664113,-0.4579174986478331,-0.632834588424933,-0.1474557687191013
0.0,0.0,0.0,1.0,0.0,1.0,0.0,0.0,0.0,0.0,1.0,0.0,0.0,0.0,0.0,1.0,0.0,1.0753173989415892,-0.8040539908685298,0.07682966318925954,0.9435766333286616,-0.8270800546113142,-0.5975531333370152,-0.6475775332438344,-0.14125327883151229,-0.1781057493664113,-1.3346104465204693,-0.632834588424933,-0.1474557687191013
0.0,0.0,1.0,0.0,0.0,1.0,0.0,0.0,0.0,0.0,1.0,0.0,0.0,1.0,0.0,0.0,0.0,0.21477969008219988,1.263509302319415,0.4192959786798386,-0.6100409987106356,0.5502408205802127,1.3019053408286054,0.9897589082137552,-0.14125327883151229,-0.1781057493664113,0.12654446660059115,-0.632834588424933,-0.1474557687191013
0.0,1.0,0.0,0.0,0.0,1.0,0.0,0.0,0.0,0.0,1.0,0.0,0.0,0.0,0.0,0.0,1.0,-0.6457580187771894,-0.5014837528410258,1.7402374812863577,0.4580711233163813,-1.4267747897425531,0.13772111472709594,-0.6475775332438344,1.230225600857703,-0.1781057493664113,-0.7501484812720451,-0.632834588424933,1.2226415555097168
0.0,0.0,0.0,1.0,0.0,1.0,0.0,0.0,0.0,0.0,0.0,1.0,0.0,1.0,0.0,0.0,0.0,0.5016255930353297,-0.535102668177415,-0.5102554490803045,-0.9013443047180038,-1.0231341026349885,-0.5975531333370152,-0.20103123102812803,-0.14125327883151229,-0.1781057493664113,-1.3346104465204693,-0.632834588424933,-0.1474557687191013
0.0,0.0,0.0,1.0,0.0,1.0,0.0,0.0,0.0,0.0,0.0,0.0,1.0,0.0,1.0,0.0,0.0,-1.362872776160014,-2.1488106043241038,-0.4124079303687105,-0.7071421007130917,0.4678651701500975,-1.922578601202549,-0.6475775332438344,-0.14125327883151229,-0.1781057493664113,-1.3346104465204693,-0.632834588424933,-0.1474557687191013
0.0,0.0,1.0,0.0,0.0,1.0,0.0,0.0,0.0,0.0,0.0,1.0,0.0,0.0,0.0,0.0,1.0,-0.3589121158240597,0.9357248777896187,1.0553048503051996,-0.5129398967081796,0.4447999880296652,1.2406324868232628,0.005067062302197861,-0.14125327883151229,-0.1781057493664113,0.41877544922480325,-0.632834588424933,-0.1474557687191013
0.0,0.0,0.0,1.0,1.0,0.0,0.0,0.0,1.0,0.0,0.0,0.0,0.0,0.0,1.0,0.0,0.0,-1.362872776160014,-1.4175991957576355,-1.3908831174846505,2.108789857358134,0.9258737865415383,-1.7693964661891926,-0.6475775332438344,-0.14125327883151229,-0.1781057493664113,-1.3346104465204693,1.580191756725731,-0.1474557687191013
0.0,0.0,0.0,1.0,0.0,1.0,0.0,0.0,0.0,0.0,0.0,0.0,1.0,1.0,0.0,0.0,0.0,0.5016255930353297,-1.2747188055779806,-1.8801207110426206,0.555172225318837,0.8616207792060483,-2.022146988961231,1.4935547363545523,-0.14125327883151229,-0.1781057493664113,-1.3346104465204693,-0.632834588424933,-0.1474557687191013
0.0,0.0,1.0,0.0,0.0,1.0,0.0,1.0,0.0,0.0,0.0,0.0,0.0,0.0,1.0,0.0,0.0,-1.5062957276365787,1.297128217655804,-0.21671289294552248,-0.6100409987106356,0.9258737865415383,1.0644730315579027,-0.6475775332438344,-0.14125327883151229,-0.1781057493664113,0.12654446660059115,-0.632834588424933,-0.1474557687191013
0.0,0.0,0.0,1.0,0.0,1.0,0.0,0.0,0.0,0.0,0.0,1.0,0.0,0.0,0.0,0.0,1.0,-0.07206621287092989,-1.2747188055779806,-1.4887306361962445,3.0798008773826955,0.7397048165694777,-1.7234418256851853,0.3485642178527412,-0.14125327883151229,-0.1781057493664113,1.5876993797216516,-0.632834588424933,-0.1474557687191013
0.0,1.0,0.0,0.0,0.0,1.0,0.0,0.0,0.0,1.0,0.0,0.0,0.0,0.0,0.0,0.0,1.0,-0.2154891643474948,0.13727563855037175,0.12575342254505653,0.263868919311469,-0.8122524375338934,0.22197128898444207,0.0852163985973247,-0.14125327883151229,-0.1781057493664113,-0.7501484812720451,1.580191756725731,-0.1474557687191013
1.0,0.0,0.0,0.0,0.0,1.0,0.0,0.0,0.0,0.0,0.0,0.0,1.0,0.0,0.0,0.0,1.0,-0.2154891643474948,-0.09805676880435357,1.2509998877283877,-0.8042432027155477,-1.5750509605167606,0.3751534239977985,-0.4185794295434721,-0.14125327883151229,-0.1781057493664113,1.2954683970974397,-0.632834588424933,-0.1474557687191013
0.0,1.0,0.0,0.0,0.0,1.0,0.0,0.0,1.0,0.0,0.0,0.0,0.0,1.0,0.0,0.0,0.0,0.7884714959884594,0.8516775894486454,-2.2715107858889967,1.817486551350766,0.9258737865415383,-0.9268947236157318,1.2874564430242261,-0.14125327883151229,-0.1781057493664113,-0.7501484812720451,1.580191756725731,-0.1474557687191013
0.0,0.0,1.0,0.0,0.0,1.0,1.0,0.0,0.0,0.0,0.0,0.0,0.0,1.0,0.0,0.0,0.0,0.07135673860563499,1.2803187599876096,0.46821973803563555,0.16676781730901283,0.1779028806360918,1.3402008745819447,0.8981596667336106,-0.14125327883151229,-0.1781057493664113,0.12654446660059115,-0.632834588424933,-0.1474557687191013
0.0,1.0,0.0,0.0,0.0,1.0,0.0,0.0,0.0,1.0,0.0,0.0,0.0,0.0,1.0,0.0,0.0,-1.076026873206884,0.40622696124148644,0.027905903833462538,-0.41583879470572344,-0.29163832681556506,0.4134489577511376,-0.6475775332438344,-0.14125327883151229,-0.1781057493664113,-0.4579174986478331,1.580191756725731,-0.1474557687191013
0.0,1.0,0.0,0.0,0.0,1.0,0.0,0.0,0.0,0.0,1.0,0.0,0.0,0.0,0.0,1.0,0.0,1.0753173989415892,0.7760350299417694,1.8380849999979516,0.8464755313262055,-2.0544772460200313,1.324882661080609,-0.6475775332438344,-0.14125327883151229,-0.1781057493664113,-0.4579174986478331,-0.632834588424933,-0.1474557687191013
1.0,0.0,0.0,0.0,0.0,1.0,0.0,0.0,0.0,0.0,1.0,0.0,0.0,0.0,0.0,1.0,0.0,1.362163301894719,0.12046618088217714,-0.4124079303687105,-0.9984454067204599,0.49916791731354127,-0.01546102028626056,-0.6475775332438344,-0.14125327883151229,-0.1781057493664113,1.0032374144732275,-0.632834588424933,-0.1474557687191013
0.0,0.0,0.0,1.0,0.0,1.0,0.0,0.0,0.0,1.0,0.0,0.0,0.0,1.0,0.0,0.0,0.0,0.5016255930353297,-1.3167424497484672,-1.3419593581288536,0.9435766333286616,0.9044561174297082,-1.6621689716798427,0.9096095719186287,-0.14125327883151229,-0.1781057493664113,-1.3346104465204693,1.580191756725731,-0.1474557687191013
0.0,0.0,1.0,0.0,0.0,1.0,0.0,0.0,0.0,0.0,0.0,1.0,0.0,1.0,0.0,0.0,0.0,0.5016255930353297,1.3391518618262908,-0.9994930426382745,1.6232843473458538,-1.1351649872199452,0.6815176940245116,1.779802365980005,-0.14125327883151229,-0.1781057493664113,-0.16568651602362097,-0.632834588424933,-0.1474557687191013
0.0,0.0,0.0,1.0,0.0,1.0,0.0,0.0,0.0,1.0,0.0,0.0,0.0,0.0,1.0,0.0,0.0,-0.9326039217303193,-1.157052601900618,-0.8527217645708836,-0.8042432027155477,0.006561527741452105,-1.2715545273957838,-0.6475775332438344,-0.14125327883151229,-0.1781057493664113,-1.3346104465204693,1.580191756725731,-0.1474557687191013
0.0,0.0,0.0,1.0,0.0,1.0,0.0,0.0,0.0,0.0,0.0,1.0,0.0,0.0,0.0,0.0,1.0,-0.07206621287092989,-1.4260039245917326,-1.6355019142636356,-1.6781531207376523,0.8583257531888437,-1.9378968147038846,-0.6475775332438344,-0.14125327883151229,-0.1781057493664113,1.5876993797216516,-0.632834588424933,-0.1474557687191013
0.0,0.0,1.0,0.0,0.0,1.0,0.0,0.0,1.0,0.0,0.0,0.0,0.0,1.0,0.0,0.0,0.0,0.6450485445118945,1.8938639648767153,-0.9505692832824775,0.9435766333286616,0.9258737865415383,1.1640414193165847,1.4248553052444435,-0.14125327883151229,-0.1781057493664113,0.41877544922480325,1.580191756725731,-0.1474557687191013
0.0,0.0,0.0,1.0,0.0,1.0,0.0,0.0,0.0,1.0,0.0,0.0,0.0,0.0,1.0,0.0,0.0,-1.219449824683449,-1.7453836202874313,-0.4613316897245075,0.06966671530655688,0.22238573186835406,-1.5932370109238325,-0.6475775332438344,-0.14125327883151229,-0.1781057493664113,-1.6268414291446816,1.580191756725731,-0.1474557687191013
1.0,0.0,0.0,0.0,0.0,1.0,0.0,0.0,0.0,1.0,0.0,0.0,0.0,0.0,0.0,1.0,0.0,1.5055862533712838,0.04482362137530108,-0.9994930426382745,-0.22163659070081138,0.9258737865415383,-0.3601208240663127,-0.6475775332438344,-0.14125327883151229,-0.1781057493664113,1.0032374144732275,1.580191756725731,-0.1474557687191013
0.0,0.0,0.0,1.0,1.0,0.0,0.0,0.0,0.0,1.0,0.0,0.0,0.0,1.0,0.0,0.0,0.0,0.07135673860563499,-0.9805532963845739,-0.5591792084361015,2.6913964693728705,-0.08240417472307236,-0.995826684371742,0.6119120371081578,-0.14125327883151229,2.3859145701894855,1.5876993797216516,1.580191756725731,-0.05611594710384673
0.0,0.0,0.0,1.0,0.0,1.0,0.0,0.0,0.0,0.0,0.0,0.0,1.0,1.0,0.0,0.0,0.0,0.5016255930353297,-1.1402431442324232,-1.3908831174846505,0.555172225318837,0.9209312475157313,-1.5472823704198257,-0.13233179991801938,-0.14125327883151229,5.462738953656562,-1.6268414291446816,-0.632834588424933,0.053491838834458745
1.0,0.0,0.0,0.0,0.0,1.0,1.0,0.0,0.0,0.0,0.0,0.0,0.0,1.0,0.0,0.0,0.0,0.5016255930353297,0.34739385940280515,1.8380849999979516,-1.095546508722916,-2.0182319598307807,0.9342682167965498,-0.3498799984333635,3.5160237336730624,-0.1781057493664113,1.0032374144732275,-0.632834588424933,3.5061370958910802
0.0,0.0,1.0,0.0,0.0,1.0,0.0,0.0,0.0,0.0,0.0,0.0,1.0,0.0,1.0,0.0,0.0,-1.076026873206884,0.5070837072506548,1.1531523690167935,-0.22163659070081138,-1.593173603611386,0.8883135762925428,-0.6475775332438344,-0.14125327883151229,-0.1781057493664113,-0.16568651602362097,-0.632834588424933,-0.1474557687191013
0.0,0.0,1.0,0.0,0.0,1.0,1.0,0.0,0.0,0.0,0.0,0.0,0.0,1.0,0.0,0.0,0.0,0.07135673860563499,1.0617958103010787,-0.06994161487813147,0.16676781730901283,0.9258737865415383,0.9342682167965498,2.008800469680367,-0.14125327883151229,-0.1781057493664113,0.12654446660059115,-0.632834588424933,-0.1474557687191013
0.0,0.0,0.0,1.0,0.0,1.0,0.0,0.0,0.0,1.0,0.0,0.0,0.0,0.0,1.0,0.0,0.0,-1.076026873206884,-1.7285741626192368,-0.8037980052150865,0.6522733273212932,0.9225787605243336,-1.7234418256851853,-0.6475775332438344,-0.14125327883151229,-0.1781057493664113,-1.3346104465204693,1.580191756725731,-0.1474557687191013
0.0,1.0,0.0,0.0,0.0,1.0,0.0,1.0,0.0,0.0,0.0,0.0,0.0,0.0,0.0,0.0,1.0,-0.3589121158240597,0.23813238455953986,0.6639147754588236,-1.192647610725372,0.6540341401221579,0.4976991320084838,0.11956611415237905,-0.14125327883151229,-0.1781057493664113,-0.4579174986478331,-0.632834588424933,-0.1474557687191013
0.0,1.0,0.0,0.0,0.0,1.0,0.0,0.0,0.0,1.0,0.0,0.0,0.0,0.0,0.0,0.0,1.0,-0.5023350673006246,-0.014009480463380209,0.27252470061244755,-0.22163659070081138,-1.0873871099704784,0.1453802214777638,-0.5788781021337256,-0.14125327883151229,-0.1781057493664113,-0.7501484812720451,1.580191756725731,-0.1474557687191013
0.0,0.0,0.0,1.0,0.0,1.0,0.0,0.0,0.0,0.0,0.0,1.0,0.0,0.0,0.0,1.0,0.0,1.5055862533712838,-1.2410998902415913,1.2999236470841846,-0.5129398967081796,-0.7117541440091528,-0.6205304535890187,-0.6475775332438344,-0.14125327883151229,8.795965369079227,-1.6268414291446816,-0.632834588424933,0.1722336069342896
0.0,0.0,0.0,1.0,0.0,1.0,0.0,0.0,0.0,0.0,0.0,1.0,0.0,1.0,0.0,0.0,0.0,0.7884714959884594,-0.6611736006888751,-0.021017855522334466,-0.9013443047180038,-1.6080012206888068,-0.5133029590796692,-0.5559782917636894,-0.14125327883151229,-0.1781057493664113,-1.6268414291446816,-0.632834588424933,-0.1474557687191013
1.0,0.0,0.0,0.0,0.0,1.0,1.0,0.0,0.0,0.0,0.0,0.0,0.0,1.0,0.0,0.0,0.0,0.6450485445118945,0.338989130568708,1.8870087593537486,-0.02743438669589927,-1.739802261376991,0.9419273235472178,-0.4758289554685627,5.344662239925349,-0.1781057493664113,1.0032374144732275,-0.632834588424933,5.332933528196172
0.0,0.0,1.0,0.0,0.0,1.0,0.0,0.0,0.0,1.0,0.0,0.0,0.0,0.0,0.0,0.0,1.0,-0.07206621287092989,1.145843098642052,-1.3908831174846505,-0.6100409987106356,0.5667159506662358,0.25260771598711335,2.5927456341162904,-0.14125327883151229,-0.1781057493664113,-0.16568651602362097,1.580191756725731,-0.1474557687191013
0.0,0.0,0.0,1.0,0.0,1.0,0.0,0.0,0.0,0.0,0.0,1.0,0.0,0.0,0.0,1.0,0.0,1.6490092048478489,-1.7285741626192368,-1.0484168019940716,1.3319810413384858,0.9258737865415383,-1.8383284269452027,-0.6475775332438344,-0.14125327883151229,-0.1781057493664113,1.5876993797216516,-0.632834588424933,-0.1474557687191013
0.0,0.0,1.0,0.0,0.0,1.0,0.0,0.0,1.0,0.0,0.0,0.0,0.0,0.0,0.0,1.0,0.0,1.0753173989415892,1.070200539135176,0.17467718190085355,1.5261832453433977,0.9258737865415383,1.0414957113058994,-0.33843009324834533,-0.14125327883151229,-0.1781057493664113,0.41877544922480325,1.580191756725731,-0.1474557687191013
0.0,0.0,1.0,0.0,0.0,1.0,0.0,1.0,0.0,0.0,0.0,0.0,0.0,0.0,0.0,1.0,0.0,0.9318944474650244,0.9861532507942028,1.2020761283725907,-0.9013443047180038,0.8385555970856161,1.3325417678312768,-0.3498799984333635,-0.14125327883151229,-0.1781057493664113,0.41877544922480325,-0.632834588424933,-0.1474557687191013
1.0,0.0,0.0,0.0,0.0,1.0,0.0,1.0,0.0,0.0,0.0,0.0,0.0,0.0,0.0,0.0,1.0,-0.2154891643474948,-0.6695783295229725,0.5660672567472296,-0.5129398967081796,-1.5486907523791238,-0.32948439706364135,0.4172636489628499,-0.14125327883151229,-0.1781057493664113,1.2954683970974397,-0.632834588424933,-0.1474557687191013
0.0,1.0,0.0,0.0,0.0,1.0,0.0,1.0,0.0,0.0,0.0,0.0,0.0,0.0,0.0,1.0,0.0,1.0753173989415892,0.028014163707106472,-1.2441118394172594,-0.5129398967081796,-0.13512459099834612,-0.520962065830337,-0.4758289554685627,-0.14125327883151229,-0.1781057493664113,-0.7501484812720451,-0.632834588424933,-0.1474557687191013
1.0,0.0,0.0,0.0,0.0,1.0,0.0,0.0,0.0,0.0,1.0,0.0,0.0,0.0,0.0,1.0,0.0,1.6490092048478489,-0.18210405714532693,0.27252470061244755,-1.4839509167327403,0.9258737865415383,-0.0001428067849248955,-0.6475775332438344,-0.14125327883151229,-0.1781057493664113,1.0032374144732275,-0.632834588424933,-0.1474557687191013
0.0,0.0,0.0,1.0,0.0,1.0,0.0,0.0,0.0,1.0,0.0,0.0,0.0,1.0,0.0,0.0,0.0,0.6450485445118945,-0.6443641430206805,0.6149910161030265,1.72038544934831,-1.344399139312438,-0.29118886331030225,-0.4185794295434721,-0.14125327883151229,1.103904410411537,1.5876993797216516,1.580191756725731,-0.101785857911474
0.0,1.0,0.0,0.0,0.0,1.0,0.0,0.0,0.0,0.0,1.0,0.0,0.0,0.0,0.0,1.0,0.0,1.5055862533712838,-0.0644378534679642,1.2999236470841846,0.555172225318837,-1.6244763507748297,0.42110806450180555,-0.6475775332438344,-0.14125327883151229,-0.1781057493664113,-0.4579174986478331,-0.632834588424933,-0.1474557687191013
1.0,0.0,0.0,0.0,0.0,1.0,0.0,0.0,0.0,1.0,0.0,0.0,0.0,0.0,0.0,1.0,0.0,0.9318944474650244,1.0870099968033708,-1.1462643207056655,-1.3868498147302841,0.9258737865415383,0.38281253074846644,-0.4185794295434721,-0.14125327883151229,-0.1781057493664113,0.7110064318490154,1.580191756725731,-0.1474557687191013
0.0,0.0,1.0,0.0,0.0,1.0,0.0,0.0,0.0,0.0,0.0,0.0,1.0,0.0,1.0,0.0,0.0,-0.9326039217303193,0.9609390642919108,1.8870087593537486,-1.192647610725372,-1.9918717516931437,1.5010421163459688,-0.6475775332438344,0.31590634773155957,-0.1781057493664113,0.12654446660059115,-0.632834588424933,0.30924333935717147
0.0,1.0,0.0,0.0,0.0,1.0,0.0,0.0,0.0,0.0,0.0,0.0,1.0,0.0,1.0,0.0,0.0,-1.076026873206884,-0.207318243647619,0.9085335722378086,-0.8042432027155477,-1.673901741032899,0.18367575523110294,-0.6475775332438344,-0.14125327883151229,-0.1781057493664113,-1.0423794638962574,-0.632834588424933,-0.1474557687191013
0.0,0.0,1.0,0.0,0.0,1.0,0.0,0.0,0.0,0.0,0.0,1.0,0.0,0.0,0.0,1.0,0.0,0.9318944474650244,1.4484133366695562,-0.11886537423392847,-0.02743438669589927,0.9258737865415383,1.2406324868232628,0.2684148815576145,-0.14125327883151229,-0.1781057493664113,0.41877544922480325,-0.632834588424933,-0.1474557687191013
0.0,1.0,0.0,0.0,0.0,1.0,0.0,1.0,0.0,0.0,0.0,0.0,0.0,0.0,0.0,0.0,1.0,-0.6457580187771894,-0.5519121258456098,1.4466949251515757,-0.3187376927032675,-1.5206830312328845,0.022834513467078568,-0.6475775332438344,-0.14125327883151229,-0.1781057493664113,-1.0423794638962574,-0.632834588424933,-0.1474557687191013
0.0,0.0,0.0,1.0,0.0,1.0,1.0,0.0,0.0,0.0,0.0,0.0,0.0,0.0,0.0,0.0,1.0,-0.5023350673006246,-1.7201694337851396,-0.021017855522334466,0.4580711233163813,0.7314672515264663,-1.4170775556584725,-0.6361276280588162,-0.14125327883151229,-0.1781057493664113,-1.3346104465204693,-0.632834588424933,-0.1474557687191013
0.0,0.0,0.0,1.0,0.0,1.0,1.0,0.0,0.0,0.0,0.0,0.0,0.0,1.0,0.0,0.0,0.0,0.6450485445118945,-0.40062700683185765,0.07682966318925954,0.9435766333286616,-1.7859326256178556,-0.2605524363076309,-0.2353809465831824,-0.14125327883151229,-0.1781057493664113,-1.3346104465204693,-0.632834588424933,-0.1474557687191013
0.0,0.0,0.0,1.0,0.0,1.0,1.0,0.0,0.0,0.0,0.0,0.0,0.0,0.0,1.0,0.0,0.0,-1.6497186791131437,-1.4848370264304138,-0.9994930426382745,-1.5810520187351962,0.18614044567910334,-1.608555224425168,-0.6475775332438344,-0.14125327883151229,-0.1781057493664113,-1.3346104465204693,-0.632834588424933,-0.1474557687191013
0.0,0.0,1.0,0.0,0.0,1.0,0.0,1.0,0.0,0.0,0.0,0.0,0.0,0.0,0.0,1.0,0.0,1.0753173989415892,1.6081031845174059,0.32144845996824456,-0.9013443047180038,0.7512374076296939,1.5623149703513115,-0.5330784813936532,-0.14125327883151229,-0.1781057493664113,0.41877544922480325,-0.632834588424933,-0.1474557687191013
0.0,0.0,1.0,0.0,0.0,1.0,0.0,0.0,0.0,0.0,0.0,0.0,1.0,1.0,0.0,0.0,0.0,0.6450485445118945,1.070200539135176,-0.4124079303687105,-0.02743438669589927,-0.4712172447532163,0.7810860817831934,0.10811620896736095,-0.14125327883151229,-0.1781057493664113,-0.16568651602362097,-0.632834588424933,-0.1474557687191013
0.0,0.0,1.0,0.0,0.0,1.0,0.0,0.0,0.0,1.0,0.0,0.0,0.0,0.0,0.0,0.0,1.0,-0.3589121158240597,1.3475565906603884,0.8596098128820115,0.4580711233163813,-0.6540911887080721,1.539337650099308,0.9325093822886646,-0.14125327883151229,-0.1781057493664113,0.41877544922480325,1.580191756725731,-0.1474557687191013
0.0,0.0,0.0,1.0,0.0,1.0,0.0,0.0,0.0,0.0,0.0,0.0,1.0,0.0,0.0,1.0,0.0,1.6490092048478489,-0.9469343810481845,1.8380849999979516,-0.5129398967081796,-1.1417550392543545,-0.23757511605562745,-0.6475775332438344,-0.14125327883151229,-0.1781057493664113,-1.3346104465204693,-0.632834588424933,-0.1474557687191013
0.0,0.0,1.0,0.0,0.0,1.0,0.0,0.0,0.0,0.0,1.0,0.0,0.0,1.0,0.0,0.0,0.0,0.21477969008219988,1.1878667428125387,0.46821973803563555,0.06966671530655688,0.22568075788555866,1.2559507003245984,0.6119120371081578,-0.14125327883151229,-0.1781057493664113,-0.16568651602362097,-0.632834588424933,-0.1474557687191013
0.0,1.0,0.0,0.0,0.0,1.0,0.0,1.0,0.0,0.0,0.0,0.0,0.0,0.0,0.0,0.0,1.0,-0.3589121158240597,-0.24934188781810568,-0.8037980052150865,-0.9013443047180038,0.7792451287759331,-0.49798474557833355,1.150057580804009,-0.14125327883151229,-0.1781057493664113,-0.7501484812720451,-0.632834588424933,-0.1474557687191013
0.0,0.0,1.0,0.0,0.0,1.0,1.0,0.0,0.0,0.0,0.0,0.0,0.0,0.0,1.0,0.0,0.0,-1.219449824683449,0.9861532507942028,1.3977711657957785,0.4580711233163813,-0.25045050160050747,1.3861555150859515,-0.6475775332438344,0.7730659742946313,-0.1781057493664113,0.41877544922480325,-0.632834588424933,0.7659424474334442
0.0,0.0,0.0,1.0,0.0,1.0,0.0,0.0,0.0,1.0,0.0,0.0,0.0,1.0,0.0,0.0,0.0,0.07135673860563499,-1.7958119932920156,-1.2930355987730566,0.06966671530655688,-0.23562288452308672,-2.022146988961231,1.6309535985747694,-0.14125327883151229,-0.1781057493664113,-1.3346104465204693,1.580191756725731,-0.1474557687191013
0.0,1.0,0.0,0.0,0.0,1.0,0.0,0.0,1.0,0.0,0.0,0.0,0.0,1.0,0.0,0.0,0.0,0.3582026415587648,0.691987741600796,-1.6355019142636356,2.011688755355678,0.7347622775436708,-0.2988479700609701,3.0392919363319977,-0.14125327883151229,-0.1781057493664113,-0.7501484812720451,1.580191756725731,-0.1474557687191013
0.0,0.0,1.0,0.0,0.0,1.0,0.0,0.0,0.0,1.0,0.0,0.0,0.0,0.0,0.0,0.0,1.0,-0.7891809702537543,0.8432728606145482,0.27252470061244755,-1.095546508722916,0.9258737865415383,0.8883135762925428,-0.6475775332438344,-0.14125327883151229,-0.1781057493664113,0.41877544922480325,1.580191756725731,-0.1474557687191013
0.0,0.0,1.0,0.0,0.0,1.0,0.0,0.0,1.0,0.0,0.0,0.0,0.0,1.0,0.0,0.0,0.0,0.6450485445118945,1.2803187599876096,-0.8527217645708836,0.8464755313262055,0.6820418612683972,0.7198132277778507,2.306498004490838,-0.14125327883151229,-0.1781057493664113,-0.16568651602362097,1.580191756725731,-0.1474557687191013
0.0,0.0,1.0,0.0,0.0,1.0,0.0,0.0,0.0,0.0,0.0,1.0,0.0,0.0,1.0,0.0,0.0,-1.219449824683449,0.8264634029463532,1.6913137219305607,-1.095546508722916,0.9258737865415383,1.3325417678312768,-0.6475775332438344,-0.14125327883151229,-0.1781057493664113,0.41877544922480325,-0.632834588424933,-0.1474557687191013
0.0,0.0,1.0,0.0,0.0,1.0,1.0,0.0,0.0,0.0,0.0,0.0,0.0,0.0,1.0,0.0,0.0,-0.9326039217303193,0.7340113857712828,-0.16778913358972547,0.16676781730901283,0.9258737865415383,0.6125857332685012,-0.6475775332438344,-0.14125327883151229,-0.1781057493664113,0.41877544922480325,-0.632834588424933,-0.1474557687191013
0.0,1.0,0.0,0.0,0.0,1.0,0.0,0.0,1.0,0.0,0.0,0.0,0.0,1.0,0.0,0.0,0.0,0.07135673860563499,0.9441296066237161,-2.1736632671774028,1.5261832453433977,0.43326739696944905,-0.7047806278463649,3.0049422207769427,-0.14125327883151229,-0.1781057493664113,-0.7501484812720451,1.580191756725731,-0.1474557687191013
0.0,1.0,0.0,0.0,0.0,1.0,0.0,0.0,0.0,0.0,1.0,0.0,0.0,0.0,1.0,0.0,0.0,-1.219449824683449,-0.14848514180893754,0.3703722193240416,-0.7071421007130917,0.11200236029199961,0.06113004722041769,-0.6475775332438344,-0.14125327883151229,-0.1781057493664113,-0.7501484812720451,-0.632834588424933,-0.1474557687191013
1.0,0.0,0.0,0.0,0.0,1.0,0.0,0.0,0.0,0.0,1.0,0.0,0.0,1.0,0.0,0.0,0.0,0.6450485445118945,0.8852965047850349,-1.3419593581288536,-0.6100409987106356,0.9258737865415383,0.08410736747242123,0.9210594771036468,-0.14125327883151229,-0.1781057493664113,0.7110064318490154,-0.632834588424933,-0.1474557687191013
0.0,1.0,0.0,0.0,0.0,1.0,1.0,0.0,0.0,0.0,0.0,0.0,0.0,0.0,0.0,1.0,0.0,1.5055862533712838,0.4314411477437785,-0.31456041165711646,-0.41583879470572344,-1.021486589626386,0.29090324974045245,-0.6475775332438344,-0.14125327883151229,-0.1781057493664113,-0.7501484812720451,-0.632834588424933,-0.1474557687191013
0.0,0.0,0.0,1.0,0.0,1.0,0.0,0.0,1.0,0.0,0.0,0.0,0.0,0.0,0.0,0.0,1.0,-0.6457580187771894,-1.157052601900618,1.0063810909494026,-0.9984454067204599,-1.9424463614350747,-0.6205304535890187,-0.6475775332438344,-0.14125327883151229,-0.1781057493664113,1.5876993797216516,1.580191756725731,-0.1474557687191013
0.0,0.0,1.0,0.0,0.0,1.0,0.0,0.0,1.0,0.0,0.0,0.0,0.0,0.0,0.0,0.0,1.0,-0.6457580187771894,0.9945579796283,1.1042286096609966,-1.3868498147302841,-0.24550796257470053,1.3095644475792731,-0.3727798088033997,-0.14125327883151229,-0.1781057493664113,0.12654446660059115,1.580191756725731,-0.1474557687191013
0.0,0.0,0.0,1.0,0.0,1.0,0.0,0.0,0.0,0.0,0.0,1.0,0.0,0.0,0.0,0.0,1.0,-0.5023350673006246,-1.2747188055779806,0.6149910161030265,-0.02743438669589927,-1.3641692954156657,-0.8349854426077179,-0.5788781021337256,-0.14125327883151229,-0.1781057493664113,-1.3346104465204693,-0.632834588424933,-0.1474557687191013
0.0,0.0,1.0,0.0,0.0,1.0,0.0,0.0,1.0,0.0,0.0,0.0,0.0,0.0,0.0,1.0,0.0,1.0753173989415892,1.7089599305265735,-0.36348417101291347,0.8464755313262055,0.9258737865415383,1.3402008745819447,0.027966872672234102,-0.14125327883151229,-0.1781057493664113,0.12654446660059115,1.580191756725731,-0.1474557687191013
0.0,0.0,0.0,1.0,0.0,1.0,0.0,1.0,0.0,0.0,0.0,0.0,0.0,1.0,0.0,0.0,0.0,0.07135673860563499,-0.7031972448593619,-0.7548742458592895,0.36097002131392514,-0.5058150179338647,-0.8503036561090535,0.9325093822886646,-0.14125327883151229,-0.1781057493664113,-1.3346104465204693,-0.632834588424933,-0.1474557687191013
0.0,0.0,1.0,0.0,0.0,1.0,0.0,0.0,0.0,1.0,0.0,0.0,0.0,0.0,0.0,0.0,1.0,-0.6457580187771894,1.1626525563102468,0.5171434973914326,-0.9013443047180038,0.8599732661974461,1.2559507003245984,-0.3155302828783092,-0.14125327883151229,-0.1781057493664113,0.12654446660059115,1.580191756725731,-0.1474557687191013
0.0,1.0,0.0,0.0,0.0,1.0,0.0,1.0,0.0,0.0,0.0,0.0,0.0,1.0,0.0,0.0,0.0,0.07135673860563499,1.1122241833056628,-0.7059504865034925,0.06966671530655688,0.9258737865415383,0.666199480523176,3.062191746702033,-0.14125327883151229,-0.1781057493664113,-0.4579174986478331,-0.632834588424933,-0.1474557687191013
0.0,0.0,1.0,0.0,0.0,1.0,1.0,0.0,0.0,0.0,0.0,0.0,0.0,0.0,0.0,0.0,1.0,-0.5023350673006246,0.7424161146053799,-0.021017855522334466,-0.5129398967081796,-1.0989197010306946,0.6815176940245116,0.8294602356235019,-0.14125327883151229,-0.1781057493664113,-0.16568651602362097,-0.632834588424933,-0.1474557687191013
0.0,1.0,0.0,0.0,0.0,1.0,0.0,0.0,0.0,0.0,1.0,0.0,0.0,0.0,0.0,0.0,1.0,-0.6457580187771894,0.10365672321398253,1.8870087593537486,-1.3868498147302841,-2.057772272037236,0.7274723345285187,-0.6475775332438344,-0.14125327883151229,-0.1781057493664113,-1.0423794638962574,-0.632834588424933,-0.1474557687191013
0.0,0.0,1.0,0.0,0.0,1.0,1.0,0.0,0.0,0.0,0.0,0.0,0.0,0.0,0.0,0.0,1.0,-0.07206621287092989,1.5576748115128216,-0.21671289294552248,-0.41583879470572344,-0.7381143521467897,1.28658712732727,2.6041955393013083,-0.14125327883151229,-0.1781057493664113,0.12654446660059115,-0.632834588424933,-0.1474557687191013
0.0,0.0,1.0,0.0,0.0,1.0,0.0,1.0,0.0,0.0,0.0,0.0,0.0,0.0,0.0,0.0,1.0,-0.3589121158240597,1.5072464385082376,-0.16778913358972547,-0.22163659070081138,0.8352605710684115,1.2636098070752664,0.65771165784823,-0.14125327883151229,-0.1781057493664113,0.12654446660059115,-0.632834588424933,-0.1474557687191013
0.0,1.0,0.0,0.0,0.0,1.0,0.0,1.0,0.0,0.0,0.0,0.0,0.0,0.0,0.0,0.0,1.0,-0.5023350673006246,-0.48467429517283106,1.2509998877283877,0.4580711233163813,-1.0297241546693976,0.03049362021774643,-0.5903280073187437,-0.14125327883151229,-0.1781057493664113,-1.0423794638962574,-0.632834588424933,-0.1474557687191013
1.0,0.0,0.0,0.0,0.0,1.0,0.0,0.0,0.0,0.0,0.0,0.0,1.0,0.0,0.0,0.0,1.0,-0.3589121158240597,-0.560316854679707,-0.2656366523013195,-0.9984454067204599,0.07905210011995352,-0.520962065830337,-0.40712952435845406,-0.14125327883151229,-0.1781057493664113,1.2954683970974397,-0.632834588424933,-0.1474557687191013
0.0,1.0,0.0,0.0,0.0,1.0,1.0,0.0,0.0,0.0,0.0,0.0,0.0,0.0,0.0,0.0,1.0,-0.07206621287092989,0.439845876577876,-0.11886537423392847,-0.3187376927032675,-1.5140929791984754,0.38281253074846644,2.249248478565747,-0.14125327883151229,-0.1781057493664113,-0.4579174986478331,-0.632834588424933,-0.1474557687191013
0.0,0.0,0.0,1.0,0.0,1.0,0.0,0.0,0.0,0.0,0.0,0.0,1.0,0.0,0.0,0.0,1.0,-0.7891809702537543,-2.2076437061627847,-0.4124079303687105,-1.192647610725372,0.7166396344490455,-1.9685332417065557,-0.6475775332438344,-0.14125327883151229,-0.1781057493664113,-1.3346104465204693,-0.632834588424933,-0.1474557687191013
0.0,1.0,0.0,0.0,0.0,1.0,0.0,0.0,0.0,0.0,0.0,0.0,1.0,0.0,0.0,0.0,1.0,-0.07206621287092989,0.4146316900755839,1.2999236470841846,-0.6100409987106356,-1.6920243841275242,0.8500180425392037,-0.13233179991801938,-0.14125327883151229,-0.1781057493664113,-0.4579174986478331,-0.632834588424933,-0.1474557687191013
1.0,0.0,0.0,0.0,0.0,1.0,0.0,0.0,0.0,0.0,1.0,0.0,0.0,0.0,0.0,0.0,1.0,-0.3589121158240597,0.38941750357329186,-0.5102554490803045,-0.22163659070081138,0.9258737865415383,0.16835754172976727,0.84091014080852,-0.14125327883151229,-0.1781057493664113,0.7110064318490154,-0.632834588424933,-0.1474557687191013
0.0,0.0,0.0,1.0,1.0,0.0,0.0,0.0,0.0,1.0,0.0,0.0,0.0,0.0,0.0,1.0,0.0,1.0753173989415892,-1.005767482886866,0.46821973803563555,2.5942953673704148,-1.2241306896844697,-0.6435077738410222,-0.6475775332438344,-0.14125327883151229,-0.1781057493664113,1.5876993797216516,1.580191756725731,-0.1474557687191013
0.0,1.0,0.0,0.0,0.0,1.0,0.0,1.0,0.0,0.0,0.0,0.0,0.0,1.0,0.0,0.0,0.0,0.7884714959884594,0.338989130568708,-1.3419593581288536,1.5261832453433977,-0.5980757464155938,-0.3371435038143092,0.8752598563635743,-0.14125327883151229,-0.1781057493664113,-1.0423794638962574,-0.632834588424933,-0.1474557687191013
0.0,0.0,1.0,0.0,1.0,0.0,0.0,0.0,0.0,0.0,0.0,0.0,1.0,0.0,1.0,0.0,0.0,-1.5062957276365787,1.389580234830875,0.5171434973914326,-1.2897487127278282,0.8303180320426046,1.455087475841962,-0.6475775332438344,-0.14125327883151229,-0.1781057493664113,0.41877544922480325,-0.632834588424933,-0.1474557687191013
0.0,1.0,0.0,0.0,0.0,1.0,0.0,0.0,0.0,0.0,0.0,0.0,1.0,0.0,1.0,0.0,0.0,-1.219449824683449,0.10365672321398253,1.8870087593537486,-0.5129398967081796,-1.9935192647017461,0.7274723345285187,-0.6475775332438344,6.258981493051493,-0.1781057493664113,-0.7501484812720451,-0.632834588424933,6.246331744348717
0.0,1.0,0.0,0.0,0.0,1.0,1.0,0.0,0.0,0.0,0.0,0.0,0.0,0.0,1.0,0.0,0.0,-1.362872776160014,-0.19050878597942422,0.6639147754588236,-1.2897487127278282,-1.3163914181661986,0.12240290122576035,-0.6475775332438344,-0.14125327883151229,-0.1781057493664113,-1.0423794638962574,-0.632834588424933,-0.1474557687191013
0.0,1.0,0.0,0.0,0.0,1.0,0.0,1.0,0.0,0.0,0.0,0.0,0.0,0.0,0.0,1.0,0.0,1.5055862533712838,-0.29136553198859233,-0.8527217645708836,-1.192647610725372,-0.016503654378980163,-0.5592575995836762,-0.6475775332438344,-0.14125327883151229,-0.1781057493664113,-0.7501484812720451,-0.632834588424933,-0.1474557687191013
0.0,0.0,0.0,1.0,0.0,1.0,0.0,1.0,0.0,0.0,0.0,0.0,0.0,1.0,0.0,0.0,0.0,0.7884714959884594,-0.5519121258456098,-0.9016455239266805,-0.9013443047180038,-1.0445517717468185,-0.7966899088543787,-0.3842297139884178,-0.14125327883151229,-0.1781057493664113,-1.6268414291446816,-0.632834588424933,-0.1474557687191013
1.0,0.0,0.0,0.0,0.0,1.0,0.0,1.0,0.0,0.0,0.0,0.0,0.0,0.0,1.0,0.0,0.0,-1.6497186791131437,0.9777485219601053,0.4192959786798386,-0.5129398967081796,0.9258737865415383,1.0568139248072352,-0.6475775332438344,-0.14125327883151229,-0.1781057493664113,0.7110064318490154,-0.632834588424933,-0.1474557687191013
0.0,1.0,0.0,0.0,0.0,1.0,0.0,0.0,0.0,0.0,0.0,0.0,1.0,0.0,1.0,0.0,0.0,-1.362872776160014,0.9105106912873266,0.5171434973914326,-1.3868498147302841,-1.4943228230952477,1.0338366045552316,-0.6475775332438344,0.041610571793716446,-0.1781057493664113,-0.4579174986478331,-0.632834588424933,0.03522387451140782
0.0,0.0,0.0,1.0,0.0,1.0,1.0,0.0,0.0,0.0,0.0,0.0,0.0,0.0,0.0,0.0,1.0,-0.5023350673006246,-1.6865505184487501,0.027905903833462538,-0.9013443047180038,0.19932054974792177,-1.3711229151544657,-0.6361276280588162,-0.14125327883151229,-0.1781057493664113,1.5876993797216516,-0.632834588424933,-0.1474557687191013
0.0,0.0,0.0,1.0,0.0,1.0,0.0,0.0,0.0,0.0,0.0,0.0,1.0,0.0,0.0,1.0,0.0,0.9318944474650244,-0.6611736006888751,0.17467718190085355,1.1377788373335735,-1.5404531873361123,-0.44437099832365873,-0.6361276280588162,-0.14125327883151229,-0.1781057493664113,-1.6268414291446816,-0.632834588424933,-0.1474557687191013
0.0,0.0,0.0,1.0,0.0,1.0,0.0,0.0,0.0,1.0,0.0,0.0,0.0,0.0,1.0,0.0,0.0,-1.076026873206884,-1.4428133822599272,-1.5376543955520416,-1.095546508722916,0.9258737865415383,-1.88428306744921,-0.6475775332438344,-0.14125327883151229,-0.1781057493664113,-1.3346104465204693,1.580191756725731,-0.1474557687191013
0.0,1.0,0.0,0.0,0.0,1.0,0.0,1.0,0.0,0.0,0.0,0.0,0.0,0.0,1.0,0.0,0.0,-1.6497186791131437,0.13727563855037175,-0.21671289294552248,-0.41583879470572344,-1.1862378904866167,0.08410736747242123,-0.6475775332438344,-0.14125327883151229,-0.1781057493664113,-0.7501484812720451,-0.632834588424933,-0.1474557687191013
0.0,0.0,1.0,0.0,0.0,1.0,1.0,0.0,0.0,0.0,0.0,0.0,0.0,0.0,0.0,0.0,1.0,-0.07206621287092989,0.9861532507942028,0.7617622941704176,0.06966671530655688,-1.308153853123187,1.187018739568588,0.966859097843719,-0.14125327883151229,-0.1781057493664113,-0.16568651602362097,-0.632834588424933,-0.1474557687191013
0.0,0.0,1.0,0.0,0.0,1.0,0.0,0.0,0.0,0.0,0.0,1.0,0.0,0.0,1.0,0.0,0.0,-1.219449824683449,1.2214856581489282,0.5171434973914326,-0.8042432027155477,0.9258737865415383,1.3019053408286054,-0.6475775332438344,-0.14125327883151229,-0.1781057493664113,0.41877544922480325,-0.632834588424933,-0.1474557687191013
0.0,1.0,0.0,0.0,0.0,1.0,0.0,1.0,0.0,0.0,0.0,0.0,0.0,0.0,0.0,0.0,1.0,-0.07206621287092989,0.4566553342460706,0.12575342254505653,-0.1245354886983552,-0.22573780647147287,0.4976991320084838,0.44016345933288603,-0.14125327883151229,-0.1781057493664113,-0.7501484812720451,-0.632834588424933,-0.1474557687191013
0.0,0.0,1.0,0.0,0.0,1.0,0.0,0.0,0.0,1.0,0.0,0.0,0.0,1.0,0.0,0.0,0.0,0.7884714959884594,1.0533910814669816,-0.021017855522334466,1.5261832453433977,-0.9440534782220779,0.9495864302978855,0.10811620896736095,-0.14125327883151229,-0.1781057493664113,-0.16568651602362097,1.580191756725731,-0.1474557687191013
0.0,1.0,0.0,0.0,0.0,1.0,0.0,0.0,0.0,0.0,1.0,0.0,0.0,0.0,0.0,0.0,1.0,-0.6457580187771894,0.1540850962185665,0.6149910161030265,-0.8042432027155477,-1.2966212620629711,0.4057898510004698,-0.10943198954798321,-0.14125327883151229,-0.1781057493664113,-0.4579174986478331,-0.632834588424933,-0.1474557687191013
0.0,1.0,0.0,0.0,0.0,1.0,0.0,1.0,0.0,0.0,0.0,0.0,0.0,0.0,1.0,0.0,0.0,-1.076026873206884,0.12887090971627443,-0.06994161487813147,-0.5129398967081796,-1.5536332914049307,0.13772111472709594,-0.6475775332438344,-0.14125327883151229,-0.1781057493664113,-0.7501484812720451,-0.632834588424933,-0.1474557687191013
0.0,0.0,0.0,1.0,0.0,1.0,0.0,0.0,0.0,0.0,0.0,1.0,0.0,1.0,0.0,0.0,0.0,0.6450485445118945,-0.6695783295229725,-2.0268919891100117,1.6232843473458538,0.9258737865415383,-1.70812361218385,0.7264110889583387,-0.14125327883151229,-0.1781057493664113,-1.3346104465204693,-0.632834588424933,-0.1474557687191013
0.0,1.0,0.0,0.0,1.0,0.0,0.0,0.0,0.0,0.0,0.0,1.0,0.0,0.0,0.0,0.0,1.0,-0.2154891643474948,0.7676303011076719,0.12575342254505653,-0.5129398967081796,-1.4943228230952477,0.7657678682818577,1.3218061585792804,-0.14125327883151229,-0.1781057493664113,-0.4579174986478331,-0.632834588424933,-0.1474557687191013
0.0,0.0,0.0,1.0,0.0,1.0,1.0,0.0,0.0,0.0,0.0,0.0,0.0,0.0,1.0,0.0,0.0,-1.5062957276365787,-1.535265399434998,-0.11886537423392847,-0.8042432027155477,0.881390935309276,-1.2945318476477874,-0.6475775332438344,-0.14125327883151229,-0.1781057493664113,-1.3346104465204693,-0.632834588424933,-0.1474557687191013
0.0,1.0,0.0,0.0,0.0,1.0,0.0,1.0,0.0,0.0,0.0,0.0,0.0,0.0,0.0,1.0,0.0,1.6490092048478489,0.40622696124148644,1.0063810909494026,-1.2897487127278282,-1.837005528884527,0.750449654780522,-0.6475775332438344,-0.14125327883151229,-0.1781057493664113,-0.7501484812720451,-0.632834588424933,-0.1474557687191013
0.0,1.0,0.0,0.0,0.0,1.0,0.0,0.0,0.0,0.0,1.0,0.0,0.0,1.0,0.0,0.0,0.0,0.21477969008219988,0.6331546397621147,-1.3908831174846505,0.6522733273212932,-0.6425585976478561,-0.1533249417982814,2.4095471511560005,-0.14125327883151229,-0.1781057493664113,-0.7501484812720451,-0.632834588424933,-0.1474557687191013
0.0,1.0,0.0,0.0,0.0,1.0,0.0,0.0,0.0,0.0,0.0,1.0,0.0,1.0,0.0,0.0,0.0,0.07135673860563499,0.8432728606145482,0.27252470061244755,0.8464755313262055,-0.3097609699101904,0.8883135762925428,0.8981596667336106,-0.14125327883151229,-0.1781057493664113,-0.4579174986478331,-0.632834588424933,-0.1474557687191013
0.0,0.0,1.0,0.0,0.0,1.0,1.0,0.0,0.0,0.0,0.0,0.0,0.0,0.0,1.0,0.0,0.0,-0.9326039217303193,1.0954147256374682,1.2020761283725907,-1.3868498147302841,0.29487630424685546,1.4244510488392905,-0.6475775332438344,-0.14125327883151229,-0.1781057493664113,0.41877544922480325,-0.632834588424933,-0.1474557687191013
0.0,0.0,0.0,1.0,0.0,1.0,0.0,1.0,0.0,0.0,0.0,0.0,0.0,0.0,0.0,0.0,1.0,-0.7891809702537543,-0.6863877871911671,1.2020761283725907,1.2348799393360297,-1.41029965965653,-0.1609840485489492,-0.6475775332438344,-0.14125327883151229,-0.1781057493664113,-1.6268414291446816,-0.632834588424933,-0.1474557687191013
0.0,1.0,0.0,0.0,0.0,1.0,0.0,0.0,0.0,1.0,0.0,0.0,0.0,1.0,0.0,0.0,0.0,0.21477969008219988,0.12887090971627443,-0.9994930426382745,0.16676781730901283,-1.8501856329533455,-0.2988479700609701,2.5011463926361457,-0.14125327883151229,-0.1781057493664113,-1.0423794638962574,1.580191756725731,-0.1474557687191013
1.0,0.0,0.0,0.0,0.0,1.0,0.0,0.0,0.0,0.0,1.0,0.0,0.0,0.0,0.0,0.0,1.0,-0.2154891643474948,0.8096539452781586,0.12575342254505653,-0.8042432027155477,0.9258737865415383,0.7964042952845289,0.2913146919276506,-0.14125327883151229,-0.1781057493664113,0.7110064318490154,-0.632834588424933,-0.1474557687191013
1.0,0.0,0.0,0.0,0.0,1.0,0.0,0.0,0.0,0.0,0.0,1.0,0.0,0.0,0.0,0.0,1.0,-0.6457580187771894,0.3221796729005131,-0.16778913358972547,-0.3187376927032675,0.9258737865415383,0.2602668227377812,-0.5674281969487076,-0.14125327883151229,-0.1781057493664113,0.7110064318490154,-0.632834588424933,-0.1474557687191013
0.0,0.0,0.0,1.0,0.0,1.0,1.0,0.0,0.0,0.0,0.0,0.0,0.0,0.0,0.0,1.0,0.0,1.6490092048478489,-1.207480974905202,0.07682966318925954,0.7493744293237493,-1.064321927850046,-0.9422129371170673,-0.6475775332438344,-0.14125327883151229,-0.1781057493664113,1.5876993797216516,-0.632834588424933,-0.1474557687191013
0.0,1.0,0.0,0.0,0.0,1.0,0.0,0.0,0.0,0.0,0.0,1.0,0.0,0.0,1.0,0.0,0.0,-1.6497186791131437,-0.5687215835138044,-0.8037980052150865,1.5261832453433977,0.9258737865415383,-0.7583943751010396,-0.6475775332438344,-0.14125327883151229,-0.1781057493664113,-1.0423794638962574,-0.632834588424933,-0.1474557687191013
0.0,1.0,0.0,0.0,0.0,1.0,0.0,0.0,0.0,0.0,0.0,1.0,0.0,0.0,1.0,0.0,0.0,-1.362872776160014,0.2045134692231505,0.32144845996824456,-0.41583879470572344,0.8484406751372299,0.3521761037457951,-0.6475775332438344,-0.14125327883151229,-0.1781057493664113,-0.4579174986478331,-0.632834588424933,-0.1474557687191013
0.0,1.0,0.0,0.0,0.0,1.0,1.0,0.0,0.0,0.0,0.0,0.0,0.0,0.0,0.0,0.0,1.0,-0.3589121158240597,0.011204706038911709,-1.7822731923310267,-0.6100409987106356,0.9258737865415383,-0.9422129371170673,0.4172636489628499,-0.14125327883151229,-0.1781057493664113,-0.7501484812720451,-0.632834588424933,-0.1474557687191013
0.0,1.0,0.0,0.0,0.0,1.0,0.0,0.0,0.0,0.0,0.0,1.0,0.0,0.0,0.0,1.0,0.0,1.362163301894719,0.028014163707106472,0.7128385348146206,-0.22163659070081138,-1.8337105028673224,0.32919878349379156,-0.6475775332438344,-0.14125327883151229,-0.1781057493664113,-1.0423794638962574,-0.632834588424933,-0.1474557687191013
0.0,0.0,1.0,0.0,0.0,1.0,0.0,0.0,1.0,0.0,0.0,0.0,0.0,1.0,0.0,0.0,0.0,0.3582026415587648,1.4316038790013617,-1.1462643207056655,-0.3187376927032675,0.23886086195437709,0.6585403737725081,2.249248478565747,-0.14125327883151229,-0.1781057493664113,-0.16568651602362097,1.580191756725731,-0.1474557687191013
0.0,1.0,0.0,0.0,0.0,1.0,0.0,0.0,0.0,0.0,0.0,1.0,0.0,0.0,0.0,0.0,1.0,-0.5023350673006246,-0.736816160195751,-0.7548742458592895,2.4000931633655025,0.9258737865415383,-0.8809400831117248,-0.22393104139816428,-0.14125327883151229,-0.1781057493664113,-1.0423794638962574,-0.632834588424933,-0.1474557687191013
0.0,0.0,0.0,1.0,0.0,1.0,0.0,0.0,0.0,0.0,0.0,1.0,0.0,0.0,0.0,1.0,0.0,1.0753173989415892,-1.4764322975963167,-0.06994161487813147,-1.095546508722916,0.9258737865415383,-1.2255998868917768,-0.6475775332438344,-0.14125327883151229,-0.1781057493664113,-1.6268414291446816,-0.632834588424933,-0.1474557687191013
1.0,0.0,0.0,0.0,0.0,1.0,0.0,0.0,0.0,0.0,0.0,0.0,1.0,1.0,0.0,0.0,0.0,0.21477969008219988,0.38941750357329186,-1.6355019142636356,0.36097002131392514,0.789130206827547,-0.5286211725810048,2.191998952640657,-0.14125327883151229,-0.1781057493664113,1.0032374144732275,-0.632834588424933,-0.1474557687191013
0.0,0.0,0.0,1.0,1.0,0.0,0.0,0.0,0.0,1.0,0.0,0.0,0.0,0.0,1.0,0.0,0.0,-1.5062957276365787,-0.6275546853524858,0.9574573315936056,-1.192647610725372,-2.0445921679684176,-0.17630226205028487,-0.6475775332438344,-0.14125327883151229,-0.1781057493664113,1.5876993797216516,1.580191756725731,-0.1474557687191013
0.0,0.0,0.0,1.0,0.0,1.0,0.0,0.0,0.0,0.0,1.0,0.0,0.0,0.0,1.0,0.0,0.0,-1.076026873206884,-0.8208634485367244,1.0553048503051996,0.36097002131392514,-1.9869292126673368,-0.3218252903129736,-0.6475775332438344,-0.14125327883151229,-0.1781057493664113,-1.6268414291446816,-0.632834588424933,-0.1474557687191013
0.0,0.0,1.0,0.0,0.0,1.0,0.0,0.0,0.0,0.0,1.0,0.0,0.0,1.0,0.0,0.0,0.0,0.6450485445118945,1.3643660483285829,-0.8527217645708836,0.263868919311469,-0.8781529578779856,0.788745188533861,1.585153977834697,-0.14125327883151229,-0.1781057493664113,-0.16568651602362097,-0.632834588424933,-0.1474557687191013
1.0,0.0,0.0,0.0,0.0,1.0,0.0,0.0,0.0,0.0,0.0,1.0,0.0,0.0,0.0,1.0,0.0,1.6490092048478489,0.6835830127666986,0.5171434973914326,-0.41583879470572344,0.924226273532936,0.8346998290378681,-0.6475775332438344,-0.14125327883151229,-0.1781057493664113,0.7110064318490154,-0.632834588424933,-0.1474557687191013
0.0,0.0,1.0,0.0,0.0,1.0,0.0,0.0,0.0,0.0,1.0,0.0,0.0,0.0,0.0,0.0,1.0,-0.5023350673006246,1.2803187599876096,0.6639147754588236,-0.9013443047180038,-0.44979957564138634,1.409132835337955,-0.25828075695321856,-0.14125327883151229,-0.1781057493664113,0.12654446660059115,-0.632834588424933,-0.1474557687191013
1.0,0.0,0.0,0.0,0.0,1.0,0.0,0.0,0.0,0.0,0.0,0.0,1.0,0.0,0.0,1.0,0.0,1.362163301894719,0.7256066569371853,0.22360094125665056,0.06966671530655688,-0.5931332073897869,0.7657678682818577,-0.6475775332438344,-0.049821353518897916,-0.1781057493664113,0.7110064318490154,-0.632834588424933,-0.05611594710384673
0.0,1.0,0.0,0.0,0.0,1.0,0.0,0.0,0.0,0.0,1.0,0.0,0.0,0.0,1.0,0.0,0.0,-1.076026873206884,-0.19891351481352168,0.5660672567472296,-0.9984454067204599,-0.05604396658543548,0.08410736747242123,-0.6475775332438344,-0.14125327883151229,-0.1781057493664113,-0.7501484812720451,-0.632834588424933,-0.1474557687191013
0.0,1.0,0.0,0.0,0.0,1.0,0.0,0.0,0.0,1.0,0.0,0.0,0.0,1.0,0.0,0.0,0.0,0.7884714959884594,0.5322978937529464,0.22360094125665056,0.8464755313262055,-0.5585354342091384,0.5972675197671654,1.1958572015440814,-0.14125327883151229,-0.1781057493664113,-0.4579174986478331,1.580191756725731,-0.1474557687191013
0.0,0.0,0.0,1.0,0.0,1.0,0.0,0.0,1.0,0.0,0.0,0.0,0.0,0.0,1.0,0.0,0.0,-1.076026873206884,-0.8712918215413086,1.1531523690167935,1.0406777353311174,-2.0034043427533597,-0.32948439706364135,-0.6475775332438344,-0.14125327883151229,-0.1781057493664113,-1.3346104465204693,1.580191756725731,-0.1474557687191013
1.0,0.0,0.0,0.0,0.0,1.0,0.0,0.0,0.0,0.0,0.0,0.0,1.0,0.0,0.0,0.0,1.0,-0.3589121158240597,-0.8460776350390165,-1.3908831174846505,-0.41583879470572344,-0.3229410739790089,-1.317509167899791,-0.30408037769329105,-0.14125327883151229,-0.1781057493664113,1.2954683970974397,-0.632834588424933,-0.1474557687191013
1.0,0.0,0.0,0.0,0.0,1.0,0.0,0.0,0.0,0.0,1.0,0.0,0.0,0.0,1.0,0.0,0.0,-1.362872776160014,-0.5014837528410258,0.27252470061244755,-0.8042432027155477,0.9258737865415383,-0.2758706498089666,-0.6475775332438344,-0.14125327883151229,-0.1781057493664113,1.0032374144732275,-0.632834588424933,-0.1474557687191013
0.0,0.0,0.0,1.0,0.0,1.0,0.0,0.0,0.0,0.0,0.0,0.0,1.0,0.0,0.0,0.0,1.0,-0.7891809702537543,-1.005767482886866,0.3703722193240416,-0.8042432027155477,0.18449293267050104,-0.6741442008436934,-0.6475775332438344,-0.14125327883151229,-0.1781057493664113,-1.3346104465204693,-0.632834588424933,-0.1474557687191013
0.0,1.0,0.0,0.0,0.0,1.0,0.0,1.0,0.0,0.0,0.0,0.0,0.0,1.0,0.0,0.0,0.0,0.07135673860563499,-0.24093715898400836,-0.021017855522334466,1.72038544934831,0.9258737865415383,-0.1609840485489492,-0.2811805673232548,-0.14125327883151229,-0.1781057493664113,-1.0423794638962574,-0.632834588424933,-0.1474557687191013
0.0,0.0,1.0,0.0,0.0,1.0,0.0,0.0,0.0,0.0,1.0,0.0,0.0,0.0,0.0,1.0,0.0,0.9318944474650244,1.0533910814669816,-0.06994161487813147,0.9435766333286616,-0.3641288991940665,0.926609110045882,0.4516133645179042,-0.14125327883151229,-0.1781057493664113,-0.16568651602362097,-0.632834588424933,-0.1474557687191013
1.0,0.0,0.0,0.0,0.0,1.0,0.0,0.0,0.0,1.0,0.0,0.0,0.0,1.0,0.0,0.0,0.0,0.07135673860563499,1.0786052679692733,-0.9505692832824775,-0.5129398967081796,0.843498136111423,0.4976991320084838,2.6614450652264,-0.14125327883151229,-0.1781057493664113,0.7110064318490154,1.580191756725731,-0.1474557687191013
0.0,0.0,0.0,1.0,0.0,1.0,0.0,0.0,0.0,0.0,0.0,0.0,1.0,1.0,0.0,0.0,0.0,0.6450485445118945,-1.3671708227530512,-1.7333494329752295,0.9435766333286616,0.9258737865415383,-1.9685332417065557,0.005067062302197861,-0.14125327883151229,-0.1781057493664113,1.5876993797216516,-0.632834588424933,-0.1474557687191013
0.0,0.0,0.0,1.0,0.0,1.0,0.0,1.0,0.0,0.0,0.0,0.0,0.0,0.0,0.0,0.0,1.0,-0.6457580187771894,-1.0393863982232554,-0.7059504865034925,-0.9013443047180038,-0.13347707798974381,-1.1030541788810917,-0.6475775332438344,-0.14125327883151229,-0.1781057493664113,-1.6268414291446816,-0.632834588424933,-0.1474557687191013
1.0,0.0,0.0,0.0,0.0,1.0,0.0,0.0,0.0,0.0,1.0,0.0,0.0,0.0,0.0,0.0,1.0,-0.6457580187771894,-1.0309816693891578,-0.8527217645708836,-1.095546508722916,-0.2306803454972798,-1.1643270328864344,-0.6475775332438344,-0.14125327883151229,-0.1781057493664113,1.2954683970974397,-0.632834588424933,-0.1474557687191013
0.0,0.0,1.0,0.0,0.0,1.0,0.0,0.0,0.0,0.0,0.0,0.0,1.0,1.0,0.0,0.0,0.0,0.6450485445118945,2.2132436605724135,-0.9505692832824775,0.7493744293237493,0.7561799466555008,1.4167919420886228,2.1232995215305484,-0.14125327883151229,-0.1781057493664113,0.41877544922480325,-0.632834588424933,-0.1474557687191013
1.0,0.0,0.0,0.0,0.0,1.0,0.0,1.0,0.0,0.0,0.0,0.0,0.0,0.0,1.0,0.0,0.0,-1.219449824683449,0.04482362137530108,-0.11886537423392847,-0.1245354886983552,0.9258737865415383,0.045811833719082096,-0.6475775332438344,-0.14125327883151229,-0.1781057493664113,1.0032374144732275,-0.632834588424933,-0.1474557687191013
0.0,1.0,0.0,0.0,0.0,1.0,0.0,0.0,0.0,1.0,0.0,0.0,0.0,1.0,0.0,0.0,0.0,0.6450485445118945,0.5407026225870439,0.32144845996824456,1.1377788373335735,-0.9572335822908963,0.6432221602711724,1.6080537882047332,-0.14125327883151229,-0.1781057493664113,-0.4579174986478331,1.580191756725731,-0.1474557687191013
1.0,0.0,0.0,0.0,0.0,1.0,0.0,1.0,0.0,0.0,0.0,0.0,0.0,1.0,0.0,0.0,0.0,0.6450485445118945,0.6079404532598227,-1.6355019142636356,0.06966671530655688,0.9258737865415383,-0.35246171731564485,0.6691615630332481,-0.14125327883151229,-0.1781057493664113,1.0032374144732275,-0.632834588424933,-0.1474557687191013
0.0,0.0,1.0,0.0,0.0,1.0,1.0,0.0,0.0,0.0,0.0,0.0,0.0,0.0,0.0,1.0,0.0,1.5055862533712838,0.8600823182827427,-1.2930355987730566,-0.6100409987106356,0.9258737865415383,0.09942558097375682,-0.6475775332438344,-0.14125327883151229,-0.1781057493664113,-0.16568651602362097,-0.632834588424933,-0.1474557687191013
0.0,0.0,0.0,1.0,0.0,1.0,0.0,0.0,0.0,0.0,0.0,0.0,1.0,0.0,0.0,0.0,1.0,-0.2154891643474948,-1.9050734681352806,-0.9505692832824775,-0.9984454067204599,0.23391832292857018,-1.9378968147038846,0.5661124163680854,-0.14125327883151229,-0.1781057493664113,-1.3346104465204693,-0.632834588424933,-0.1474557687191013
0.0,1.0,0.0,0.0,0.0,1.0,0.0,0.0,0.0,0.0,1.0,0.0,0.0,0.0,0.0,0.0,1.0,-0.6457580187771894,-0.3922222779977603,1.2020761283725907,-0.3187376927032675,-0.0626340186198447,0.09942558097375682,-0.29263047250827295,-0.14125327883151229,-0.1781057493664113,-0.4579174986478331,-0.632834588424933,-0.1474557687191013
0.0,0.0,0.0,1.0,0.0,1.0,0.0,0.0,0.0,0.0,0.0,1.0,0.0,0.0,0.0,1.0,0.0,1.362163301894719,-1.6529316031123606,-0.9505692832824775,1.429082143340942,0.9258737865415383,-1.7234418256851853,-0.6475775332438344,-0.14125327883151229,-0.1781057493664113,1.5876993797216516,-0.632834588424933,-0.1474557687191013
0.0,1.0,0.0,0.0,0.0,1.0,1.0,0.0,0.0,0.0,0.0,0.0,0.0,0.0,1.0,0.0,0.0,-0.9326039217303193,-0.9133154657117952,1.0063810909494026,-0.9013443047180038,-1.4580775369059968,-0.4060754645703196,-0.6475775332438344,-0.14125327883151229,-0.1781057493664113,-1.0423794638962574,-0.632834588424933,-0.1474557687191013
0.0,1.0,0.0,0.0,0.0,1.0,0.0,0.0,0.0,0.0,1.0,0.0,0.0,0.0,1.0,0.0,0.0,-1.219449824683449,0.16248982505266382,1.2509998877283877,-0.41583879470572344,-1.5898785775941813,0.6125857332685012,-0.6475775332438344,-0.14125327883151229,-0.1781057493664113,-0.4579174986478331,-0.632834588424933,-0.1474557687191013
0.0,0.0,0.0,1.0,0.0,1.0,0.0,0.0,1.0,0.0,0.0,0.0,0.0,0.0,0.0,1.0,0.0,1.5055862533712838,-1.736978891453334,-0.8527217645708836,-0.1245354886983552,0.9258737865415383,-1.7540782526878569,-0.6475775332438344,-0.14125327883151229,-0.1781057493664113,1.5876993797216516,1.580191756725731,-0.1474557687191013
0.0,0.0,0.0,1.0,0.0,1.0,0.0,0.0,0.0,1.0,0.0,0.0,0.0,1.0,0.0,0.0,0.0,0.3582026415587648,-0.7872445332003352,-0.2656366523013195,-1.095546508722916,-1.393824529570507,-0.7124397345970326,0.19971545044750577,-0.14125327883151229,-0.1781057493664113,-1.6268414291446816,1.580191756725731,-0.1474557687191013
0.0,0.0,0.0,1.0,0.0,1.0,1.0,0.0,0.0,0.0,0.0,0.0,0.0,0.0,1.0,0.0,0.0,-1.219449824683449,-2.283286265669661,-0.6570267271476955,0.06966671530655688,0.9258737865415383,-2.121715376719912,-0.6475775332438344,-0.14125327883151229,-0.1781057493664113,-1.6268414291446816,-0.632834588424933,-0.1474557687191013
1.0,0.0,0.0,0.0,0.0,1.0,0.0,1.0,0.0,0.0,0.0,0.0,0.0,0.0,0.0,1.0,0.0,0.9318944474650244,-0.30817498965678697,-0.36348417101291347,1.6232843473458538,0.9258737865415383,-0.344802610564977,-0.6246777228737981,-0.14125327883151229,-0.1781057493664113,1.0032374144732275,-0.632834588424933,-0.1474557687191013
0.0,1.0,0.0,0.0,0.0,1.0,0.0,0.0,0.0,0.0,1.0,0.0,0.0,1.0,0.0,0.0,0.0,0.21477969008219988,-0.2661513454863003,-1.4398068768404475,1.429082143340942,0.3344166164533108,-0.8885991898623926,2.6843448755964356,-0.14125327883151229,-0.1781057493664113,-1.0423794638962574,-0.632834588424933,-0.1474557687191013
0.0,0.0,0.0,1.0,0.0,1.0,0.0,0.0,0.0,0.0,0.0,1.0,0.0,0.0,0.0,0.0,1.0,-0.07206621287092989,-1.1234336865642287,-0.9016455239266805,1.6232843473458538,0.4777502482017113,-1.2638954206451158,1.3332560637642987,-0.14125327883151229,-0.1781057493664113,-1.3346104465204693,-0.632834588424933,-0.1474557687191013
0.0,0.0,1.0,0.0,0.0,1.0,0.0,0.0,0.0,0.0,1.0,0.0,0.0,0.0,0.0,0.0,1.0,-0.5023350673006246,1.1122241833056628,1.2509998877283877,0.36097002131392514,-0.7661220732930288,1.455087475841962,-0.09798208436296509,-0.14125327883151229,-0.1781057493664113,0.12654446660059115,-0.632834588424933,-0.1474557687191013
0.0,0.0,0.0,1.0,0.0,1.0,0.0,0.0,1.0,0.0,0.0,0.0,0.0,0.0,1.0,0.0,0.0,-0.9326039217303193,-1.4932417552645114,-0.4613316897245075,-0.9013443047180038,0.924226273532936,-1.3864411286558012,-0.6475775332438344,-0.14125327883151229,-0.1781057493664113,1.5876993797216516,1.580191756725731,-0.1474557687191013
0.0,0.0,1.0,0.0,0.0,1.0,0.0,0.0,0.0,1.0,0.0,0.0,0.0,1.0,0.0,0.0,0.0,0.21477969008219988,0.9357248777896187,-0.5102554490803045,-0.5129398967081796,0.8731533702662645,0.6202448400191689,1.8599517022751317,-0.14125327883151229,-0.1781057493664113,-0.16568651602362097,1.580191756725731,-0.1474557687191013
1.0,0.0,0.0,0.0,0.0,1.0,0.0,0.0,1.0,0.0,0.0,0.0,0.0,0.0,1.0,0.0,0.0,-1.219449824683449,-0.5014837528410258,0.4192959786798386,-1.095546508722916,-0.34435874309083886,-0.22991600930495965,-0.6475775332438344,-0.14125327883151229,-0.1781057493664113,1.2954683970974397,1.580191756725731,-0.1474557687191013
1.0,0.0,0.0,0.0,0.0,1.0,1.0,0.0,0.0,0.0,0.0,0.0,0.0,0.0,0.0,1.0,0.0,1.362163301894719,0.9777485219601053,0.12575342254505653,-0.1245354886983552,0.9258737865415383,0.9419273235472178,-0.6475775332438344,-0.14125327883151229,-0.1781057493664113,0.7110064318490154,-0.632834588424933,-0.1474557687191013
0.0,0.0,1.0,0.0,0.0,1.0,0.0,1.0,0.0,0.0,0.0,0.0,0.0,1.0,0.0,0.0,0.0,0.6450485445118945,1.826626134203936,-0.5591792084361015,0.4580711233163813,0.6606241921565672,1.3402008745819447,0.8638099511785562,-0.14125327883151229,-0.1781057493664113,0.12654446660059115,-0.632834588424933,-0.1474557687191013
0.0,1.0,0.0,0.0,0.0,1.0,0.0,0.0,0.0,0.0,0.0,1.0,0.0,1.0,0.0,0.0,0.0,0.5016255930353297,0.7844397587758666,-0.9505692832824775,0.16676781730901283,0.9258737865415383,0.2602668227377812,1.8256019867200775,-0.14125327883151229,-0.1781057493664113,-0.4579174986478331,-0.632834588424933,-0.1474557687191013
0.0,1.0,0.0,0.0,0.0,1.0,0.0,0.0,0.0,1.0,0.0,0.0,0.0,0.0,1.0,0.0,0.0,-0.9326039217303193,-0.6779830583570697,1.2020761283725907,-0.9984454067204599,-2.0396496289426107,-0.1533249417982814,-0.6475775332438344,-0.14125327883151229,-0.1781057493664113,-1.0423794638962574,1.580191756725731,-0.1474557687191013
0.0,1.0,0.0,0.0,0.0,1.0,0.0,0.0,0.0,1.0,0.0,0.0,0.0,1.0,0.0,0.0,0.0,0.3582026415587648,0.25494184222773464,-1.0484168019940716,0.6522733273212932,-1.8501856329533455,-0.22991600930495965,2.3522976252309102,-0.14125327883151229,-0.1781057493664113,-1.0423794638962574,1.580191756725731,-0.1474557687191013
1.0,0.0,0.0,0.0,0.0,1.0,1.0,0.0,0.0,0.0,0.0,0.0,0.0,0.0,0.0,0.0,1.0,-0.07206621287092989,-0.022414209297477516,-0.7059504865034925,-0.7071421007130917,-0.27845822274674664,-0.26821154305829875,1.459205020799498,-0.14125327883151229,-0.1781057493664113,1.2954683970974397,-0.632834588424933,-0.1474557687191013
1.0,0.0,0.0,0.0,0.0,1.0,0.0,0.0,0.0,0.0,1.0,0.0,0.0,0.0,0.0,1.0,0.0,1.2187403504181542,-0.7536256178639459,-0.21671289294552248,-0.41583879470572344,-0.006618576327366335,-0.6588259873423579,-0.6475775332438344,-0.14125327883151229,-0.1781057493664113,1.2954683970974397,-0.632834588424933,-0.1474557687191013
0.0,0.0,0.0,1.0,0.0,1.0,0.0,0.0,0.0,0.0,0.0,1.0,0.0,0.0,0.0,0.0,1.0,-0.07206621287092989,-1.1318384153983259,-0.9016455239266805,0.555172225318837,0.32123651238449236,-1.2715545273957838,0.10811620896736095,-0.14125327883151229,-0.1781057493664113,-1.6268414291446816,-0.632834588424933,-0.1474557687191013
1.0,0.0,0.0,0.0,0.0,1.0,1.0,0.0,0.0,0.0,0.0,0.0,0.0,0.0,0.0,0.0,1.0,-0.07206621287092989,0.9021059624532295,-0.36348417101291347,1.72038544934831,0.876448396283469,0.666199480523176,2.3522976252309102,-0.14125327883151229,-0.1781057493664113,0.7110064318490154,-0.632834588424933,-0.1474557687191013
0.0,1.0,0.0,0.0,0.0,1.0,1.0,0.0,0.0,0.0,0.0,0.0,0.0,0.0,0.0,1.0,0.0,0.9318944474650244,0.3726080459050972,1.0063810909494026,-0.22163659070081138,0.9258737865415383,0.7274723345285187,0.005067062302197861,-0.14125327883151229,-0.1781057493664113,-0.4579174986478331,-0.632834588424933,-0.1474557687191013
0.0,0.0,0.0,1.0,0.0,1.0,0.0,0.0,0.0,1.0,0.0,0.0,0.0,0.0,0.0,0.0,1.0,-0.07206621287092989,-1.9134781969693782,-1.0484168019940716,1.0406777353311174,-0.003323550310161725,-1.9838514552078916,1.150057580804009,-0.14125327883151229,-0.1781057493664113,-1.3346104465204693,1.580191756725731,-0.1474557687191013
0.0,0.0,0.0,1.0,0.0,1.0,0.0,0.0,0.0,1.0,0.0,0.0,0.0,0.0,0.0,1.0,0.0,1.6490092048478489,-1.9639065699739622,-0.5102554490803045,0.263868919311469,0.9258737865415383,-1.8000328931918637,-0.6475775332438344,-0.14125327883151229,-0.1781057493664113,-1.3346104465204693,1.580191756725731,-0.1474557687191013
1.0,0.0,0.0,0.0,0.0,1.0,0.0,0.0,1.0,0.0,0.0,0.0,0.0,0.0,0.0,1.0,0.0,1.6490092048478489,0.8264634029463532,1.1042286096609966,-0.8042432027155477,0.18449293267050104,1.1563823125659167,-0.6475775332438344,-0.14125327883151229,-0.1781057493664113,0.7110064318490154,1.580191756725731,-0.1474557687191013
0.0,0.0,1.0,0.0,0.0,1.0,0.0,0.0,0.0,1.0,0.0,0.0,0.0,0.0,0.0,1.0,0.0,1.0753173989415892,0.7424161146053799,1.8380849999979516,-0.5129398967081796,-1.5305681092844983,1.2942462340779375,-0.6361276280588162,4.887502613362278,-0.1781057493664113,0.12654446660059115,1.580191756725731,4.876234420119899
0.0,0.0,0.0,1.0,0.0,1.0,0.0,0.0,0.0,0.0,0.0,1.0,0.0,0.0,1.0,0.0,0.0,-0.9326039217303193,-1.661336331946458,0.27252470061244755,-0.1245354886983552,0.8945710393780945,-1.2715545273957838,-0.6475775332438344,-0.14125327883151229,-0.1781057493664113,-1.3346104465204693,-0.632834588424933,-0.1474557687191013
0.0,1.0,0.0,0.0,0.0,1.0,0.0,0.0,0.0,0.0,1.0,0.0,0.0,1.0,0.0,0.0,0.0,0.6450485445118945,0.5491073514211414,-0.21671289294552248,2.108789857358134,-0.4679222187360117,0.43642627800314115,2.1118496163455305,-0.14125327883151229,-0.1781057493664113,-0.4579174986478331,-0.632834588424933,-0.1474557687191013
0.0,0.0,1.0,0.0,0.0,1.0,0.0,0.0,0.0,0.0,0.0,0.0,1.0,0.0,1.0,0.0,0.0,-1.6497186791131437,0.5575120802552386,0.6149910161030265,0.263868919311469,-0.17795992922200604,0.7581087615311898,-0.6475775332438344,-0.14125327883151229,-0.1781057493664113,-0.16568651602362097,-0.632834588424933,-0.1474557687191013
0.0,0.0,1.0,0.0,0.0,1.0,0.0,0.0,0.0,0.0,1.0,0.0,0.0,0.0,0.0,0.0,1.0,-0.7891809702537543,1.2130809293148308,0.6639147754588236,-0.6100409987106356,0.9258737865415383,1.3478599813326124,-0.6475775332438344,-0.14125327883151229,-0.1781057493664113,0.41877544922480325,-0.632834588424933,-0.1474557687191013
0.0,1.0,0.0,0.0,0.0,1.0,0.0,0.0,1.0,0.0,0.0,0.0,0.0,0.0,0.0,1.0,0.0,1.5055862533712838,-0.022414209297477516,-0.31456041165711646,-0.22163659070081138,0.2932287912382532,-0.09205208779293877,-0.6475775332438344,-0.14125327883151229,-0.1781057493664113,-1.0423794638962574,1.580191756725731,-0.1474557687191013
0.0,0.0,0.0,1.0,0.0,1.0,0.0,0.0,1.0,0.0,0.0,0.0,0.0,0.0,0.0,0.0,1.0,-0.07206621287092989,-1.7453836202874313,-0.8527217645708836,2.7884975713753266,0.8995135784039013,-1.7617373594385246,1.2416568222841537,-0.14125327883151229,0.334698314544768,-1.3346104465204693,1.580191756725731,-0.12918780439605038
0.0,0.0,0.0,1.0,0.0,1.0,0.0,0.0,0.0,0.0,0.0,0.0,1.0,0.0,0.0,1.0,0.0,1.5055862533712838,-1.9134781969693782,-0.36348417101291347,1.0406777353311174,0.9258737865415383,-1.700464505433182,-0.6475775332438344,-0.14125327883151229,-0.1781057493664113,-1.6268414291446816,-0.632834588424933,-0.1474557687191013
0.0,0.0,0.0,1.0,0.0,1.0,0.0,0.0,0.0,1.0,0.0,0.0,0.0,1.0,0.0,0.0,0.0,0.7884714959884594,-0.7452208890298485,-2.0268919891100117,0.7493744293237493,0.9093986564555152,-1.7617373594385246,0.10811620896736095,-0.14125327883151229,-0.1781057493664113,-1.3346104465204693,1.580191756725731,-0.1474557687191013
0.0,0.0,1.0,0.0,1.0,0.0,0.0,0.0,0.0,0.0,0.0,0.0,1.0,0.0,1.0,0.0,0.0,-1.219449824683449,0.5491073514211414,0.46821973803563555,-0.02743438669589927,-0.2932858398241674,0.7044950142765151,-0.6475775332438344,-0.14125327883151229,-0.1781057493664113,-0.16568651602362097,-0.632834588424933,-0.1474557687191013
1.0,0.0,0.0,0.0,0.0,1.0,1.0,0.0,0.0,0.0,0.0,0.0,0.0,0.0,0.0,0.0,1.0,-0.07206621287092989,-0.0056047516292829025,-0.9994930426382745,0.9435766333286616,0.9258737865415383,-0.4060754645703196,1.9859006593103308,-0.14125327883151229,-0.1781057493664113,1.0032374144732275,-0.632834588424933,-0.1474557687191013
0.0,0.0,0.0,1.0,0.0,1.0,0.0,0.0,1.0,0.0,0.0,0.0,0.0,0.0,0.0,0.0,1.0,-0.07206621287092989,-0.8796965503754058,0.17467718190085355,1.1377788373335735,-1.8847834061339939,-0.6281895603396865,0.6348118474781941,-0.14125327883151229,-0.1781057493664113,-1.3346104465204693,1.580191756725731,-0.1474557687191013
0.0,1.0,0.0,0.0,0.0,1.0,0.0,1.0,0.0,0.0,0.0,0.0,0.0,0.0,0.0,1.0,0.0,1.0753173989415892,0.6835830127666986,0.32144845996824456,1.1377788373335735,-1.448192458854383,0.7657678682818577,-0.3613299036183816,-0.14125327883151229,-0.1781057493664113,-0.7501484812720451,-0.632834588424933,-0.1474557687191013
1.0,0.0,0.0,0.0,0.0,1.0,0.0,0.0,0.0,1.0,0.0,0.0,0.0,0.0,0.0,0.0,1.0,-0.3589121158240597,-0.24934188781810568,0.07682966318925954,-0.9013443047180038,-1.1730577864177982,-0.1303476215462779,0.5203127956280129,-0.14125327883151229,-0.1781057493664113,1.0032374144732275,1.580191756725731,-0.1474557687191013
0.0,1.0,0.0,0.0,0.0,1.0,0.0,0.0,0.0,0.0,0.0,0.0,1.0,1.0,0.0,0.0,0.0,0.07135673860563499,0.8516775894486454,0.27252470061244755,1.2348799393360297,-0.21914775443706366,0.8959726830432108,1.7340027452399325,-0.14125327883151229,-0.1781057493664113,-0.4579174986478331,-0.632834588424933,-0.1474557687191013
1.0,0.0,0.0,0.0,0.0,1.0,0.0,0.0,0.0,1.0,0.0,0.0,0.0,0.0,1.0,0.0,0.0,-0.9326039217303193,0.2717512998959292,0.3703722193240416,-1.192647610725372,0.9258737865415383,0.4287671712524734,-0.6475775332438344,-0.14125327883151229,-0.1781057493664113,0.7110064318490154,1.580191756725731,-0.1474557687191013
1.0,0.0,0.0,0.0,0.0,1.0,0.0,0.0,0.0,0.0,0.0,1.0,0.0,0.0,1.0,0.0,0.0,-1.219449824683449,-0.30817498965678697,1.1042286096609966,-1.3868498147302841,-1.5453957263619191,0.1453802214777638,-0.6475775332438344,-0.14125327883151229,-0.1781057493664113,1.2954683970974397,-0.632834588424933,-0.1474557687191013
1.0,0.0,0.0,0.0,0.0,1.0,0.0,0.0,0.0,0.0,0.0,1.0,0.0,0.0,0.0,0.0,1.0,-0.5023350673006246,-0.7031972448593619,0.46821973803563555,-1.192647610725372,-0.6689188057854929,-0.3830981443183162,-0.5788781021337256,-0.14125327883151229,-0.1781057493664113,1.2954683970974397,-0.632834588424933,-0.1474557687191013
0.0,0.0,0.0,1.0,0.0,1.0,0.0,0.0,1.0,0.0,0.0,0.0,0.0,1.0,0.0,0.0,0.0,0.3582026415587648,-0.736816160195751,0.07682966318925954,-0.5129398967081796,-1.9210286923232447,-0.5362802793316727,-0.1895813258431099,-0.14125327883151229,-0.1781057493664113,1.5876993797216516,1.580191756725731,-0.1474557687191013
1.0,0.0,0.0,0.0,0.0,1.0,0.0,0.0,1.0,0.0,0.0,0.0,0.0,0.0,1.0,0.0,0.0,-1.076026873206884,0.19610874038905318,0.7617622941704176,-0.8042432027155477,0.9258737865415383,0.49004002525781587,-0.6475775332438344,-0.14125327883151229,-0.1781057493664113,0.7110064318490154,1.580191756725731,-0.1474557687191013
1.0,0.0,0.0,0.0,0.0,1.0,0.0,0.0,0.0,0.0,1.0,0.0,0.0,1.0,0.0,0.0,0.0,0.07135673860563499,0.4314411477437785,-1.0484168019940716,-0.3187376927032675,0.6968694783458178,-0.08439298104227094,1.9286511333852403,-0.14125327883151229,-0.1781057493664113,1.0032374144732275,-0.632834588424933,-0.1474557687191013
0.0,0.0,1.0,0.0,0.0,1.0,1.0,0.0,0.0,0.0,0.0,0.0,0.0,0.0,0.0,1.0,0.0,1.362163301894719,0.8768917759509374,1.0063810909494026,1.817486551350766,0.9258737865415383,1.1717005260672526,-0.6475775332438344,-0.14125327883151229,-0.1781057493664113,0.41877544922480325,-0.632834588424933,-0.1474557687191013
1.0,0.0,0.0,0.0,0.0,1.0,0.0,0.0,0.0,0.0,0.0,0.0,1.0,0.0,0.0,1.0,0.0,1.2187403504181542,0.0027999772048144037,0.22360094125665056,-1.2897487127278282,0.9258737865415383,0.1453802214777638,-0.6475775332438344,-0.14125327883151229,-0.1781057493664113,1.0032374144732275,-0.632834588424933,-0.1474557687191013
0.0,1.0,0.0,0.0,0.0,1.0,0.0,0.0,0.0,1.0,0.0,0.0,0.0,1.0,0.0,0.0,0.0,0.5016255930353297,0.5491073514211414,-0.7059504865034925,0.6522733273212932,0.7364097905522732,0.2066530754831064,-0.10943198954798321,0.041610571793716446,-0.1781057493664113,-0.7501484812720451,1.580191756725731,0.03522387451140782
0.0,1.0,0.0,0.0,0.0,1.0,0.0,0.0,0.0,0.0,0.0,0.0,1.0,0.0,1.0,0.0,0.0,-0.9326039217303193,0.12887090971627443,1.3977711657957785,0.4580711233163813,0.9258737865415383,0.6202448400191689,-0.6475775332438344,-0.14125327883151229,-0.1781057493664113,-0.4579174986478331,-0.632834588424933,-0.1474557687191013
0.0,0.0,1.0,0.0,0.0,1.0,0.0,0.0,0.0,0.0,0.0,1.0,0.0,0.0,0.0,0.0,1.0,-0.5023350673006246,0.7256066569371853,1.4956186845073727,-1.192647610725372,0.9258737865415383,1.187018739568588,-0.29263047250827295,-0.14125327883151229,-0.1781057493664113,0.12654446660059115,-0.632834588424933,-0.1474557687191013
0.0,1.0,0.0,0.0,0.0,1.0,0.0,1.0,0.0,0.0,0.0,0.0,0.0,0.0,0.0,1.0,0.0,1.2187403504181542,0.6583688262644065,0.12575342254505653,0.9435766333286616,0.14001008143823881,0.666199480523176,-0.6361276280588162,-0.14125327883151229,-0.1781057493664113,-0.4579174986478331,-0.632834588424933,-0.1474557687191013
1.0,0.0,0.0,0.0,0.0,1.0,0.0,0.0,0.0,0.0,0.0,0.0,1.0,0.0,1.0,0.0,0.0,-1.076026873206884,0.5407026225870439,0.5660672567472296,-1.192647610725372,0.9258737865415383,0.7274723345285187,-0.6475775332438344,-0.14125327883151229,-0.1781057493664113,0.7110064318490154,-0.632834588424933,-0.1474557687191013
0.0,0.0,0.0,1.0,0.0,1.0,0.0,0.0,0.0,0.0,0.0,1.0,0.0,0.0,1.0,0.0,0.0,-1.362872776160014,-1.2915282632461753,0.17467718190085355,-0.8042432027155477,0.20096806275652407,-0.9881675776210743,-0.6475775332438344,-0.14125327883151229,-0.1781057493664113,-1.6268414291446816,-0.632834588424933,-0.1474557687191013
0.0,1.0,0.0,0.0,0.0,1.0,0.0,0.0,0.0,0.0,0.0,0.0,1.0,0.0,0.0,1.0,0.0,1.6490092048478489,0.12887090971627443,-0.21671289294552248,-0.22163659070081138,0.2602785310662071,0.07644826072175336,-0.6475775332438344,-0.14125327883151229,-0.1781057493664113,-0.4579174986478331,-0.632834588424933,-0.1474557687191013
0.0,1.0,0.0,0.0,0.0,1.0,1.0,0.0,0.0,0.0,0.0,0.0,0.0,0.0,1.0,0.0,0.0,-0.9326039217303193,-1.610907958941874,-0.4613316897245075,-0.7071421007130917,0.30146635628126467,-1.486009516414483,-0.6475775332438344,-0.14125327883151229,-0.1781057493664113,-1.0423794638962574,-0.632834588424933,-0.1474557687191013
0.0,1.0,0.0,0.0,0.0,1.0,0.0,1.0,0.0,0.0,0.0,0.0,0.0,1.0,0.0,0.0,0.0,0.3582026415587648,0.3642033170709998,-0.9505692832824775,1.1377788373335735,-1.512445466189873,-0.08439298104227094,2.4438968667110554,-0.14125327883151229,-0.1781057493664113,-1.0423794638962574,-0.632834588424933,-0.1474557687191013
1.0,0.0,0.0,0.0,0.0,1.0,1.0,0.0,0.0,0.0,0.0,0.0,0.0,1.0,0.0,0.0,0.0,0.7884714959884594,0.7256066569371853,-0.31456041165711646,-0.6100409987106356,0.9258737865415383,0.5436537725124907,0.25696497637259635,-0.14125327883151229,-0.1781057493664113,0.7110064318490154,-0.632834588424933,-0.1474557687191013
0.0,0.0,1.0,0.0,0.0,1.0,1.0,0.0,0.0,0.0,0.0,0.0,0.0,0.0,1.0,0.0,0.0,-1.219449824683449,0.465060063080168,0.6639147754588236,-0.3187376927032675,-0.161484799135983,0.6968359075258471,-0.6475775332438344,-0.14125327883151229,-0.1781057493664113,-0.16568651602362097,-0.632834588424933,-0.1474557687191013
0.0,0.0,0.0,1.0,0.0,1.0,0.0,0.0,0.0,0.0,1.0,0.0,0.0,0.0,0.0,0.0,1.0,-0.07206621287092989,-0.9469343810481845,0.8106860535262146,0.06966671530655688,-1.8732508150737779,-0.4903256388276657,-0.24683085176820052,-0.14125327883151229,-0.1781057493664113,-1.6268414291446816,-0.632834588424933,-0.1474557687191013
0.0,0.0,0.0,1.0,0.0,1.0,0.0,1.0,0.0,0.0,0.0,0.0,0.0,1.0,0.0,0.0,0.0,0.5016255930353297,-1.106624228896034,-1.6355019142636356,3.9537107954048,0.9258737865415383,-1.6928053986825142,0.3600141230377593,-0.14125327883151229,-0.1781057493664113,1.5876993797216516,-0.632834588424933,-0.1474557687191013
0.0,0.0,0.0,1.0,0.0,1.0,0.0,0.0,0.0,1.0,0.0,0.0,0.0,0.0,0.0,0.0,1.0,-0.5023350673006246,-1.207480974905202,-0.21671289294552248,-1.095546508722916,0.26192604407480935,-1.049440431626417,-0.5788781021337256,-0.14125327883151229,-0.1781057493664113,-1.3346104465204693,1.580191756725731,-0.1474557687191013
0.0,1.0,0.0,0.0,0.0,1.0,1.0,0.0,0.0,0.0,0.0,0.0,0.0,0.0,0.0,1.0,0.0,1.0753173989415892,0.8264634029463532,-1.1462643207056655,0.06966671530655688,-1.1928279425210258,0.17601664848043508,-0.39567961917343597,-0.14125327883151229,-0.1781057493664113,-0.7501484812720451,-0.632834588424933,-0.1474557687191013
0.0,0.0,1.0,0.0,0.0,1.0,0.0,0.0,0.0,0.0,0.0,0.0,1.0,0.0,0.0,1.0,0.0,0.9318944474650244,0.9105106912873266,1.8380849999979516,-1.4839509167327403,-0.7364668391381874,1.4474283690912941,-0.6475775332438344,1.230225600857703,-0.1781057493664113,0.41877544922480325,-0.632834588424933,1.2226415555097168
0.0,0.0,1.0,0.0,0.0,1.0,0.0,0.0,0.0,0.0,0.0,1.0,0.0,1.0,0.0,0.0,0.0,0.6450485445118945,1.8770545072085203,-0.6570267271476955,0.8464755313262055,0.14989515948985263,1.324882661080609,1.459205020799498,-0.14125327883151229,-0.1781057493664113,0.41877544922480325,-0.632834588424933,-0.1474557687191013
1.0,0.0,0.0,0.0,0.0,1.0,0.0,0.0,0.0,0.0,0.0,0.0,1.0,0.0,0.0,0.0,1.0,-0.5023350673006246,-0.4174364645000524,1.2999236470841846,-0.5129398967081796,-1.0972721880220921,0.10708468772442468,-0.3498799984333635,-0.14125327883151229,-0.1781057493664113,1.0032374144732275,-0.632834588424933,-0.1474557687191013
0.0,0.0,1.0,0.0,0.0,1.0,0.0,0.0,0.0,0.0,1.0,0.0,0.0,0.0,1.0,0.0,0.0,-1.362872776160014,1.1122241833056628,1.2509998877283877,-1.3868498147302841,-0.1268870259553346,1.455087475841962,-0.6475775332438344,-0.14125327883151229,-0.1781057493664113,0.12654446660059115,-0.632834588424933,-0.1474557687191013
0.0,0.0,1.0,0.0,0.0,1.0,0.0,1.0,0.0,0.0,0.0,0.0,0.0,0.0,1.0,0.0,0.0,-1.6497186791131437,0.6079404532598227,-0.021017855522334466,-0.3187376927032675,0.9258737865415383,0.5666310927644941,-0.6475775332438344,-0.14125327883151229,-0.1781057493664113,-0.16568651602362097,-0.632834588424933,-0.1474557687191013
0.0,0.0,1.0,0.0,0.0,1.0,1.0,0.0,0.0,0.0,0.0,0.0,0.0,0.0,1.0,0.0,0.0,-1.219449824683449,0.8600823182827427,1.1042286096609966,-0.02743438669589927,-0.6096083374758099,1.187018739568588,-0.6475775332438344,-0.14125327883151229,-0.1781057493664113,0.41877544922480325,-0.632834588424933,-0.1474557687191013
0.0,0.0,1.0,0.0,0.0,1.0,0.0,0.0,0.0,1.0,0.0,0.0,0.0,0.0,0.0,1.0,0.0,1.6490092048478489,1.4147944213331667,-0.6570267271476955,-0.3187376927032675,0.9258737865415383,0.9419273235472178,-0.6475775332438344,-0.14125327883151229,-0.1781057493664113,0.12654446660059115,1.580191756725731,-0.1474557687191013
0.0,0.0,0.0,1.0,0.0,1.0,0.0,1.0,0.0,0.0,0.0,0.0,0.0,0.0,1.0,0.0,0.0,-1.362872776160014,-0.7956492620344325,0.32144845996824456,-0.8042432027155477,-0.7891872554134611,-0.5056438523290013,-0.6475775332438344,-0.14125327883151229,-0.1781057493664113,-1.6268414291446816,-0.632834588424933,-0.1474557687191013
1.0,0.0,0.0,0.0,0.0,1.0,0.0,0.0,1.0,0.0,0.0,0.0,0.0,0.0,0.0,1.0,0.0,1.0753173989415892,0.691987741600796,-0.7548742458592895,1.0406777353311174,0.9258737865415383,0.29856235649112023,-0.6246777228737981,-0.14125327883151229,-0.1781057493664113,0.7110064318490154,1.580191756725731,-0.1474557687191013
0.0,0.0,1.0,0.0,0.0,1.0,0.0,0.0,0.0,0.0,0.0,1.0,0.0,1.0,0.0,0.0,0.0,0.5016255930353297,1.1038194544715654,-0.8037980052150865,0.9435766333286616,0.8879809873436852,0.6049266265178332,1.1729573911740452,-0.14125327883151229,-0.1781057493664113,-0.16568651602362097,-0.632834588424933,-0.1474557687191013
1.0,0.0,0.0,0.0,0.0,1.0,0.0,0.0,1.0,0.0,0.0,0.0,0.0,0.0,0.0,1.0,0.0,1.362163301894719,0.5911309955916281,-0.21671289294552248,-0.5129398967081796,0.9258737865415383,0.4670627050058125,-0.6475775332438344,-0.14125327883151229,-0.1781057493664113,0.7110064318490154,1.580191756725731,-0.1474557687191013
1.0,0.0,0.0,0.0,0.0,1.0,0.0,0.0,0.0,0.0,0.0,0.0,1.0,1.0,0.0,0.0,0.0,0.7884714959884594,0.3305844017346105,-0.5591792084361015,0.4580711233163813,0.9077511434469129,0.09176647422308902,0.027966872672234102,-0.14125327883151229,-0.1781057493664113,1.0032374144732275,-0.632834588424933,-0.1474557687191013
0.0,0.0,1.0,0.0,0.0,1.0,0.0,0.0,1.0,0.0,0.0,0.0,0.0,1.0,0.0,0.0,0.0,0.3582026415587648,1.4063896924990695,-1.7333494329752295,1.817486551350766,0.8352605710684115,0.16069843497909947,3.153790988182178,-0.14125327883151229,-0.1781057493664113,-0.16568651602362097,1.580191756725731,-0.1474557687191013
0.0,1.0,0.0,0.0,0.0,1.0,0.0,0.0,0.0,0.0,0.0,0.0,1.0,0.0,1.0,0.0,0.0,-1.076026873206884,-0.560316854679707,0.3703722193240416,-1.192647610725372,0.9258737865415383,-0.2988479700609701,-0.6475775332438344,-0.14125327883151229,-0.1781057493664113,-0.7501484812720451,-0.632834588424933,-0.1474557687191013
0.0,0.0,0.0,1.0,0.0,1.0,0.0,0.0,0.0,0.0,0.0,0.0,1.0,0.0,0.0,1.0,0.0,1.5055862533712838,-1.283123534412078,-0.16778913358972547,-0.3187376927032675,0.9258737865415383,-1.0953950721304238,-0.6475775332438344,-0.14125327883151229,-0.1781057493664113,-1.3346104465204693,-0.632834588424933,-0.1474557687191013
0.0,1.0,0.0,0.0,0.0,1.0,0.0,0.0,0.0,0.0,0.0,0.0,1.0,0.0,1.0,0.0,0.0,-0.9326039217303193,0.44825060541197315,1.3977711657957785,-0.9013443047180038,-2.0248220118651896,0.9036317897938787,-0.6475775332438344,0.2244744224189452,-0.1781057493664113,-0.4579174986478331,-0.632834588424933,0.2179035177419169
0.0,0.0,1.0,0.0,0.0,1.0,0.0,0.0,0.0,0.0,0.0,1.0,0.0,1.0,0.0,0.0,0.0,0.07135673860563499,1.860245049540326,-0.9505692832824775,-0.5129398967081796,0.9258737865415383,1.1334049923139133,2.627095349671345,-0.14125327883151229,-0.1781057493664113,0.12654446660059115,-0.632834588424933,-0.1474557687191013
0.0,0.0,1.0,0.0,0.0,1.0,0.0,0.0,0.0,0.0,0.0,1.0,0.0,0.0,0.0,1.0,0.0,1.6490092048478489,0.9945579796283,1.3977711657957785,-1.192647610725372,-1.285088671002755,1.3938146218366194,-0.6475775332438344,-0.14125327883151229,-0.1781057493664113,0.12654446660059115,-0.632834588424933,-0.1474557687191013
0.0,0.0,1.0,0.0,0.0,1.0,0.0,0.0,0.0,0.0,0.0,1.0,0.0,0.0,1.0,0.0,0.0,-1.219449824683449,0.6331546397621147,1.9359325187095457,-0.9013443047180038,0.902808604421106,1.2176551665712594,-0.6475775332438344,0.31590634773155957,-0.1781057493664113,0.12654446660059115,-0.632834588424933,0.30924333935717147
1.0,0.0,0.0,0.0,1.0,0.0,0.0,1.0,0.0,0.0,0.0,0.0,0.0,1.0,0.0,0.0,0.0,0.7884714959884594,0.7172019281030881,-1.2930355987730566,1.3319810413384858,0.9258737865415383,-0.01546102028626056,0.7264110889583387,-0.14125327883151229,-0.1781057493664113,0.7110064318490154,-0.632834588424933,-0.1474557687191013
0.0,1.0,0.0,0.0,0.0,1.0,0.0,0.0,0.0,0.0,0.0,0.0,1.0,0.0,0.0,0.0,1.0,-0.2154891643474948,-0.7956492620344325,-1.0484168019940716,-0.41583879470572344,0.9258737865415383,-1.0724177518784204,0.30276459711266873,-0.14125327883151229,-0.1781057493664113,-1.0423794638962574,-0.632834588424933,-0.1474557687191013
0.0,0.0,0.0,1.0,0.0,1.0,1.0,0.0,0.0,0.0,0.0,0.0,0.0,0.0,0.0,0.0,1.0,-0.6457580187771894,-1.7201694337851396,-0.9994930426382745,-0.8042432027155477,0.9258737865415383,-1.8076919999425316,-0.6475775332438344,-0.14125327883151229,-0.1781057493664113,1.5876993797216516,-0.632834588424933,-0.1474557687191013
0.0,1.0,0.0,0.0,1.0,0.0,0.0,0.0,0.0,0.0,0.0,1.0,0.0,1.0,0.0,0.0,0.0,0.6450485445118945,0.8012492164440614,0.22360094125665056,1.3319810413384858,-1.4613725629232015,0.8270407222872002,0.3600141230377593,-0.14125327883151229,-0.1781057493664113,-0.4579174986478331,-0.632834588424933,-0.1474557687191013
0.0,0.0,1.0,0.0,0.0,1.0,0.0,0.0,0.0,0.0,0.0,1.0,0.0,0.0,1.0,0.0,0.0,-1.6497186791131437,0.8516775894486454,1.9359325187095457,-1.4839509167327403,-0.8419076716887349,1.4167919420886228,-0.6475775332438344,0.31590634773155957,-0.1781057493664113,0.12654446660059115,-0.632834588424933,0.30924333935717147
0.0,0.0,1.0,0.0,0.0,1.0,0.0,0.0,0.0,1.0,0.0,0.0,0.0,0.0,0.0,0.0,1.0,-0.7891809702537543,1.0281768949646894,0.7128385348146206,-1.095546508722916,0.8912760133608898,1.2099960598205917,-0.6246777228737981,-0.14125327883151229,-0.1781057493664113,0.12654446660059115,1.580191756725731,-0.1474557687191013
0.0,0.0,1.0,0.0,0.0,1.0,0.0,0.0,0.0,0.0,0.0,0.0,1.0,1.0,0.0,0.0,0.0,0.3582026415587648,1.7257693881947684,-0.4124079303687105,1.72038544934831,0.9143411954813221,1.3325417678312768,0.6691615630332481,-0.14125327883151229,-0.1781057493664113,0.41877544922480325,-0.632834588424933,-0.1474557687191013
0.0,0.0,0.0,1.0,0.0,1.0,0.0,1.0,0.0,0.0,0.0,0.0,0.0,0.0,0.0,0.0,1.0,-0.2154891643474948,-1.005767482886866,-1.3419593581288536,-0.9984454067204599,0.7578274596641031,-1.4094184489078048,-0.3613299036183816,-0.14125327883151229,-0.1781057493664113,-1.6268414291446816,-0.632834588424933,-0.1474557687191013
0.0,1.0,0.0,0.0,0.0,1.0,0.0,0.0,0.0,0.0,0.0,1.0,0.0,0.0,0.0,1.0,0.0,0.9318944474650244,0.5575120802552386,-0.31456041165711646,5.313126223439185,0.9258737865415383,0.39813074424980205,-0.4185794295434721,-0.14125327883151229,-0.1781057493664113,-0.7501484812720451,-0.632834588424933,-0.1474557687191013
0.0,0.0,0.0,1.0,0.0,1.0,0.0,0.0,0.0,0.0,0.0,0.0,1.0,0.0,0.0,0.0,1.0,-0.3589121158240597,-2.0311444006467405,-0.6081029677918985,1.6232843473458538,0.8945710393780945,-1.8919421741998776,-0.5330784813936532,-0.14125327883151229,-0.1781057493664113,1.5876993797216516,-0.632834588424933,-0.1474557687191013
0.0,0.0,1.0,0.0,0.0,1.0,1.0,0.0,0.0,0.0,0.0,0.0,0.0,0.0,0.0,1.0,0.0,1.0753173989415892,1.6669362863560868,-0.7059504865034925,0.263868919311469,0.9011610914125037,1.1257458855632454,0.027966872672234102,-0.14125327883151229,-0.1781057493664113,0.12654446660059115,-0.632834588424933,-0.1474557687191013
0.0,0.0,1.0,0.0,0.0,1.0,0.0,0.0,0.0,0.0,0.0,1.0,0.0,0.0,0.0,0.0,1.0,-0.5023350673006246,0.918915420121424,1.2509998877283877,1.72038544934831,0.8846859613264806,1.28658712732727,-0.10943198954798321,-0.14125327883151229,-0.1781057493664113,0.41877544922480325,-0.632834588424933,-0.1474557687191013
0.0,0.0,0.0,1.0,0.0,1.0,0.0,0.0,0.0,0.0,1.0,0.0,0.0,1.0,0.0,0.0,0.0,0.3582026415587648,-1.1654573307347154,-1.2930355987730566,-0.3187376927032675,0.6721567832167833,-1.5089868366664865,0.24551507118757826,-0.14125327883151229,-0.1781057493664113,-1.6268414291446816,-0.632834588424933,-0.1474557687191013
0.0,0.0,0.0,1.0,0.0,1.0,0.0,0.0,1.0,0.0,0.0,0.0,0.0,0.0,0.0,1.0,0.0,1.2187403504181542,-1.81262145096021,-1.3419593581288536,2.302992061363046,0.9258737865415383,-2.06044252271457,-0.6475775332438344,-0.14125327883151229,-0.1781057493664113,-1.3346104465204693,1.580191756725731,-0.1474557687191013
1.0,0.0,0.0,0.0,0.0,1.0,0.0,0.0,0.0,0.0,0.0,1.0,0.0,0.0,0.0,1.0,0.0,1.5055862533712838,0.2045134692231505,0.5171434973914326,-0.9013443047180038,0.9044561174297082,0.42110806450180555,-0.6475775332438344,-0.14125327883151229,-0.1781057493664113,1.0032374144732275,-0.632834588424933,-0.1474557687191013
0.0,1.0,0.0,0.0,0.0,1.0,1.0,0.0,0.0,0.0,0.0,0.0,0.0,0.0,1.0,0.0,0.0,-1.219449824683449,-0.23253243014991093,0.46821973803563555,-0.9984454067204599,-0.9078081920328271,0.022834513467078568,-0.6475775332438344,-0.14125327883151229,-0.1781057493664113,-1.0423794638962574,-0.632834588424933,-0.1474557687191013
0.0,0.0,0.0,1.0,0.0,1.0,0.0,0.0,0.0,0.0,0.0,1.0,0.0,0.0,1.0,0.0,0.0,-1.076026873206884,-2.0311444006467405,-0.4124079303687105,-0.5129398967081796,0.902808604421106,-1.8153511066931993,-0.6475775332438344,-0.14125327883151229,-0.1781057493664113,-1.6268414291446816,-0.632834588424933,-0.1474557687191013
0.0,0.0,1.0,0.0,0.0,1.0,0.0,0.0,0.0,0.0,0.0,1.0,0.0,0.0,1.0,0.0,0.0,-1.6497186791131437,0.6163451820939199,1.8870087593537486,-1.3868498147302841,-2.0676573500888495,1.1946778463192558,-0.6475775332438344,4.887502613362278,-0.1781057493664113,0.12654446660059115,-0.632834588424933,4.876234420119899
1.0,0.0,0.0,0.0,0.0,1.0,0.0,0.0,1.0,0.0,0.0,0.0,0.0,0.0,0.0,1.0,0.0,1.6490092048478489,-0.11486622647254834,-0.021017855522334466,-1.6781531207376523,0.21250065381674021,-0.053756554039599655,-0.6475775332438344,-0.14125327883151229,-0.1781057493664113,1.0032374144732275,1.580191756725731,-0.1474557687191013
0.0,1.0,0.0,0.0,0.0,1.0,0.0,0.0,0.0,0.0,0.0,0.0,1.0,0.0,0.0,1.0,0.0,1.5055862533712838,0.23813238455953986,0.07682966318925954,0.8464755313262055,0.9258737865415383,0.29090324974045245,-0.6475775332438344,-0.14125327883151229,-0.1781057493664113,-0.4579174986478331,-0.632834588424933,-0.1474557687191013
1.0,0.0,0.0,0.0,0.0,1.0,1.0,0.0,0.0,0.0,0.0,0.0,0.0,0.0,1.0,0.0,0.0,-1.6497186791131437,-0.08965203997025627,1.8380849999979516,1.3319810413384858,-0.41684931546934023,0.535994665761823,-0.6475775332438344,16.316493277439072,-0.1781057493664113,1.2954683970974397,-0.632834588424933,16.293712122026715
1.0,0.0,0.0,0.0,0.0,1.0,0.0,0.0,0.0,1.0,0.0,0.0,0.0,0.0,0.0,1.0,0.0,1.362163301894719,1.1038194544715654,0.17467718190085355,0.555172225318837,0.9258737865415383,1.0721321383085707,-0.6475775332438344,-0.14125327883151229,-0.1781057493664113,0.7110064318490154,1.580191756725731,-0.1474557687191013
1.0,0.0,0.0,0.0,0.0,1.0,0.0,0.0,1.0,0.0,0.0,0.0,0.0,1.0,0.0,0.0,0.0,0.07135673860563499,1.0365816237987866,0.22360094125665056,-0.8042432027155477,0.9258737865415383,1.0338366045552316,0.5088628904429947,-0.14125327883151229,-0.1781057493664113,0.7110064318490154,1.580191756725731,-0.1474557687191013
0.0,1.0,0.0,0.0,0.0,1.0,0.0,0.0,0.0,0.0,0.0,0.0,1.0,0.0,1.0,0.0,0.0,-0.9326039217303193,-0.09805676880435357,1.8870087593537486,1.6232843473458538,-1.8666607630393686,0.5436537725124907,-0.6475775332438344,2.6017044805469185,-0.1781057493664113,-0.7501484812720451,-0.632834588424933,2.592738879738535
0.0,0.0,0.0,1.0,0.0,1.0,0.0,0.0,0.0,0.0,0.0,0.0,1.0,1.0,0.0,0.0,0.0,0.07135673860563499,-0.4594601086705391,-0.5102554490803045,0.8464755313262055,-1.3806444255016885,-0.5362802793316727,-0.20103123102812803,-0.14125327883151229,-0.1781057493664113,-1.3346104465204693,-0.632834588424933,-0.1474557687191013
0.0,1.0,0.0,0.0,0.0,1.0,0.0,0.0,0.0,0.0,0.0,1.0,0.0,0.0,1.0,0.0,0.0,-0.9326039217303193,-0.5266979393433178,-0.11886537423392847,-0.8042432027155477,-1.4300698157597578,-0.42905278482232306,-0.6475775332438344,-0.14125327883151229,-0.1781057493664113,-1.0423794638962574,-0.632834588424933,-0.1474557687191013
1.0,0.0,0.0,0.0,0.0,1.0,1.0,0.0,0.0,0.0,0.0,0.0,0.0,0.0,1.0,0.0,0.0,-1.362872776160014,-0.022414209297477516,0.027905903833462538,-0.8042432027155477,0.6029612368554865,0.045811833719082096,-0.6475775332438344,-0.14125327883151229,-0.1781057493664113,1.0032374144732275,-0.632834588424933,-0.1474557687191013
0.0,0.0,1.0,0.0,0.0,1.0,0.0,0.0,0.0,0.0,0.0,1.0,0.0,0.0,0.0,0.0,1.0,-0.5023350673006246,1.297128217655804,0.27252470061244755,0.263868919311469,0.9258737865415383,1.278928020576602,0.37146402822277746,-0.14125327883151229,-0.1781057493664113,0.41877544922480325,-0.632834588424933,-0.1474557687191013
1.0,0.0,0.0,0.0,0.0,1.0,0.0,0.0,0.0,0.0,1.0,0.0,0.0,0.0,1.0,0.0,0.0,-0.9326039217303193,-0.4426506510023444,1.2999236470841846,-0.8042432027155477,0.1713128286016826,0.08410736747242123,-0.6475775332438344,-0.14125327883151229,-0.1781057493664113,1.0032374144732275,-0.632834588424933,-0.1474557687191013
0.0,1.0,0.0,0.0,0.0,1.0,0.0,1.0,0.0,0.0,0.0,0.0,0.0,0.0,0.0,1.0,0.0,1.362163301894719,0.38941750357329186,0.22360094125665056,-1.192647610725372,-0.18784500727361989,0.47472181175648026,-0.6475775332438344,-0.14125327883151229,-0.1781057493664113,-0.4579174986478331,-0.632834588424933,-0.1474557687191013
1.0,0.0,0.0,0.0,0.0,1.0,0.0,0.0,1.0,0.0,0.0,0.0,0.0,0.0,1.0,0.0,0.0,-1.076026873206884,-0.3501986338272737,0.8106860535262146,-1.2897487127278282,0.7232296864834548,0.03049362021774643,-0.6475775332438344,-0.14125327883151229,-0.1781057493664113,1.0032374144732275,1.580191756725731,-0.1474557687191013
0.0,1.0,0.0,0.0,0.0,1.0,0.0,1.0,0.0,0.0,0.0,0.0,0.0,0.0,0.0,0.0,1.0,-0.07206621287092989,0.08684726554578777,-1.2930355987730566,-0.41583879470572344,0.9258737865415383,-0.5056438523290013,2.4095471511560005,-0.14125327883151229,-0.1781057493664113,-0.7501484812720451,-0.632834588424933,-0.1474557687191013
0.0,1.0,0.0,0.0,0.0,1.0,0.0,0.0,0.0,0.0,0.0,1.0,0.0,0.0,0.0,0.0,1.0,-0.6457580187771894,-0.4930790240069284,-0.4124079303687105,-0.6100409987106356,0.02633168384467976,-0.520962065830337,-0.5330784813936532,-0.14125327883151229,-0.1781057493664113,-0.7501484812720451,-0.632834588424933,-0.1474557687191013
1.0,0.0,0.0,0.0,0.0,1.0,0.0,0.0,0.0,0.0,1.0,0.0,0.0,0.0,1.0,0.0,0.0,-1.5062957276365787,0.7424161146053799,1.2999236470841846,-1.4839509167327403,-0.046158888533821656,1.141064099064581,-0.6475775332438344,-0.14125327883151229,-0.1781057493664113,0.7110064318490154,-0.632834588424933,-0.1474557687191013
0.0,0.0,1.0,0.0,0.0,1.0,0.0,1.0,0.0,0.0,0.0,0.0,0.0,0.0,0.0,0.0,1.0,-0.7891809702537543,0.465060063080168,0.12575342254505653,-0.9013443047180038,0.9258737865415383,0.5053582387591516,-0.61322781768878,-0.14125327883151229,-0.1781057493664113,-0.16568651602362097,-0.632834588424933,-0.1474557687191013
1.0,0.0,0.0,0.0,0.0,1.0,0.0,0.0,0.0,0.0,1.0,0.0,0.0,0.0,0.0,0.0,1.0,-0.7891809702537543,-1.1822667884029099,-0.8527217645708836,-0.9984454067204599,0.9258737865415383,-1.2945318476477874,-0.6475775332438344,-0.14125327883151229,-0.1781057493664113,1.2954683970974397,-0.632834588424933,-0.1474557687191013
1.0,0.0,0.0,0.0,0.0,1.0,0.0,0.0,1.0,0.0,0.0,0.0,0.0,0.0,1.0,0.0,0.0,-0.9326039217303193,-0.4258411933341497,0.32144845996824456,-0.1245354886983552,0.9258737865415383,-0.19162047555162054,-0.6475775332438344,-0.14125327883151229,-0.1781057493664113,1.0032374144732275,1.580191756725731,-0.1474557687191013
0.0,0.0,1.0,0.0,0.0,1.0,0.0,0.0,1.0,0.0,0.0,0.0,0.0,0.0,0.0,1.0,0.0,1.362163301894719,0.7844397587758666,0.6639147754588236,-0.22163659070081138,0.6227313929587142,0.972563750549889,-0.6475775332438344,-0.049821353518897916,-0.1781057493664113,-0.16568651602362097,1.580191756725731,-0.05611594710384673
1.0,0.0,0.0,0.0,0.0,1.0,0.0,0.0,0.0,0.0,0.0,0.0,1.0,0.0,1.0,0.0,0.0,-0.9326039217303193,-0.6527688718547778,0.6639147754588236,-1.4839509167327403,-0.2636306056693259,-0.2835297565596344,-0.6475775332438344,-0.14125327883151229,-0.1781057493664113,1.2954683970974397,-0.632834588424933,-0.1474557687191013
0.0,0.0,1.0,0.0,0.0,1.0,0.0,0.0,1.0,0.0,0.0,0.0,0.0,0.0,0.0,1.0,0.0,1.362163301894719,0.9105106912873266,1.2509998877283877,-0.9984454067204599,0.18778795868770565,1.278928020576602,-0.6475775332438344,-0.14125327883151229,-0.1781057493664113,-0.16568651602362097,1.580191756725731,-0.1474557687191013
0.0,1.0,0.0,0.0,0.0,1.0,0.0,0.0,0.0,1.0,0.0,0.0,0.0,0.0,0.0,0.0,1.0,-0.2154891643474948,-0.6023404988501937,0.5171434973914326,0.8464755313262055,-1.8254729378243109,-0.2835297565596344,0.9897589082137552,-0.14125327883151229,-0.1781057493664113,-1.0423794638962574,1.580191756725731,-0.1474557687191013
0.0,0.0,0.0,1.0,0.0,1.0,0.0,0.0,0.0,0.0,0.0,1.0,0.0,0.0,0.0,0.0,1.0,-0.6457580187771894,-1.5940985012736797,-0.06994161487813147,1.3319810413384858,0.4085547018404145,-1.3251682746504585,-0.6475775332438344,-0.14125327883151229,1.873110506278306,-1.6268414291446816,-0.632834588424933,-0.07438391142689764
0.0,0.0,1.0,0.0,0.0,1.0,0.0,0.0,0.0,1.0,0.0,0.0,0.0,0.0,0.0,0.0,1.0,-0.3589121158240597,1.1710572851443442,0.6149910161030265,-0.7071421007130917,0.13177251639522727,1.2942462340779375,0.4630632697029223,-0.14125327883151229,-0.1781057493664113,0.12654446660059115,1.580191756725731,-0.1474557687191013
0.0,0.0,0.0,1.0,0.0,1.0,0.0,0.0,1.0,0.0,0.0,0.0,0.0,0.0,0.0,1.0,0.0,1.6490092048478489,-1.1486478730665206,-0.9505692832824775,-0.41583879470572344,0.48269278722751824,-1.309850061149123,-0.6475775332438344,-0.14125327883151229,-0.1781057493664113,-1.3346104465204693,1.580191756725731,-0.1474557687191013
0.0,0.0,1.0,0.0,0.0,1.0,1.0,0.0,0.0,0.0,0.0,0.0,0.0,0.0,1.0,0.0,0.0,-0.9326039217303193,1.1878667428125387,1.3488474064399816,-0.9013443047180038,-1.2867361840113571,1.5546558636006438,-0.6475775332438344,-0.14125327883151229,-0.1781057493664113,0.12654446660059115,-0.632834588424933,-0.1474557687191013
1.0,0.0,0.0,0.0,0.0,1.0,0.0,0.0,0.0,1.0,0.0,0.0,0.0,1.0,0.0,0.0,0.0,0.6450485445118945,-0.29977026082268965,-0.11886537423392847,-0.6100409987106356,-1.2521384108307088,-0.24523422280629528,-0.02928265325285637,-0.14125327883151229,1.873110506278306,1.2954683970974397,1.580191756725731,-0.07438391142689764
0.0,0.0,0.0,1.0,0.0,1.0,0.0,0.0,0.0,1.0,0.0,0.0,0.0,0.0,0.0,0.0,1.0,-0.07206621287092989,-0.6695783295229725,1.3977711657957785,-0.3187376927032675,-1.8403005549017317,-0.09205208779293877,-0.3613299036183816,-0.14125327883151229,-0.1781057493664113,1.5876993797216516,1.580191756725731,-0.1474557687191013
0.0,0.0,1.0,0.0,0.0,1.0,0.0,1.0,0.0,0.0,0.0,0.0,0.0,0.0,0.0,1.0,0.0,1.2187403504181542,1.4063896924990695,0.12575342254505653,1.6232843473458538,0.14330510745544342,1.3095644475792731,-0.6475775332438344,-0.14125327883151229,-0.1781057493664113,0.41877544922480325,-0.632834588424933,-0.1474557687191013
0.0,0.0,1.0,0.0,0.0,1.0,0.0,0.0,0.0,0.0,0.0,1.0,0.0,0.0,0.0,0.0,1.0,-0.3589121158240597,1.5072464385082376,-0.11886537423392847,-0.9013443047180038,0.8352605710684115,1.28658712732727,0.8638099511785562,-0.14125327883151229,-0.1781057493664113,0.41877544922480325,-0.632834588424933,-0.1474557687191013
1.0,0.0,0.0,0.0,0.0,1.0,0.0,0.0,1.0,0.0,0.0,0.0,0.0,0.0,0.0,0.0,1.0,-0.2154891643474948,1.0870099968033708,-0.21671289294552248,-0.22163659070081138,0.9258737865415383,0.8883135762925428,1.791252271165023,-0.14125327883151229,-0.1781057493664113,0.7110064318490154,1.580191756725731,-0.1474557687191013
0.0,0.0,0.0,1.0,1.0,0.0,1.0,0.0,0.0,0.0,0.0,0.0,0.0,1.0,0.0,0.0,0.0,0.5016255930353297,-0.7620303466980431,-1.5865781549078386,1.72038544934831,0.9258737865415383,-1.3864411286558012,1.356155874134335,-0.14125327883151229,-0.1781057493664113,-1.3346104465204693,-0.632834588424933,-0.1474557687191013
0.0,0.0,1.0,0.0,0.0,1.0,0.0,1.0,0.0,0.0,0.0,0.0,0.0,1.0,0.0,0.0,0.0,0.3582026415587648,1.7341741170288658,-0.6570267271476955,0.7493744293237493,0.6672142441909764,1.2099960598205917,3.0507418415170156,-0.14125327883151229,-0.1781057493664113,0.12654446660059115,-0.632834588424933,-0.1474557687191013
1.0,0.0,0.0,0.0,0.0,1.0,0.0,0.0,0.0,0.0,0.0,0.0,1.0,0.0,0.0,1.0,0.0,1.5055862533712838,0.42303641890968136,-0.7548742458592895,-0.02743438669589927,0.9258737865415383,0.07644826072175336,-0.6475775332438344,-0.14125327883151229,-0.1781057493664113,0.7110064318490154,-0.632834588424933,-0.1474557687191013
1.0,0.0,0.0,0.0,0.0,1.0,0.0,1.0,0.0,0.0,0.0,0.0,0.0,0.0,1.0,0.0,0.0,-1.6497186791131437,-0.14008041297484025,-0.11886537423392847,-1.4839509167327403,0.5601258986318266,-0.10737030129427444,-0.6475775332438344,-0.14125327883151229,-0.1781057493664113,1.0032374144732275,-0.632834588424933,-0.1474557687191013
0.0,0.0,0.0,1.0,0.0,1.0,0.0,0.0,0.0,1.0,0.0,0.0,0.0,0.0,0.0,1.0,0.0,0.9318944474650244,-0.8628870927072111,-1.6355019142636356,1.2348799393360297,0.9258737865415383,-1.5013277299158185,-0.39567961917343597,-0.14125327883151229,-0.1781057493664113,-1.3346104465204693,1.580191756725731,-0.1474557687191013
0.0,1.0,0.0,0.0,0.0,1.0,0.0,0.0,0.0,0.0,0.0,0.0,1.0,1.0,0.0,0.0,0.0,0.7884714959884594,-0.8881012792095032,0.9574573315936056,0.263868919311469,0.9258737865415383,-0.39841635781965185,-0.3613299036183816,-0.14125327883151229,-0.1781057493664113,-1.0423794638962574,-0.632834588424933,-0.1474557687191013
1.0,0.0,0.0,0.0,0.0,1.0,0.0,0.0,0.0,0.0,1.0,0.0,0.0,0.0,0.0,0.0,1.0,-0.5023350673006246,-0.43424592216824703,0.8596098128820115,-0.5129398967081796,-0.24386044956609823,-0.03077923378759619,-0.3613299036183816,-0.14125327883151229,-0.1781057493664113,1.0032374144732275,-0.632834588424933,-0.1474557687191013
0.0,1.0,0.0,0.0,0.0,1.0,0.0,0.0,0.0,1.0,0.0,0.0,0.0,0.0,0.0,1.0,0.0,0.9318944474650244,-0.13167568414074293,1.1042286096609966,-0.22163659070081138,0.06092945702532817,0.30622146324178817,-0.5674281969487076,-0.14125327883151229,-0.1781057493664113,-1.0423794638962574,1.580191756725731,-0.1474557687191013
0.0,0.0,0.0,1.0,0.0,1.0,0.0,0.0,0.0,0.0,0.0,0.0,1.0,0.0,0.0,1.0,0.0,1.362163301894719,-1.8882640104670863,-0.5591792084361015,0.263868919311469,0.9258737865415383,-1.7540782526878569,-0.6475775332438344,-0.14125327883151229,-0.1781057493664113,-1.6268414291446816,-0.632834588424933,-0.1474557687191013
0.0,1.0,0.0,0.0,0.0,1.0,0.0,0.0,1.0,0.0,0.0,0.0,0.0,0.0,0.0,0.0,1.0,-0.6457580187771894,-0.04762839579976958,0.46821973803563555,-0.6100409987106356,-1.6162387857318181,0.18367575523110294,-0.39567961917343597,-0.14125327883151229,-0.1781057493664113,-0.7501484812720451,1.580191756725731,-0.1474557687191013
0.0,0.0,0.0,1.0,0.0,1.0,1.0,0.0,0.0,0.0,0.0,0.0,0.0,1.0,0.0,0.0,0.0,0.6450485445118945,-1.585693772439582,-1.8311969516868236,-0.6100409987106356,0.9258737865415383,-2.2136246577279266,0.10811620896736095,-0.14125327883151229,-0.1781057493664113,-1.6268414291446816,-0.632834588424933,-0.1474557687191013
0.0,0.0,1.0,0.0,0.0,1.0,0.0,0.0,0.0,0.0,0.0,0.0,1.0,1.0,0.0,0.0,0.0,0.07135673860563499,1.263509302319415,0.7128385348146206,0.36097002131392514,-0.18454998125641525,1.409132835337955,0.3485642178527412,-0.14125327883151229,-0.1781057493664113,0.12654446660059115,-0.632834588424933,-0.1474557687191013
0.0,0.0,0.0,1.0,0.0,1.0,0.0,0.0,0.0,0.0,1.0,0.0,0.0,1.0,0.0,0.0,0.0,0.6450485445118945,-1.005767482886866,-1.5865781549078386,0.36097002131392514,0.8550307271716391,-1.5779187974224969,0.2913146919276506,-0.14125327883151229,-0.1781057493664113,-1.3346104465204693,-0.632834588424933,-0.1474557687191013
0.0,0.0,0.0,1.0,0.0,1.0,1.0,0.0,0.0,0.0,0.0,0.0,0.0,0.0,1.0,0.0,0.0,-0.9326039217303193,-1.6697410607805554,0.12575342254505653,-1.4839509167327403,0.4711601961673021,-1.3251682746504585,-0.6475775332438344,-0.14125327883151229,-0.1781057493664113,-1.3346104465204693,-0.632834588424933,-0.1474557687191013
0.0,0.0,0.0,1.0,1.0,0.0,0.0,1.0,0.0,0.0,0.0,0.0,0.0,1.0,0.0,0.0,0.0,0.5016255930353297,-0.8460776350390165,-1.5376543955520416,1.1377788373335735,0.45633257908988134,-1.4170775556584725,0.24551507118757826,-0.14125327883151229,-0.1781057493664113,-1.6268414291446816,-0.632834588424933,-0.1474557687191013
0.0,0.0,0.0,1.0,0.0,1.0,0.0,1.0,0.0,0.0,0.0,0.0,0.0,0.0,0.0,1.0,0.0,1.5055862533712838,-1.4512181110940245,-0.06994161487813147,-0.02743438669589927,0.9258737865415383,-1.2026225666397736,-0.6475775332438344,-0.14125327883151229,-0.1781057493664113,-1.3346104465204693,-0.632834588424933,-0.1474557687191013
0.0,1.0,0.0,0.0,0.0,1.0,0.0,0.0,0.0,0.0,1.0,0.0,0.0,0.0,0.0,1.0,0.0,1.362163301894719,-0.039223666965672276,1.2999236470841846,0.6522733273212932,-1.6112962467060112,0.44408538475380893,-0.6475775332438344,-0.14125327883151229,-0.1781057493664113,-0.4579174986478331,-0.632834588424933,-0.1474557687191013
0.0,0.0,1.0,0.0,0.0,1.0,1.0,0.0,0.0,0.0,0.0,0.0,0.0,0.0,0.0,1.0,0.0,1.6490092048478489,1.2719140311535122,0.5660672567472296,-0.41583879470572344,0.6144938279157026,1.3708373015846158,-0.6475775332438344,-0.14125327883151229,-0.1781057493664113,0.12654446660059115,-0.632834588424933,-0.1474557687191013
1.0,0.0,0.0,0.0,0.0,1.0,0.0,0.0,0.0,0.0,0.0,1.0,0.0,0.0,0.0,1.0,0.0,1.5055862533712838,-0.5435073970115124,-1.2441118394172594,0.36097002131392514,-1.1796478384522073,-0.9805084708704065,-0.6475775332438344,-0.14125327883151229,-0.1781057493664113,1.2954683970974397,-0.632834588424933,-0.1474557687191013
0.0,0.0,0.0,1.0,0.0,1.0,0.0,0.0,0.0,0.0,0.0,1.0,0.0,1.0,0.0,0.0,0.0,0.7884714959884594,-0.7704350755321404,-1.9290444703984175,1.817486551350766,0.9258737865415383,-1.6774871851811786,0.01651696748721598,-0.14125327883151229,-0.1781057493664113,-1.3346104465204693,-0.632834588424933,-0.1474557687191013
1.0,0.0,0.0,0.0,0.0,1.0,0.0,1.0,0.0,0.0,0.0,0.0,0.0,0.0,1.0,0.0,0.0,-1.362872776160014,0.9441296066237161,0.46821973803563555,-0.7071421007130917,0.9258737865415383,1.0491548180565673,-0.6475775332438344,-0.14125327883151229,-0.1781057493664113,0.7110064318490154,-0.632834588424933,-0.1474557687191013
1.0,0.0,0.0,0.0,0.0,1.0,0.0,0.0,0.0,0.0,0.0,0.0,1.0,0.0,1.0,0.0,0.0,-0.9326039217303193,0.5575120802552386,1.1531523690167935,-1.192647610725372,0.9258737865415383,0.9342682167965498,-0.6475775332438344,-0.14125327883151229,-0.1781057493664113,0.7110064318490154,-0.632834588424933,-0.1474557687191013
0.0,1.0,0.0,0.0,0.0,1.0,0.0,0.0,1.0,0.0,0.0,0.0,0.0,0.0,1.0,0.0,0.0,-1.076026873206884,0.1456803673844692,0.7128385348146206,-1.192647610725372,-0.7315243001123805,0.4287671712524734,-0.6475775332438344,-0.14125327883151229,-0.1781057493664113,-0.4579174986478331,1.580191756725731,-0.1474557687191013
0.0,0.0,1.0,0.0,0.0,1.0,0.0,0.0,0.0,0.0,1.0,0.0,0.0,0.0,0.0,0.0,1.0,-0.2154891643474948,1.3811755059967776,0.46821973803563555,0.06966671530655688,-0.8106049245252911,1.4244510488392905,-0.02928265325285637,-0.14125327883151229,-0.1781057493664113,0.12654446660059115,-0.632834588424933,-0.1474557687191013
0.0,1.0,0.0,0.0,0.0,1.0,0.0,0.0,0.0,0.0,0.0,0.0,1.0,1.0,0.0,0.0,0.0,0.07135673860563499,0.1877040115549559,-0.21671289294552248,0.36097002131392514,0.9077511434469129,0.13006200797642814,2.5927456341162904,-0.14125327883151229,-0.1781057493664113,-0.7501484812720451,-0.632834588424933,-0.1474557687191013
0.0,1.0,0.0,0.0,0.0,1.0,1.0,0.0,0.0,0.0,0.0,0.0,0.0,0.0,0.0,1.0,0.0,1.0753173989415892,-0.6947925160252644,-0.5102554490803045,2.011688755355678,-0.5140525829768763,-0.7354170548490361,-0.45292914509852644,-0.14125327883151229,-0.1781057493664113,-0.7501484812720451,-0.632834588424933,-0.1474557687191013
1.0,0.0,0.0,0.0,0.0,1.0,0.0,0.0,0.0,0.0,1.0,0.0,0.0,0.0,0.0,1.0,0.0,1.362163301894719,0.6247499109280173,-0.06994161487813147,0.263868919311469,0.9258737865415383,0.5589719860138264,-0.6475775332438344,-0.14125327883151229,-0.1781057493664113,1.0032374144732275,-0.632834588424933,-0.1474557687191013
0.0,0.0,1.0,0.0,0.0,1.0,0.0,0.0,0.0,1.0,0.0,0.0,0.0,1.0,0.0,0.0,0.0,0.5016255930353297,2.0535538127245645,-1.2441118394172594,0.263868919311469,0.6227313929587142,1.0797912450592384,2.008800469680367,-0.14125327883151229,-0.1781057493664113,0.12654446660059115,1.580191756725731,-0.1474557687191013
0.0,0.0,1.0,0.0,0.0,1.0,0.0,0.0,0.0,0.0,0.0,1.0,0.0,0.0,0.0,0.0,1.0,-0.5023350673006246,1.4147944213331667,0.027905903833462538,-0.9013443047180038,0.476102735193109,1.278928020576602,0.531762700813031,-0.14125327883151229,-0.1781057493664113,0.12654446660059115,-0.632834588424933,-0.1474557687191013
1.0,0.0,0.0,0.0,0.0,1.0,0.0,1.0,0.0,0.0,0.0,0.0,0.0,0.0,0.0,1.0,0.0,1.0753173989415892,-0.4174364645000524,-0.2656366523013195,1.9145876533532222,0.9258737865415383,-0.39841635781965185,-0.6475775332438344,-0.14125327883151229,-0.1781057493664113,1.0032374144732275,-0.632834588424933,-0.1474557687191013
0.0,0.0,1.0,0.0,0.0,1.0,0.0,0.0,0.0,1.0,0.0,0.0,0.0,1.0,0.0,0.0,0.0,0.6450485445118945,1.1374383698079549,-0.36348417101291347,0.4580711233163813,-1.036314206703807,0.8653362560405393,0.8065604252534656,-0.14125327883151229,-0.1781057493664113,-0.16568651602362097,1.580191756725731,-0.1474557687191013
0.0,1.0,0.0,0.0,0.0,1.0,0.0,0.0,0.0,0.0,0.0,0.0,1.0,0.0,1.0,0.0,0.0,-1.362872776160014,-0.9805532963845739,-0.9016455239266805,1.1377788373335735,0.9258737865415383,-1.1490088193850985,-0.6475775332438344,-0.14125327883151229,-0.1781057493664113,-1.0423794638962574,-0.632834588424933,-0.1474557687191013
0.0,0.0,1.0,0.0,0.0,1.0,0.0,0.0,0.0,0.0,0.0,1.0,0.0,0.0,0.0,0.0,1.0,-0.7891809702537543,0.7928444876099641,1.2020761283725907,-0.9013443047180038,-1.484437745043634,1.1563823125659167,-0.6475775332438344,0.2244744224189452,-0.1781057493664113,-0.16568651602362097,-0.632834588424933,0.2179035177419169
0.0,1.0,0.0,0.0,0.0,1.0,0.0,0.0,0.0,0.0,0.0,0.0,1.0,0.0,0.0,1.0,0.0,1.0753173989415892,0.48186952074836265,-0.31456041165711646,1.6232843473458538,0.9258737865415383,0.3368578902444594,-0.08653217917794698,-0.14125327883151229,-0.1781057493664113,-0.4579174986478331,-0.632834588424933,-0.1474557687191013
1.0,0.0,0.0,0.0,0.0,1.0,0.0,0.0,0.0,0.0,1.0,0.0,0.0,0.0,0.0,1.0,0.0,1.6490092048478489,-0.4426506510023444,0.22360094125665056,-1.2897487127278282,0.1795503936446941,-0.24523422280629528,-0.6475775332438344,-0.14125327883151229,-0.1781057493664113,1.2954683970974397,-0.632834588424933,-0.1474557687191013
0.0,0.0,0.0,1.0,0.0,1.0,0.0,0.0,0.0,0.0,0.0,1.0,0.0,1.0,0.0,0.0,0.0,0.5016255930353297,-1.232695161407494,-0.16778913358972547,0.7493744293237493,0.746294868603887,-1.049440431626417,0.0852163985973247,-0.14125327883151229,-0.1781057493664113,-1.6268414291446816,-0.632834588424933,-0.1474557687191013
1.0,0.0,0.0,0.0,1.0,0.0,0.0,0.0,0.0,1.0,0.0,0.0,0.0,0.0,1.0,0.0,0.0,-1.362872776160014,0.24653711339363718,0.6639147754588236,-0.41583879470572344,0.9258737865415383,0.5053582387591516,-0.6475775332438344,-0.14125327883151229,-0.1781057493664113,0.7110064318490154,1.580191756725731,-0.1474557687191013
0.0,1.0,0.0,0.0,1.0,0.0,0.0,0.0,0.0,0.0,0.0,1.0,0.0,0.0,0.0,1.0,0.0,1.5055862533712838,0.5743215379234332,0.8106860535262146,-0.9013443047180038,-1.5190355182242823,0.842358935788536,-0.6475775332438344,-0.14125327883151229,-0.1781057493664113,-0.4579174986478331,-0.632834588424933,-0.1474557687191013
1.0,0.0,0.0,0.0,0.0,1.0,1.0,0.0,0.0,0.0,0.0,0.0,0.0,1.0,0.0,0.0,0.0,0.5016255930353297,0.5575120802552386,-1.3908831174846505,1.2348799393360297,0.8780959092920714,-0.20693868905295615,1.5164545467245882,-0.14125327883151229,-0.1781057493664113,1.0032374144732275,-0.632834588424933,-0.1474557687191013
0.0,1.0,0.0,0.0,0.0,1.0,0.0,0.0,0.0,0.0,1.0,0.0,0.0,0.0,1.0,0.0,0.0,-1.6497186791131437,-0.29977026082268965,-0.9016455239266805,0.6522733273212932,0.9044561174297082,-0.5898940265863474,-0.6475775332438344,-0.14125327883151229,-0.1781057493664113,-0.7501484812720451,-0.632834588424933,-0.1474557687191013
0.0,1.0,0.0,0.0,0.0,1.0,0.0,1.0,0.0,0.0,0.0,0.0,0.0,0.0,0.0,1.0,0.0,1.5055862533712838,0.44825060541197315,0.9574573315936056,-0.1245354886983552,-1.7480398264200026,0.7734269750325254,-0.6475775332438344,-0.14125327883151229,-0.1781057493664113,-0.7501484812720451,-0.632834588424933,-0.1474557687191013
1.0,0.0,0.0,0.0,0.0,1.0,0.0,0.0,0.0,0.0,1.0,0.0,0.0,1.0,0.0,0.0,0.0,0.3582026415587648,0.1708945538867611,-1.2441118394172594,-0.22163659070081138,-0.6475011366736629,-0.4060754645703196,0.8523600459935381,-0.14125327883151229,-0.1781057493664113,1.2954683970974397,-0.632834588424933,-0.1474557687191013
0.0,0.0,1.0,0.0,0.0,1.0,0.0,0.0,1.0,0.0,0.0,0.0,0.0,0.0,0.0,1.0,0.0,1.0753173989415892,1.0617958103010787,0.027905903833462538,1.0406777353311174,-0.5848956423467754,0.972563750549889,-0.21248113621314615,-0.14125327883151229,-0.1781057493664113,-0.16568651602362097,1.580191756725731,-0.1474557687191013
0.0,0.0,1.0,0.0,1.0,0.0,0.0,0.0,0.0,0.0,0.0,0.0,1.0,1.0,0.0,0.0,0.0,0.21477969008219988,1.1962714716466363,-0.31456041165711646,1.3319810413384858,-1.3592267563898586,0.9342682167965498,3.0278420311469785,-0.14125327883151229,-0.1781057493664113,-0.16568651602362097,-0.632834588424933,-0.1474557687191013
1.0,0.0,0.0,0.0,0.0,1.0,0.0,0.0,0.0,0.0,0.0,1.0,0.0,1.0,0.0,0.0,0.0,0.6450485445118945,1.12062891213976,-1.1951880800614625,0.7493744293237493,0.8484406751372299,0.3751534239977985,1.1844072963590633,-0.14125327883151229,-0.1781057493664113,0.7110064318490154,-0.632834588424933,-0.1474557687191013
0.0,0.0,1.0,0.0,0.0,1.0,1.0,0.0,0.0,0.0,0.0,0.0,0.0,1.0,0.0,0.0,0.0,0.07135673860563499,1.0954147256374682,0.4192959786798386,0.4580711233163813,-1.1203373701425245,1.1563823125659167,1.8141520815350591,-0.14125327883151229,-0.1781057493664113,-0.16568651602362097,-0.632834588424933,-0.1474557687191013
0.0,0.0,1.0,0.0,0.0,1.0,0.0,0.0,1.0,0.0,0.0,0.0,0.0,0.0,0.0,0.0,1.0,-0.6457580187771894,0.691987741600796,-0.7059504865034925,-1.192647610725372,0.7792451287759331,0.3215396767431238,-0.4185794295434721,-0.14125327883151229,-0.1781057493664113,-0.16568651602362097,1.580191756725731,-0.1474557687191013
1.0,0.0,0.0,0.0,0.0,1.0,0.0,1.0,0.0,0.0,0.0,0.0,0.0,0.0,0.0,0.0,1.0,-0.2154891643474948,-0.46786483750463637,-0.2656366523013195,-0.9013443047180038,-0.8715629058435764,-0.4367118915729909,0.4974129852579766,-0.14125327883151229,-0.1781057493664113,1.2954683970974397,-0.632834588424933,-0.1474557687191013
1.0,0.0,0.0,0.0,0.0,1.0,0.0,0.0,0.0,0.0,1.0,0.0,0.0,1.0,0.0,0.0,0.0,0.6450485445118945,0.061633079043495846,-1.0973405613498686,1.1377788373335735,0.9258737865415383,-0.4060754645703196,0.47451317488794037,-0.14125327883151229,-0.1781057493664113,1.0032374144732275,-0.632834588424933,-0.1474557687191013
1.0,0.0,0.0,0.0,0.0,1.0,0.0,0.0,0.0,0.0,1.0,0.0,0.0,0.0,1.0,0.0,0.0,-1.5062957276365787,0.7087971992689907,0.32144845996824456,-0.7071421007130917,0.9258737865415383,0.788745188533861,-0.6475775332438344,-0.14125327883151229,-0.1781057493664113,0.7110064318490154,-0.632834588424933,-0.1474557687191013
0.0,0.0,0.0,1.0,0.0,1.0,0.0,0.0,0.0,1.0,0.0,0.0,0.0,0.0,0.0,1.0,0.0,0.9318944474650244,-0.8881012792095032,-1.6844256736194325,0.263868919311469,0.9258737865415383,-1.5549414771704932,-0.6246777228737981,-0.14125327883151229,-0.1781057493664113,-1.6268414291446816,1.580191756725731,-0.1474557687191013
0.0,0.0,0.0,1.0,1.0,0.0,0.0,0.0,0.0,1.0,0.0,0.0,0.0,0.0,0.0,0.0,1.0,-0.2154891643474948,-1.1402431442324232,0.7128385348146206,-0.02743438669589927,-1.365816808424268,-0.6894624143450292,-0.04073255843787449,-0.14125327883151229,2.6423166021450752,1.5876993797216516,1.580191756725731,-0.04698196494232127
0.0,0.0,1.0,0.0,0.0,1.0,1.0,0.0,0.0,0.0,0.0,0.0,0.0,0.0,0.0,0.0,1.0,-0.7891809702537543,0.34739385940280515,1.2020761283725907,-0.41583879470572344,0.9258737865415383,0.7581087615311898,-0.5674281969487076,-0.14125327883151229,-0.1781057493664113,-0.16568651602362097,-0.632834588424933,-0.1474557687191013
0.0,1.0,0.0,0.0,0.0,1.0,1.0,0.0,0.0,0.0,0.0,0.0,0.0,0.0,1.0,0.0,0.0,-1.362872776160014,-0.29136553198859233,0.32144845996824456,-0.22163659070081138,0.35583428556514074,-0.07673387429160315,-0.6475775332438344,-0.14125327883151229,-0.1781057493664113,-0.4579174986478331,-0.632834588424933,-0.1474557687191013
0.0,0.0,0.0,1.0,0.0,1.0,0.0,0.0,1.0,0.0,0.0,0.0,0.0,0.0,1.0,0.0,0.0,-1.076026873206884,-0.6527688718547778,1.0063810909494026,-0.8042432027155477,-1.5355106483103054,-0.1839613688009527,-0.6475775332438344,-0.14125327883151229,-0.1781057493664113,1.5876993797216516,1.580191756725731,-0.1474557687191013
0.0,0.0,0.0,1.0,1.0,0.0,0.0,1.0,0.0,0.0,0.0,0.0,0.0,1.0,0.0,0.0,0.0,0.3582026415587648,-1.1318384153983259,-1.3419593581288536,0.263868919311469,0.9258737865415383,-1.5166459434171542,0.6119120371081578,-0.14125327883151229,-0.1781057493664113,1.5876993797216516,-0.632834588424933,-0.1474557687191013
1.0,0.0,0.0,0.0,0.0,1.0,0.0,0.0,0.0,1.0,0.0,0.0,0.0,0.0,1.0,0.0,0.0,-1.362872776160014,-0.8544823638731138,-0.4613316897245075,0.263868919311469,0.9077511434469129,-0.8426445493583856,-0.6475775332438344,-0.14125327883151229,-0.1781057493664113,1.2954683970974397,1.580191756725731,-0.1474557687191013
0.0,0.0,1.0,0.0,0.0,1.0,0.0,0.0,0.0,1.0,0.0,0.0,0.0,1.0,0.0,0.0,0.0,0.3582026415587648,1.1542478274761496,-0.7059504865034925,-0.1245354886983552,-1.1170423441253199,0.7044950142765151,1.6538534089448054,-0.14125327883151229,-0.1781057493664113,-0.16568651602362097,1.580191756725731,-0.1474557687191013
0.0,1.0,0.0,0.0,0.0,1.0,0.0,0.0,0.0,0.0,1.0,0.0,0.0,0.0,0.0,0.0,1.0,-0.5023350673006246,0.03641889254120378,0.22360094125665056,0.4580711233163813,-0.3740139772456803,0.16835754172976727,0.5088628904429947,-0.14125327883151229,-0.1781057493664113,-0.4579174986478331,-0.632834588424933,-0.1474557687191013
0.0,0.0,0.0,1.0,0.0,1.0,0.0,1.0,0.0,0.0,0.0,0.0,0.0,0.0,0.0,0.0,1.0,-0.6457580187771894,-2.0311444006467405,-1.0484168019940716,-0.1245354886983552,0.9258737865415383,-2.083419842966573,-0.6475775332438344,-0.14125327883151229,-0.1781057493664113,-1.6268414291446816,-0.632834588424933,-0.1474557687191013
1.0,0.0,0.0,0.0,0.0,1.0,0.0,0.0,0.0,0.0,0.0,1.0,0.0,1.0,0.0,0.0,0.0,0.21477969008219988,-0.12327095530664564,-1.8801207110426206,-0.41583879470572344,0.6309689580017257,-1.141349712634431,1.4935547363545523,-0.14125327883151229,-0.1781057493664113,1.2954683970974397,-0.632834588424933,-0.1474557687191013
0.0,1.0,0.0,0.0,0.0,1.0,1.0,0.0,0.0,0.0,0.0,0.0,0.0,0.0,1.0,0.0,0.0,-1.076026873206884,-0.28296080315449507,-1.4398068768404475,0.06966671530655688,0.9258737865415383,-0.9039174033637282,-0.6475775332438344,-0.14125327883151229,-0.1781057493664113,-0.7501484812720451,-0.632834588424933,-0.1474557687191013
1.0,0.0,0.0,0.0,0.0,1.0,0.0,1.0,0.0,0.0,0.0,0.0,0.0,0.0,1.0,0.0,0.0,-1.219449824683449,-0.24093715898400836,0.07682966318925954,-0.7071421007130917,0.589781132786668,-0.12268851479561008,-0.6475775332438344,-0.14125327883151229,-0.1781057493664113,1.0032374144732275,-0.632834588424933,-0.1474557687191013
1.0,0.0,0.0,0.0,0.0,1.0,0.0,0.0,0.0,0.0,1.0,0.0,0.0,1.0,0.0,0.0,0.0,0.07135673860563499,0.061633079043495846,-0.7548742458592895,-0.8042432027155477,-0.7430568911725967,-0.2222569025542918,1.1958572015440814,-0.14125327883151229,-0.1781057493664113,1.2954683970974397,-0.632834588424933,-0.1474557687191013
0.0,1.0,0.0,0.0,1.0,0.0,0.0,0.0,0.0,0.0,1.0,0.0,0.0,0.0,0.0,0.0,1.0,-0.2154891643474948,-1.0898147712278392,-0.2656366523013195,3.468205285392519,-0.685393935871516,-0.9651902573690708,0.6348118474781941,-0.14125327883151229,-0.1781057493664113,-1.0423794638962574,-0.632834588424933,-0.1474557687191013
0.0,1.0,0.0,0.0,0.0,1.0,1.0,0.0,0.0,0.0,0.0,0.0,0.0,0.0,0.0,1.0,0.0,1.6490092048478489,0.07844253671169046,0.3703722193240416,-0.5129398967081796,-1.5140929791984754,0.2602668227377812,-0.6475775332438344,-0.14125327883151229,-0.1781057493664113,-0.7501484812720451,-0.632834588424933,-0.1474557687191013
1.0,0.0,0.0,0.0,0.0,1.0,0.0,0.0,1.0,0.0,0.0,0.0,0.0,0.0,1.0,0.0,0.0,-1.219449824683449,-0.4594601086705391,0.9574573315936056,-0.9984454067204599,0.2899337652210485,-0.023120127036928357,-0.6475775332438344,-0.14125327883151229,-0.1781057493664113,1.0032374144732275,1.580191756725731,-0.1474557687191013
0.0,0.0,1.0,0.0,0.0,1.0,0.0,0.0,1.0,0.0,0.0,0.0,0.0,1.0,0.0,0.0,0.0,0.07135673860563499,0.9861532507942028,-0.7548742458592895,-0.5129398967081796,0.8319655450512069,0.535994665761823,3.096541462257088,-0.14125327883151229,-0.1781057493664113,-0.16568651602362097,1.580191756725731,-0.1474557687191013
0.0,1.0,0.0,0.0,0.0,1.0,0.0,0.0,0.0,1.0,0.0,0.0,0.0,0.0,0.0,0.0,1.0,-0.7891809702537543,-0.8124587197026272,1.2999236470841846,-0.22163659070081138,-1.9836341866501321,-0.24523422280629528,-0.6475775332438344,-0.14125327883151229,-0.1781057493664113,-1.0423794638962574,1.580191756725731,-0.1474557687191013
0.0,1.0,0.0,0.0,0.0,1.0,0.0,1.0,0.0,0.0,0.0,0.0,0.0,0.0,0.0,0.0,1.0,-0.6457580187771894,0.09525199437988507,1.1042286096609966,-1.3868498147302841,0.9110461694641175,0.5053582387591516,-0.49872876583859893,-0.14125327883151229,-0.1781057493664113,-0.4579174986478331,-0.632834588424933,-0.1474557687191013
1.0,0.0,0.0,0.0,0.0,1.0,0.0,0.0,0.0,0.0,1.0,0.0,0.0,0.0,0.0,1.0,0.0,0.9318944474650244,-1.0982195000619366,-0.6081029677918985,-0.8042432027155477,0.2108531408081379,-0.6971215210956969,-0.6475775332438344,-0.14125327883151229,-0.1781057493664113,1.2954683970974397,-0.632834588424933,-0.1474557687191013
0.0,0.0,0.0,1.0,0.0,1.0,0.0,0.0,0.0,0.0,1.0,0.0,0.0,0.0,1.0,0.0,0.0,-0.9326039217303193,-1.736978891453334,-0.4613316897245075,-0.41583879470572344,0.9258737865415383,-1.5855779041731646,-0.6475775332438344,-0.14125327883151229,-0.1781057493664113,-1.6268414291446816,-0.632834588424933,-0.1474557687191013
0.0,0.0,1.0,0.0,0.0,1.0,0.0,1.0,0.0,0.0,0.0,0.0,0.0,0.0,0.0,0.0,1.0,-0.3589121158240597,1.0365816237987866,0.12575342254505653,-0.7071421007130917,-0.5914856943811846,0.9955410708018925,0.8180103304384837,-0.14125327883151229,-0.1781057493664113,-0.16568651602362097,-0.632834588424933,-0.1474557687191013
0.0,0.0,0.0,1.0,0.0,1.0,0.0,0.0,0.0,0.0,1.0,0.0,0.0,0.0,1.0,0.0,0.0,-0.9326039217303193,-0.8796965503754058,1.1531523690167935,0.263868919311469,-1.9918717516931437,-0.3371435038143092,-0.6475775332438344,-0.14125327883151229,-0.1781057493664113,-1.6268414291446816,-0.632834588424933,-0.1474557687191013
0.0,0.0,1.0,0.0,0.0,1.0,1.0,0.0,0.0,0.0,0.0,0.0,0.0,0.0,0.0,0.0,1.0,-0.2154891643474948,1.7846024900334494,-0.5102554490803045,0.7493744293237493,0.6326164710103279,1.3325417678312768,1.779802365980005,-0.14125327883151229,-0.1781057493664113,0.41877544922480325,-0.632834588424933,-0.1474557687191013
0.0,1.0,0.0,0.0,0.0,1.0,0.0,0.0,0.0,0.0,0.0,1.0,0.0,0.0,0.0,1.0,0.0,1.2187403504181542,1.1122241833056628,-0.2656366523013195,-0.7071421007130917,-0.8732104188521788,0.8883135762925428,-0.6475775332438344,-0.14125327883151229,-0.1781057493664113,-0.4579174986478331,-0.632834588424933,-0.1474557687191013
1.0,0.0,0.0,0.0,0.0,1.0,0.0,1.0,0.0,0.0,0.0,0.0,0.0,0.0,0.0,0.0,1.0,-0.3589121158240597,-0.09805676880435357,-0.4124079303687105,-0.6100409987106356,0.14989515948985263,-0.19927958230228832,0.2111653556325239,-0.14125327883151229,-0.1781057493664113,1.0032374144732275,-0.632834588424933,-0.1474557687191013
0.0,1.0,0.0,0.0,0.0,1.0,1.0,0.0,0.0,0.0,0.0,0.0,0.0,0.0,0.0,0.0,1.0,-0.6457580187771894,-0.2157229724817163,0.5660672567472296,-0.6100409987106356,-1.5734034475081582,0.06878915397108556,-0.6017779125037619,-0.14125327883151229,-0.1781057493664113,-1.0423794638962574,-0.632834588424933,-0.1474557687191013
1.0,0.0,0.0,0.0,0.0,1.0,1.0,0.0,0.0,0.0,0.0,0.0,0.0,0.0,0.0,0.0,1.0,-0.2154891643474948,0.8012492164440614,-0.021017855522334466,0.06966671530655688,0.8632682922146506,0.7351314412791863,1.665303314129824,-0.14125327883151229,-0.1781057493664113,0.7110064318490154,-0.632834588424933,-0.1474557687191013
0.0,0.0,1.0,0.0,0.0,1.0,1.0,0.0,0.0,0.0,0.0,0.0,0.0,0.0,0.0,1.0,0.0,1.5055862533712838,0.6247499109280173,0.9574573315936056,-0.8042432027155477,-1.463020075931804,0.9342682167965498,-0.6475775332438344,-0.14125327883151229,-0.1781057493664113,-0.16568651602362097,-0.632834588424933,-0.1474557687191013
0.0,0.0,1.0,0.0,0.0,1.0,0.0,0.0,0.0,0.0,0.0,1.0,0.0,0.0,1.0,0.0,0.0,-1.5062957276365787,0.8432728606145482,1.7402374812863577,-1.095546508722916,0.9258737865415383,1.3555190880832801,-0.6475775332438344,-0.14125327883151229,-0.1781057493664113,0.41877544922480325,-0.632834588424933,-0.1474557687191013
1.0,0.0,0.0,0.0,0.0,1.0,0.0,0.0,1.0,0.0,0.0,0.0,0.0,0.0,1.0,0.0,0.0,-0.9326039217303193,-0.30817498965678697,1.3977711657957785,-0.9013443047180038,-1.9094961012630285,0.22963039573510985,-0.6475775332438344,-0.14125327883151229,-0.1781057493664113,1.2954683970974397,1.580191756725731,-0.1474557687191013
1.0,0.0,0.0,0.0,0.0,1.0,0.0,0.0,0.0,0.0,0.0,1.0,0.0,0.0,0.0,0.0,1.0,-0.07206621287092989,0.9273201489555215,-0.6081029677918985,0.36097002131392514,0.39537459777159606,0.5666310927644941,1.6767532193148418,-0.14125327883151229,-0.1781057493664113,0.7110064318490154,-0.632834588424933,-0.1474557687191013
0.0,1.0,0.0,0.0,0.0,1.0,0.0,1.0,0.0,0.0,0.0,0.0,0.0,0.0,1.0,0.0,0.0,-1.6497186791131437,-0.03081893813157497,1.4956186845073727,-0.5129398967081796,-1.808997807738288,0.5053582387591516,-0.6475775332438344,-0.14125327883151229,-0.1781057493664113,-0.4579174986478331,-0.632834588424933,-0.1474557687191013
1.0,0.0,0.0,0.0,0.0,1.0,1.0,0.0,0.0,0.0,0.0,0.0,0.0,0.0,1.0,0.0,0.0,-0.9326039217303193,0.38101277473919465,-0.06994161487813147,-0.6100409987106356,0.9258737865415383,0.3521761037457951,-0.6475775332438344,-0.14125327883151229,-0.1781057493664113,1.0032374144732275,-0.632834588424933,-0.1474557687191013
0.0,1.0,0.0,0.0,0.0,1.0,0.0,0.0,0.0,0.0,0.0,1.0,0.0,0.0,1.0,0.0,0.0,-1.076026873206884,-0.29977026082268965,1.7402374812863577,-0.5129398967081796,0.9258737865415383,0.3215396767431238,-0.6475775332438344,0.31590634773155957,-0.1781057493664113,-0.7501484812720451,-0.632834588424933,0.30924333935717147
0.0,0.0,1.0,0.0,0.0,1.0,0.0,1.0,0.0,0.0,0.0,0.0,0.0,0.0,0.0,0.0,1.0,-0.3589121158240597,1.2130809293148308,-0.21671289294552248,-0.7071421007130917,0.9143411954813221,0.9955410708018925,0.2798647867426326,-0.14125327883151229,-0.1781057493664113,0.41877544922480325,-0.632834588424933,-0.1474557687191013
0.0,1.0,0.0,0.0,0.0,1.0,0.0,0.0,0.0,0.0,0.0,1.0,0.0,0.0,0.0,0.0,1.0,-0.07206621287092989,0.22972765572544257,-0.9016455239266805,0.16676781730901283,-1.3032113140973802,-0.1609840485489492,1.585153977834697,-0.14125327883151229,-0.1781057493664113,-1.0423794638962574,-0.632834588424933,-0.1474557687191013
0.0,0.0,1.0,0.0,0.0,1.0,0.0,0.0,0.0,0.0,1.0,0.0,0.0,0.0,0.0,0.0,1.0,-0.5023350673006246,0.7003924704348932,0.32144845996824456,0.16676781730901283,-1.0165440506005792,0.7810860817831934,0.6691615630332481,-0.14125327883151229,-0.1781057493664113,-0.16568651602362097,-0.632834588424933,-0.1474557687191013
0.0,0.0,0.0,1.0,0.0,1.0,0.0,0.0,1.0,0.0,0.0,0.0,0.0,0.0,0.0,1.0,0.0,1.0753173989415892,-0.6779830583570697,-0.31456041165711646,0.555172225318837,0.3756044416683684,-0.6358486670903543,-0.6475775332438344,-0.14125327883151229,-0.1781057493664113,1.5876993797216516,1.580191756725731,-0.1474557687191013
1.0,0.0,0.0,0.0,0.0,1.0,0.0,0.0,0.0,0.0,1.0,0.0,0.0,0.0,0.0,0.0,1.0,-0.6457580187771894,-0.45105537983644167,1.1042286096609966,-1.2897487127278282,0.9126936824727198,0.022834513467078568,-0.6475775332438344,-0.14125327883151229,-0.1781057493664113,1.0032374144732275,-0.632834588424933,-0.1474557687191013
0.0,1.0,0.0,0.0,0.0,1.0,0.0,1.0,0.0,0.0,0.0,0.0,0.0,0.0,1.0,0.0,0.0,-1.362872776160014,-0.5014837528410258,0.27252470061244755,-0.8042432027155477,0.5238806124425759,-0.2758706498089666,-0.6475775332438344,-0.14125327883151229,-0.1781057493664113,-0.7501484812720451,-0.632834588424933,-0.1474557687191013
0.0,1.0,0.0,0.0,0.0,1.0,0.0,0.0,0.0,0.0,0.0,1.0,0.0,0.0,0.0,1.0,0.0,1.362163301894719,0.3305844017346105,1.2020761283725907,1.429082143340942,-1.1434025522629567,0.7427905480298542,-0.6475775332438344,-0.14125327883151229,-0.1781057493664113,-0.7501484812720451,-0.632834588424933,-0.1474557687191013
0.0,0.0,1.0,0.0,0.0,1.0,0.0,1.0,0.0,0.0,0.0,0.0,0.0,0.0,0.0,1.0,0.0,0.9318944474650244,1.7509835746970601,-0.2656366523013195,1.429082143340942,0.7380573035608755,1.4244510488392905,0.42871355414786794,-0.14125327883151229,-0.1781057493664113,0.12654446660059115,-0.632834588424933,-0.1474557687191013
0.0,0.0,1.0,0.0,0.0,1.0,0.0,0.0,0.0,0.0,1.0,0.0,0.0,0.0,0.0,0.0,1.0,-0.3589121158240597,1.6669362863560868,-0.4613316897245075,0.06966671530655688,0.6672142441909764,1.2559507003245984,1.1042579600639364,-0.14125327883151229,-0.1781057493664113,0.41877544922480325,-0.632834588424933,-0.1474557687191013
0.0,0.0,1.0,0.0,0.0,1.0,0.0,0.0,0.0,0.0,0.0,0.0,1.0,0.0,0.0,0.0,1.0,-0.5023350673006246,1.011367437296495,1.8870087593537486,-0.9013443047180038,-1.5618708564479422,1.5469967568499758,-0.3498799984333635,-0.14125327883151229,-0.1781057493664113,0.12654446660059115,-0.632834588424933,-0.1474557687191013
1.0,0.0,0.0,0.0,0.0,1.0,0.0,0.0,1.0,0.0,0.0,0.0,0.0,0.0,0.0,0.0,1.0,-0.2154891643474948,-0.1736993283112296,-0.4613316897245075,-0.9984454067204599,-0.7924822814306658,-0.2835297565596344,0.955409192658701,-0.14125327883151229,-0.1781057493664113,1.2954683970974397,1.580191756725731,-0.1474557687191013
0.0,0.0,0.0,1.0,1.0,0.0,0.0,1.0,0.0,0.0,0.0,0.0,0.0,0.0,0.0,0.0,1.0,-0.6457580187771894,-1.4848370264304138,-0.6081029677918985,1.0406777353311174,0.9258737865415383,-1.4323957691598084,-0.6475775332438344,-0.14125327883151229,-0.1781057493664113,1.5876993797216516,-0.632834588424933,-0.1474557687191013
0.0,0.0,0.0,1.0,0.0,1.0,1.0,0.0,0.0,0.0,0.0,0.0,0.0,0.0,0.0,1.0,0.0,1.362163301894719,-1.05619585589145,-0.31456041165711646,-0.9013443047180038,0.25863101805760474,-0.9575311506184029,-0.6475775332438344,-0.14125327883151229,-0.1781057493664113,-1.6268414291446816,-0.632834588424933,-0.1474557687191013
0.0,0.0,0.0,1.0,0.0,1.0,0.0,0.0,0.0,1.0,0.0,0.0,0.0,0.0,0.0,0.0,1.0,-0.3589121158240597,-1.1234336865642287,-0.5102554490803045,-0.6100409987106356,-0.07251909667145853,-1.0953950721304238,-0.15523161028805563,-0.14125327883151229,-0.1781057493664113,-1.3346104465204693,1.580191756725731,-0.1474557687191013
0.0,0.0,1.0,0.0,0.0,1.0,0.0,0.0,0.0,0.0,1.0,0.0,0.0,0.0,1.0,0.0,0.0,-1.362872776160014,0.7844397587758666,1.2509998877283877,-1.095546508722916,-1.2702610539253343,1.1640414193165847,-0.6475775332438344,-0.14125327883151229,-0.1781057493664113,-0.16568651602362097,-0.632834588424933,-0.1474557687191013
1.0,0.0,0.0,0.0,0.0,1.0,0.0,0.0,0.0,0.0,0.0,0.0,1.0,0.0,0.0,0.0,1.0,-0.7891809702537543,-0.6695783295229725,0.8596098128820115,-0.6100409987106356,-0.4003741853833172,-0.23757511605562745,-0.6475775332438344,-0.14125327883151229,-0.1781057493664113,1.2954683970974397,-0.632834588424933,-0.1474557687191013
0.0,0.0,1.0,0.0,0.0,1.0,0.0,0.0,0.0,1.0,0.0,0.0,0.0,0.0,0.0,0.0,1.0,-0.07206621287092989,1.1794620139784415,-0.31456041165711646,0.36097002131392514,-1.4514874848715877,0.9189500032952143,2.5812957289312726,-0.14125327883151229,-0.1781057493664113,-0.16568651602362097,1.580191756725731,-0.1474557687191013
0.0,0.0,1.0,0.0,0.0,1.0,0.0,0.0,0.0,0.0,1.0,0.0,0.0,0.0,0.0,1.0,0.0,1.0753173989415892,0.8852965047850349,0.22360094125665056,-1.095546508722916,0.8533832141630369,0.9036317897938787,-0.43002933472849025,-0.14125327883151229,-0.1781057493664113,-0.16568651602362097,-0.632834588424933,-0.1474557687191013
0.0,1.0,0.0,0.0,0.0,1.0,0.0,0.0,0.0,1.0,0.0,0.0,0.0,0.0,1.0,0.0,0.0,-0.9326039217303193,0.19610874038905318,1.8380849999979516,-1.3868498147302841,-2.026469524873792,0.7964042952845289,-0.6475775332438344,1.6873852274207748,-0.1781057493664113,-0.4579174986478331,1.580191756725731,1.6793406635859895
0.0,1.0,0.0,0.0,0.0,1.0,0.0,0.0,0.0,1.0,0.0,0.0,0.0,0.0,1.0,0.0,0.0,-0.9326039217303193,-0.6107452276842911,1.2999236470841846,-0.41583879470572344,-1.0033639465317608,-0.06907476754093532,-0.6475775332438344,-0.14125327883151229,-0.1781057493664113,-0.7501484812720451,1.580191756725731,-0.1474557687191013
1.0,0.0,0.0,0.0,0.0,1.0,0.0,0.0,0.0,1.0,0.0,0.0,0.0,0.0,1.0,0.0,0.0,-1.362872776160014,-0.4090317356659551,0.17467718190085355,-1.4839509167327403,-0.03792132349081013,-0.22991600930495965,-0.6475775332438344,-0.14125327883151229,-0.1781057493664113,1.2954683970974397,1.580191756725731,-0.1474557687191013
0.0,0.0,1.0,0.0,0.0,1.0,0.0,0.0,0.0,0.0,0.0,1.0,0.0,0.0,0.0,0.0,1.0,-0.3589121158240597,1.5660795403469188,0.027905903833462538,-0.7071421007130917,0.4415049620124606,1.4014737285872874,1.2874564430242261,-0.14125327883151229,-0.1781057493664113,0.12654446660059115,-0.632834588424933,-0.1474557687191013
0.0,1.0,0.0,0.0,0.0,1.0,0.0,0.0,0.0,0.0,0.0,1.0,0.0,0.0,0.0,1.0,0.0,1.0753173989415892,0.08684726554578777,0.9085335722378086,0.263868919311469,-0.3262360999962135,0.44408538475380893,-0.6017779125037619,-0.14125327883151229,-0.1781057493664113,-1.0423794638962574,-0.632834588424933,-0.1474557687191013
0.0,1.0,0.0,0.0,0.0,1.0,1.0,0.0,0.0,0.0,0.0,0.0,0.0,1.0,0.0,0.0,0.0,0.7884714959884594,-0.156889870643035,-1.5376543955520416,1.72038544934831,0.24215588797158172,-0.873280976361057,0.7149611837733206,-0.14125327883151229,-0.1781057493664113,-1.0423794638962574,-0.632834588424933,-0.1474557687191013
0.0,0.0,1.0,0.0,0.0,1.0,0.0,1.0,0.0,0.0,0.0,0.0,0.0,0.0,0.0,1.0,0.0,1.0753173989415892,0.9273201489555215,1.6913137219305607,0.36097002131392514,-0.5272326870456947,1.4167919420886228,-0.3842297139884178,1.230225600857703,-0.1781057493664113,0.12654446660059115,-0.632834588424933,1.2226415555097168
0.0,1.0,0.0,0.0,0.0,1.0,0.0,0.0,0.0,1.0,0.0,0.0,0.0,0.0,0.0,0.0,1.0,-0.07206621287092989,0.4734647919142652,-1.3908831174846505,0.16676781730901283,0.9258737865415383,-0.2758706498089666,1.2531067274691718,-0.14125327883151229,-0.1781057493664113,-0.4579174986478331,1.580191756725731,-0.1474557687191013
1.0,0.0,0.0,0.0,0.0,1.0,0.0,1.0,0.0,0.0,0.0,0.0,0.0,0.0,0.0,1.0,0.0,1.5055862533712838,-0.6527688718547778,-0.9505692832824775,0.555172225318837,0.12188743834361344,-0.9039174033637282,-0.6475775332438344,-0.14125327883151229,-0.1781057493664113,1.2954683970974397,-0.632834588424933,-0.1474557687191013
0.0,0.0,1.0,0.0,0.0,1.0,0.0,0.0,0.0,0.0,1.0,0.0,0.0,0.0,0.0,1.0,0.0,1.6490092048478489,0.9105106912873266,0.3703722193240416,-0.22163659070081138,0.9258737865415383,0.9802228573005569,-0.6475775332438344,-0.14125327883151229,-0.1781057493664113,0.12654446660059115,-0.632834588424933,-0.1474557687191013
1.0,0.0,0.0,0.0,0.0,1.0,0.0,1.0,0.0,0.0,0.0,0.0,0.0,0.0,1.0,0.0,0.0,-1.219449824683449,-0.6947925160252644,0.32144845996824456,-0.9013443047180038,-0.4267343935209541,-0.4213936780716553,-0.6475775332438344,-0.14125327883151229,-0.1781057493664113,1.2954683970974397,-0.632834588424933,-0.1474557687191013
0.0,0.0,1.0,0.0,0.0,1.0,0.0,0.0,0.0,0.0,1.0,0.0,0.0,0.0,0.0,1.0,0.0,1.362163301894719,0.7676303011076719,0.6639147754588236,-0.7071421007130917,0.573306002700645,0.964904643799221,-0.6475775332438344,-0.14125327883151229,-0.1781057493664113,-0.16568651602362097,-0.632834588424933,-0.1474557687191013
0.0,1.0,0.0,0.0,0.0,1.0,0.0,0.0,0.0,1.0,0.0,0.0,0.0,0.0,0.0,1.0,0.0,0.9318944474650244,0.38941750357329186,0.8106860535262146,0.36097002131392514,-1.5140929791984754,0.6815176940245116,-0.510178671023617,-0.14125327883151229,-0.1781057493664113,-0.7501484812720451,1.580191756725731,-0.1474557687191013
1.0,0.0,0.0,0.0,1.0,0.0,0.0,1.0,0.0,0.0,0.0,0.0,0.0,0.0,0.0,0.0,1.0,-0.3589121158240597,0.3305844017346105,-0.7548742458592895,0.36097002131392514,0.9143411954813221,-0.0001428067849248955,0.9096095719186287,-0.14125327883151229,-0.1781057493664113,0.7110064318490154,-0.632834588424933,-0.1474557687191013
0.0,0.0,0.0,1.0,0.0,1.0,0.0,0.0,0.0,0.0,0.0,1.0,0.0,0.0,0.0,0.0,1.0,-0.2154891643474948,-1.005767482886866,-0.9994930426382745,1.3319810413384858,-0.41849682847794256,-1.217940780141109,0.646261752663212,-0.14125327883151229,-0.1781057493664113,-1.3346104465204693,-0.632834588424933,-0.1474557687191013
0.0,0.0,1.0,0.0,0.0,1.0,1.0,0.0,0.0,0.0,0.0,0.0,0.0,0.0,0.0,1.0,0.0,0.9318944474650244,1.6333173710196975,-1.4887306361962445,-0.3187376927032675,0.9258737865415383,0.5589719860138264,0.5661124163680854,-0.14125327883151229,-0.1781057493664113,0.41877544922480325,-0.632834588424933,-0.1474557687191013
0.0,0.0,0.0,1.0,0.0,1.0,0.0,0.0,0.0,1.0,0.0,0.0,0.0,0.0,0.0,1.0,0.0,1.0753173989415892,-0.7704350755321404,-0.21671289294552248,-0.6100409987106356,-0.5535928951833315,-0.6741442008436934,-0.6475775332438344,-0.14125327883151229,-0.1781057493664113,-1.6268414291446816,1.580191756725731,-0.1474557687191013
0.0,0.0,0.0,1.0,0.0,1.0,0.0,0.0,1.0,0.0,0.0,0.0,0.0,1.0,0.0,0.0,0.0,0.7884714959884594,-1.5688843147713871,-1.2930355987730566,2.7884975713753266,0.9258737865415383,-1.8383284269452027,-0.04073255843787449,-0.14125327883151229,-0.1781057493664113,-1.3346104465204693,1.580191756725731,-0.1474557687191013
0.0,1.0,0.0,0.0,0.0,1.0,0.0,0.0,1.0,0.0,0.0,0.0,0.0,1.0,0.0,0.0,0.0,0.5016255930353297,-0.4174364645000524,-1.0973405613498686,2.885598673377783,0.8665633182318553,-0.7966899088543787,1.9057513230152041,-0.14125327883151229,-0.1781057493664113,-1.0423794638962574,1.580191756725731,-0.1474557687191013
1.0,0.0,0.0,0.0,0.0,1.0,1.0,0.0,0.0,0.0,0.0,0.0,0.0,0.0,0.0,1.0,0.0,1.2187403504181542,0.4146316900755839,0.4192959786798386,-0.9984454067204599,0.9258737865415383,0.5666310927644941,-0.6475775332438344,-0.14125327883151229,-0.1781057493664113,0.7110064318490154,-0.632834588424933,-0.1474557687191013
0.0,0.0,0.0,1.0,1.0,0.0,0.0,0.0,0.0,1.0,0.0,0.0,0.0,0.0,0.0,0.0,1.0,-0.07206621287092989,-0.7116019736934591,1.7891612406421546,-0.9013443047180038,-2.112140201321112,-0.038438340538264025,-0.5903280073187437,-0.14125327883151229,-0.1781057493664113,1.5876993797216516,1.580191756725731,-0.1474557687191013
1.0,0.0,0.0,0.0,0.0,1.0,0.0,0.0,0.0,0.0,1.0,0.0,0.0,0.0,0.0,1.0,0.0,1.362163301894719,0.9021059624532295,0.4192959786798386,-1.095546508722916,0.9258737865415383,0.9878819640512246,-0.6475775332438344,-0.14125327883151229,-0.1781057493664113,0.7110064318490154,-0.632834588424933,-0.1474557687191013
0.0,0.0,1.0,0.0,0.0,1.0,0.0,0.0,1.0,0.0,0.0,0.0,0.0,0.0,0.0,0.0,1.0,-0.3589121158240597,1.4736275231718483,0.7617622941704176,-0.3187376927032675,-1.1895329165038213,1.6159287176059862,0.44016345933288603,-0.14125327883151229,-0.1781057493664113,0.12654446660059115,1.580191756725731,-0.1474557687191013
0.0,0.0,0.0,1.0,0.0,1.0,0.0,0.0,0.0,0.0,1.0,0.0,0.0,1.0,0.0,0.0,0.0,0.21477969008219988,-1.0730053135596445,-1.3908831174846505,-0.3187376927032675,0.42667734493503984,-1.4936686231651506,1.7683524607949868,-0.14125327883151229,-0.1781057493664113,-1.3346104465204693,-0.632834588424933,-0.1474557687191013
0.0,1.0,0.0,0.0,0.0,1.0,0.0,0.0,0.0,1.0,0.0,0.0,0.0,1.0,0.0,0.0,0.0,0.3582026415587648,-0.1736993283112296,-0.8527217645708836,-0.6100409987106356,-1.112099805099513,-0.4596892118249944,0.2798647867426326,-0.14125327883151229,-0.1781057493664113,-1.0423794638962574,1.580191756725731,-0.1474557687191013
0.0,0.0,0.0,1.0,1.0,0.0,0.0,0.0,0.0,0.0,1.0,0.0,0.0,0.0,1.0,0.0,0.0,-1.362872776160014,-1.1990762460711046,-1.1462643207056655,0.4580711233163813,0.9258737865415383,-1.4553730894118115,-0.6475775332438344,-0.14125327883151229,-0.1781057493664113,-1.3346104465204693,-0.632834588424933,-0.1474557687191013
1.0,0.0,0.0,0.0,0.0,1.0,1.0,0.0,0.0,0.0,0.0,0.0,0.0,1.0,0.0,0.0,0.0,0.07135673860563499,0.4986789784165573,-0.31456041165711646,-0.5129398967081796,0.9258737865415383,0.3521761037457951,0.47451317488794037,-0.14125327883151229,-0.1781057493664113,0.7110064318490154,-0.632834588424933,-0.1474557687191013
1.0,0.0,0.0,0.0,0.0,1.0,0.0,0.0,0.0,0.0,1.0,0.0,0.0,0.0,0.0,0.0,1.0,-0.3589121158240597,0.8768917759509374,0.6639147754588236,-1.192647610725372,0.07740458711135122,1.0568139248072352,0.44016345933288603,-0.14125327883151229,-0.1781057493664113,0.7110064318490154,-0.632834588424933,-0.1474557687191013
0.0,1.0,0.0,0.0,0.0,1.0,0.0,0.0,0.0,1.0,0.0,0.0,0.0,0.0,1.0,0.0,0.0,-0.9326039217303193,-0.35860336266137094,1.8380849999979516,-0.5129398967081796,-2.0462396809770196,0.29090324974045245,-0.6475775332438344,-0.14125327883151229,-0.1781057493664113,-1.0423794638962574,1.580191756725731,-0.1474557687191013
0.0,0.0,1.0,0.0,0.0,1.0,0.0,1.0,0.0,0.0,0.0,0.0,0.0,0.0,0.0,0.0,1.0,-0.7891809702537543,1.1038194544715654,0.27252470061244755,-0.3187376927032675,0.9258737865415383,1.11042767206191,-0.6361276280588162,-0.14125327883151229,-0.1781057493664113,0.12654446660059115,-0.632834588424933,-0.1474557687191013
0.0,0.0,0.0,1.0,0.0,1.0,0.0,0.0,1.0,0.0,0.0,0.0,0.0,1.0,0.0,0.0,0.0,0.6450485445118945,-1.409194466923538,-1.6355019142636356,0.8464755313262055,0.6606241921565672,-1.9302377079532167,0.19971545044750577,-0.14125327883151229,-0.1781057493664113,-1.6268414291446816,1.580191756725731,-0.1474557687191013
0.0,1.0,0.0,0.0,0.0,1.0,0.0,0.0,0.0,0.0,1.0,0.0,0.0,1.0,0.0,0.0,0.0,0.07135673860563499,-0.6275546853524858,0.6639147754588236,1.2348799393360297,0.4316198839608468,-0.2605524363076309,0.37146402822277746,-0.14125327883151229,-0.1781057493664113,-1.0423794638962574,-0.632834588424933,-0.1474557687191013
0.0,1.0,0.0,0.0,0.0,1.0,0.0,0.0,1.0,0.0,0.0,0.0,0.0,0.0,0.0,0.0,1.0,-0.2154891643474948,0.34739385940280515,-0.6570267271476955,0.36097002131392514,0.9258737865415383,0.06113004722041769,2.3408477200458924,-0.14125327883151229,-0.1781057493664113,-0.4579174986478331,1.580191756725731,-0.1474557687191013
0.0,1.0,0.0,0.0,0.0,1.0,0.0,0.0,0.0,0.0,0.0,0.0,1.0,0.0,0.0,1.0,0.0,0.9318944474650244,0.3305844017346105,-0.2656366523013195,1.3319810413384858,0.686984400294204,0.22963039573510985,-0.24683085176820052,-0.14125327883151229,-0.1781057493664113,-1.0423794638962574,-0.632834588424933,-0.1474557687191013
0.0,0.0,0.0,1.0,0.0,1.0,0.0,0.0,0.0,1.0,0.0,0.0,0.0,1.0,0.0,0.0,0.0,0.07135673860563499,-1.3923850092553434,-1.5865781549078386,0.7493744293237493,0.5238806124425759,-1.876623960698542,0.5775623215531035,-0.14125327883151229,-0.1781057493664113,-1.6268414291446816,1.580191756725731,-0.1474557687191013
0.0,0.0,1.0,0.0,0.0,1.0,0.0,0.0,0.0,1.0,0.0,0.0,0.0,1.0,0.0,0.0,0.0,0.5016255930353297,1.7341741170288658,-0.16778913358972547,1.9145876533532222,0.6672142441909764,1.455087475841962,2.4095471511560005,-0.14125327883151229,-0.1781057493664113,0.41877544922480325,1.580191756725731,-0.1474557687191013
1.0,0.0,0.0,0.0,0.0,1.0,0.0,0.0,1.0,0.0,0.0,0.0,0.0,0.0,0.0,1.0,0.0,1.2187403504181542,0.8768917759509374,1.0553048503051996,-0.02743438669589927,0.30146635628126467,1.187018739568588,-0.6475775332438344,-0.14125327883151229,-0.1781057493664113,0.7110064318490154,1.580191756725731,-0.1474557687191013
1.0,0.0,0.0,0.0,0.0,1.0,0.0,0.0,0.0,1.0,0.0,0.0,0.0,0.0,0.0,0.0,1.0,-0.7891809702537543,0.5995357244257252,0.3703722193240416,-0.7071421007130917,0.9258737865415383,0.7121541210271828,-0.6475775332438344,-0.14125327883151229,-0.1781057493664113,0.7110064318490154,1.580191756725731,-0.1474557687191013
0.0,0.0,1.0,0.0,0.0,1.0,0.0,0.0,0.0,0.0,1.0,0.0,0.0,0.0,1.0,0.0,0.0,-1.362872776160014,1.297128217655804,1.0063810909494026,-0.5129398967081796,0.1779028806360918,1.539337650099308,-0.6475775332438344,-0.14125327883151229,-0.1781057493664113,0.41877544922480325,-0.632834588424933,-0.1474557687191013
0.0,1.0,0.0,0.0,0.0,1.0,0.0,0.0,0.0,1.0,0.0,0.0,0.0,0.0,0.0,1.0,0.0,1.0753173989415892,0.7256066569371853,-0.9994930426382745,0.36097002131392514,0.6902794263114086,0.18367575523110294,-0.33843009324834533,-0.14125327883151229,-0.1781057493664113,-0.4579174986478331,1.580191756725731,-0.1474557687191013
1.0,0.0,0.0,0.0,0.0,1.0,0.0,0.0,0.0,0.0,0.0,0.0,1.0,1.0,0.0,0.0,0.0,0.21477969008219988,0.10365672321398253,-0.7548742458592895,1.817486551350766,0.9176362214985267,-0.19162047555162054,1.4821048311695342,-0.14125327883151229,-0.1781057493664113,1.0032374144732275,-0.632834588424933,-0.1474557687191013
1.0,0.0,0.0,0.0,0.0,1.0,0.0,0.0,0.0,0.0,0.0,1.0,0.0,1.0,0.0,0.0,0.0,0.6450485445118945,0.5407026225870439,-1.2930355987730566,0.36097002131392514,-0.003323550310161725,-0.1533249417982814,0.6119120371081578,-0.14125327883151229,-0.1781057493664113,1.0032374144732275,-0.632834588424933,-0.1474557687191013
0.0,0.0,1.0,0.0,0.0,1.0,0.0,0.0,1.0,0.0,0.0,0.0,0.0,0.0,1.0,0.0,0.0,-1.219449824683449,0.6163451820939199,0.027905903833462538,-0.7071421007130917,0.9258737865415383,0.5972675197671654,-0.6475775332438344,-0.14125327883151229,-0.1781057493664113,0.12654446660059115,1.580191756725731,-0.1474557687191013
0.0,0.0,1.0,0.0,0.0,1.0,1.0,0.0,0.0,0.0,0.0,0.0,0.0,0.0,1.0,0.0,0.0,-1.5062957276365787,0.5995357244257252,0.8106860535262146,-0.3187376927032675,-1.5042079011468614,0.8653362560405393,-0.6475775332438344,-0.14125327883151229,-0.1781057493664113,-0.16568651602362097,-0.632834588424933,-0.1474557687191013
0.0,1.0,0.0,0.0,0.0,1.0,0.0,0.0,0.0,0.0,0.0,0.0,1.0,0.0,0.0,0.0,1.0,-0.3589121158240597,-0.2241277013158136,1.1042286096609966,-0.3187376927032675,0.9258737865415383,0.22197128898444207,-0.2353809465831824,-0.14125327883151229,-0.1781057493664113,-0.7501484812720451,-0.632834588424933,-0.1474557687191013
1.0,0.0,0.0,0.0,0.0,1.0,1.0,0.0,0.0,0.0,0.0,0.0,0.0,0.0,0.0,0.0,1.0,-0.6457580187771894,-1.1990762460711046,0.5660672567472296,-0.9013443047180038,-0.14336215604135763,-0.7813716953530432,-0.6475775332438344,-0.14125327883151229,-0.1781057493664113,1.2954683970974397,-0.632834588424933,-0.1474557687191013
0.0,0.0,1.0,0.0,0.0,1.0,0.0,0.0,0.0,0.0,1.0,0.0,0.0,0.0,0.0,1.0,0.0,1.362163301894719,0.691987741600796,1.7402374812863577,-1.3868498147302841,-0.2043201373596429,1.2176551665712594,-0.6475775332438344,-0.14125327883151229,-0.1781057493664113,-0.16568651602362097,-0.632834588424933,-0.1474557687191013
0.0,1.0,0.0,0.0,0.0,1.0,0.0,0.0,0.0,1.0,0.0,0.0,0.0,0.0,0.0,0.0,1.0,-0.5023350673006246,-0.40062700683185765,1.8870087593537486,-1.095546508722916,-2.1187302533555212,0.267925929488449,-0.6361276280588162,-0.14125327883151229,-0.1781057493664113,-1.0423794638962574,1.580191756725731,-0.1474557687191013
0.0,0.0,1.0,0.0,0.0,1.0,0.0,0.0,0.0,0.0,0.0,0.0,1.0,0.0,0.0,1.0,0.0,0.9318944474650244,1.8014119477016444,-0.6570267271476955,0.263868919311469,0.9258737865415383,1.2636098070752664,0.4974129852579766,-0.14125327883151229,-0.1781057493664113,0.41877544922480325,-0.632834588424933,-0.1474557687191013
1.0,0.0,0.0,0.0,1.0,0.0,0.0,0.0,0.0,0.0,0.0,0.0,1.0,0.0,1.0,0.0,0.0,-1.076026873206884,-0.08124731113615896,1.0553048503051996,-0.5129398967081796,0.6523866271135557,0.3368578902444594,-0.6475775332438344,-0.14125327883151229,-0.1781057493664113,1.0032374144732275,-0.632834588424933,-0.1474557687191013
0.0,0.0,0.0,1.0,0.0,1.0,0.0,0.0,1.0,0.0,0.0,0.0,0.0,0.0,0.0,0.0,1.0,-0.2154891643474948,-1.0309816693891578,0.7128385348146206,-1.192647610725372,-1.9605690045297,-0.5898940265863474,-0.4758289554685627,-0.14125327883151229,-0.1781057493664113,1.5876993797216516,1.580191756725731,-0.1474557687191013
0.0,0.0,1.0,0.0,0.0,1.0,0.0,0.0,0.0,0.0,1.0,0.0,0.0,0.0,1.0,0.0,0.0,-1.076026873206884,1.238295115817123,0.5171434973914326,-0.8042432027155477,0.9258737865415383,1.317223554329941,-0.6475775332438344,-0.14125327883151229,-0.1781057493664113,0.41877544922480325,-0.632834588424933,-0.1474557687191013
0.0,0.0,0.0,1.0,0.0,1.0,1.0,0.0,0.0,0.0,0.0,0.0,0.0,0.0,0.0,1.0,0.0,0.9318944474650244,-1.2495046190756887,-0.7059504865034925,0.4580711233163813,0.4464475010382675,-1.2792136341464517,-0.6361276280588162,-0.14125327883151229,-0.1781057493664113,-1.6268414291446816,-0.632834588424933,-0.1474557687191013
0.0,1.0,0.0,0.0,0.0,1.0,0.0,0.0,0.0,0.0,0.0,0.0,1.0,1.0,0.0,0.0,0.0,0.5016255930353297,0.40622696124148644,-0.7059504865034925,0.4580711233163813,0.9258737865415383,0.08410736747242123,2.546946013376218,-0.14125327883151229,-0.1781057493664113,-0.7501484812720451,-0.632834588424933,-0.1474557687191013
0.0,1.0,0.0,0.0,0.0,1.0,0.0,0.0,0.0,1.0,0.0,0.0,0.0,0.0,0.0,1.0,0.0,1.6490092048478489,-0.3670080914954684,1.5934662032189666,1.1377788373335735,-0.7924822814306658,0.22963039573510985,-0.6475775332438344,-0.14125327883151229,-0.1781057493664113,-1.0423794638962574,1.580191756725731,-0.1474557687191013
0.0,1.0,0.0,0.0,0.0,1.0,0.0,0.0,0.0,0.0,1.0,0.0,0.0,0.0,0.0,1.0,0.0,1.2187403504181542,0.11206145204807984,-0.4124079303687105,0.9435766333286616,-0.3657764122026688,-0.023120127036928357,-0.6361276280588162,-0.14125327883151229,-0.1781057493664113,-0.7501484812720451,-0.632834588424933,-0.1474557687191013
0.0,1.0,0.0,0.0,1.0,0.0,0.0,0.0,0.0,0.0,0.0,1.0,0.0,1.0,0.0,0.0,0.0,0.5016255930353297,0.6751782839326015,0.6639147754588236,0.9435766333286616,-1.2768511059597434,0.8806544695418751,-0.29263047250827295,-0.049821353518897916,-0.1781057493664113,-0.4579174986478331,-0.632834588424933,-0.05611594710384673
0.0,1.0,0.0,0.0,0.0,1.0,1.0,0.0,0.0,0.0,0.0,0.0,0.0,0.0,0.0,1.0,0.0,1.6490092048478489,-0.056033124633866886,-0.021017855522334466,0.7493744293237493,0.6672142441909764,-0.0001428067849248955,-0.6475775332438344,-0.14125327883151229,-0.1781057493664113,-0.4579174986478331,-0.632834588424933,-0.1474557687191013
1.0,0.0,0.0,0.0,0.0,1.0,0.0,1.0,0.0,0.0,0.0,0.0,0.0,1.0,0.0,0.0,0.0,0.5016255930353297,-0.1736993283112296,-0.6081029677918985,1.6232843473458538,0.9258737865415383,-0.3371435038143092,0.005067062302197861,-0.14125327883151229,-0.1781057493664113,1.0032374144732275,-0.632834588424933,-0.1474557687191013
1.0,0.0,0.0,0.0,0.0,1.0,0.0,1.0,0.0,0.0,0.0,0.0,0.0,0.0,0.0,1.0,0.0,1.2187403504181542,0.19610874038905318,0.22360094125665056,0.36097002131392514,0.9258737865415383,0.30622146324178817,-0.6475775332438344,-0.14125327883151229,-0.1781057493664113,1.0032374144732275,-0.632834588424933,-0.1474557687191013
0.0,1.0,0.0,0.0,0.0,1.0,0.0,0.0,1.0,0.0,0.0,0.0,0.0,0.0,0.0,0.0,1.0,-0.6457580187771894,-0.14008041297484025,-2.8585958981585606,-0.3187376927032675,0.9258737865415383,0.015175406716410768,-0.12088189473300126,-0.14125327883151229,-0.1781057493664113,-0.4579174986478331,1.580191756725731,-0.1474557687191013
1.0,0.0,0.0,0.0,0.0,1.0,0.0,0.0,0.0,0.0,1.0,0.0,0.0,1.0,0.0,0.0,0.0,0.07135673860563499,0.31377494406641593,-0.4124079303687105,-0.1245354886983552,0.9258737865415383,0.1530393282284316,1.573704072649679,-0.14125327883151229,-0.1781057493664113,1.0032374144732275,-0.632834588424933,-0.1474557687191013
1.0,0.0,0.0,0.0,0.0,1.0,1.0,0.0,0.0,0.0,0.0,0.0,0.0,0.0,1.0,0.0,0.0,-1.5062957276365787,-0.4426506510023444,0.027905903833462538,-1.095546508722916,-1.1038622400565015,-0.3141661835623057,-0.6475775332438344,-0.14125327883151229,-0.1781057493664113,1.2954683970974397,-0.632834588424933,-0.1474557687191013
0.0,0.0,1.0,0.0,0.0,1.0,0.0,1.0,0.0,0.0,0.0,0.0,0.0,0.0,0.0,1.0,0.0,1.6490092048478489,0.8852965047850349,1.3977711657957785,-1.095546508722916,0.9258737865415383,1.3019053408286054,-0.6475775332438344,-0.14125327883151229,-0.1781057493664113,0.41877544922480325,-0.632834588424933,-0.1474557687191013
0.0,0.0,0.0,1.0,0.0,1.0,0.0,0.0,0.0,1.0,0.0,0.0,0.0,0.0,1.0,0.0,0.0,-1.5062957276365787,-0.7704350755321404,0.5171434973914326,-0.02743438669589927,-1.5701084214909538,-0.4213936780716553,-0.6475775332438344,-0.14125327883151229,-0.1781057493664113,1.5876993797216516,1.580191756725731,-0.1474557687191013
0.0,1.0,0.0,0.0,0.0,1.0,0.0,1.0,0.0,0.0,0.0,0.0,0.0,0.0,0.0,0.0,1.0,-0.07206621287092989,-0.039223666965672276,0.07682966318925954,0.6522733273212932,-1.9062010752458238,0.05347094046974989,1.9057513230152041,-0.14125327883151229,-0.1781057493664113,-1.0423794638962574,-0.632834588424933,-0.1474557687191013
1.0,0.0,0.0,0.0,0.0,1.0,0.0,0.0,0.0,1.0,0.0,0.0,0.0,0.0,0.0,1.0,0.0,1.362163301894719,-0.0056047516292829025,-0.4613316897245075,-0.7071421007130917,0.4349149099780514,-0.13800672829694574,-0.6475775332438344,-0.14125327883151229,-0.1781057493664113,1.0032374144732275,1.580191756725731,-0.1474557687191013
1.0,0.0,0.0,0.0,0.0,1.0,1.0,0.0,0.0,0.0,0.0,0.0,0.0,1.0,0.0,0.0,0.0,0.7884714959884594,-0.014009480463380209,0.3703722193240416,1.817486551350766,-1.2455483587962997,0.17601664848043508,-0.2811805673232548,-0.14125327883151229,-0.1781057493664113,1.2954683970974397,-0.632834588424933,-0.1474557687191013
0.0,1.0,0.0,0.0,0.0,1.0,0.0,0.0,1.0,0.0,0.0,0.0,0.0,1.0,0.0,0.0,0.0,0.7884714959884594,0.16248982505266382,-1.7822731923310267,0.7493744293237493,0.8369080840770138,-0.82732633585705,0.4516133645179042,-0.14125327883151229,-0.1781057493664113,-1.0423794638962574,1.580191756725731,-0.1474557687191013
0.0,0.0,1.0,0.0,0.0,1.0,0.0,0.0,1.0,0.0,0.0,0.0,0.0,0.0,0.0,0.0,1.0,-0.2154891643474948,1.070200539135176,-1.1462643207056655,-0.22163659070081138,0.7611224856813077,0.3674943172471307,1.2531067274691718,-0.14125327883151229,-0.1781057493664113,-0.16568651602362097,1.580191756725731,-0.1474557687191013
1.0,0.0,0.0,0.0,0.0,1.0,0.0,0.0,1.0,0.0,0.0,0.0,0.0,0.0,0.0,1.0,0.0,1.362163301894719,0.019609434873009167,-0.16778913358972547,0.263868919311469,0.19108298470491025,0.0075162999657429706,-0.6475775332438344,-0.14125327883151229,-0.1781057493664113,1.0032374144732275,1.580191756725731,-0.1474557687191013
0.0,1.0,0.0,0.0,0.0,1.0,0.0,0.0,0.0,1.0,0.0,0.0,0.0,0.0,0.0,1.0,0.0,1.362163301894719,-0.8628870927072111,1.4466949251515757,0.36097002131392514,-1.393824529570507,-0.2528933295569631,-0.6475775332438344,-0.14125327883151229,-0.1781057493664113,-0.7501484812720451,1.580191756725731,-0.1474557687191013
0.0,1.0,0.0,0.0,0.0,1.0,0.0,1.0,0.0,0.0,0.0,0.0,0.0,0.0,0.0,0.0,1.0,-0.7891809702537543,-0.08124731113615896,1.4956186845073727,-1.3868498147302841,-1.9539789524952906,0.4594035982551447,-0.6246777228737981,-0.14125327883151229,-0.1781057493664113,-0.4579174986478331,-0.632834588424933,-0.1474557687191013
1.0,0.0,0.0,0.0,0.0,1.0,1.0,0.0,0.0,0.0,0.0,0.0,0.0,0.0,0.0,1.0,0.0,0.9318944474650244,0.2969654863982213,-0.9016455239266805,0.6522733273212932,0.9258737865415383,-0.10737030129427444,-0.5216285762086351,-0.14125327883151229,-0.1781057493664113,1.0032374144732275,-0.632834588424933,-0.1474557687191013
0.0,0.0,1.0,0.0,0.0,1.0,0.0,0.0,1.0,0.0,0.0,0.0,0.0,1.0,0.0,0.0,0.0,0.3582026415587648,1.2130809293148308,0.5171434973914326,-1.192647610725372,-1.1565826563317751,1.2942462340779375,1.459205020799498,-0.14125327883151229,-0.1781057493664113,-0.16568651602362097,1.580191756725731,-0.1474557687191013
1.0,0.0,0.0,0.0,0.0,1.0,0.0,0.0,0.0,0.0,0.0,1.0,0.0,0.0,1.0,0.0,0.0,-1.362872776160014,-0.28296080315449507,0.9574573315936056,-1.6781531207376523,-1.3493416783382448,0.13006200797642814,-0.6475775332438344,-0.14125327883151229,-0.1781057493664113,1.2954683970974397,-0.632834588424933,-0.1474557687191013
0.0,0.0,0.0,1.0,0.0,1.0,0.0,0.0,1.0,0.0,0.0,0.0,0.0,1.0,0.0,0.0,0.0,0.21477969008219988,-1.409194466923538,-1.7333494329752295,2.20589095936059,0.8929235263694921,-1.9991696687092273,0.6348118474781941,-0.14125327883151229,-0.1781057493664113,1.5876993797216516,1.580191756725731,-0.1474557687191013
1.0,0.0,0.0,0.0,0.0,1.0,0.0,1.0,0.0,0.0,0.0,0.0,0.0,0.0,0.0,0.0,1.0,-0.3589121158240597,-0.46786483750463637,-0.2656366523013195,-0.1245354886983552,0.8945710393780945,-0.4367118915729909,0.5088628904429947,-0.14125327883151229,-0.1781057493664113,1.0032374144732275,-0.632834588424933,-0.1474557687191013
1.0,0.0,0.0,0.0,0.0,1.0,0.0,0.0,0.0,1.0,0.0,0.0,0.0,1.0,0.0,0.0,0.0,0.6450485445118945,1.1794620139784415,-1.1462643207056655,-0.8042432027155477,0.9258737865415383,0.4594035982551447,0.8065604252534656,-0.14125327883151229,-0.1781057493664113,0.7110064318490154,1.580191756725731,-0.1474557687191013
0.0,0.0,0.0,1.0,0.0,1.0,0.0,0.0,0.0,0.0,1.0,0.0,0.0,0.0,1.0,0.0,0.0,-1.219449824683449,-1.3419566362507593,1.4956186845073727,-0.41583879470572344,-1.8946684841856078,-0.6664850940930258,-0.6475775332438344,-0.14125327883151229,5.462738953656562,1.5876993797216516,-0.632834588424933,0.053491838834458745
0.0,0.0,1.0,0.0,0.0,1.0,0.0,0.0,0.0,1.0,0.0,0.0,0.0,1.0,0.0,0.0,0.0,0.5016255930353297,1.4820322520059455,-1.8311969516868236,0.7493744293237493,0.7215821734748524,0.11474379447509249,2.730144496336508,-0.14125327883151229,-0.1781057493664113,-0.16568651602362097,1.580191756725731,-0.1474557687191013
1.0,0.0,0.0,0.0,0.0,1.0,0.0,1.0,0.0,0.0,0.0,0.0,0.0,0.0,1.0,0.0,0.0,-1.6497186791131437,0.666773555098504,1.1531523690167935,0.06966671530655688,-0.7908347684220635,1.0338366045552316,-0.6475775332438344,-0.14125327883151229,-0.1781057493664113,0.7110064318490154,-0.632834588424933,-0.1474557687191013
0.0,1.0,0.0,0.0,0.0,1.0,0.0,0.0,0.0,0.0,1.0,0.0,0.0,0.0,1.0,0.0,0.0,-1.6497186791131437,0.05322835020939839,-0.36348417101291347,-0.41583879470572344,0.3508917465393338,-0.04609744728893182,-0.6475775332438344,-0.14125327883151229,-0.1781057493664113,-0.4579174986478331,-0.632834588424933,-0.1474557687191013
0.0,0.0,1.0,0.0,0.0,1.0,0.0,0.0,0.0,0.0,0.0,0.0,1.0,1.0,0.0,0.0,0.0,0.5016255930353297,1.1626525563102468,0.9085335722378086,0.7493744293237493,0.822080466999593,1.3938146218366194,-0.3498799984333635,-0.14125327883151229,-0.1781057493664113,0.41877544922480325,-0.632834588424933,-0.1474557687191013
1.0,0.0,0.0,0.0,1.0,0.0,0.0,0.0,0.0,0.0,0.0,0.0,1.0,0.0,1.0,0.0,0.0,-1.6497186791131437,0.12046618088217714,0.7617622941704176,-1.2897487127278282,0.9258737865415383,0.4287671712524734,-0.6475775332438344,-0.14125327883151229,-0.1781057493664113,1.0032374144732275,-0.632834588424933,-0.1474557687191013
0.0,0.0,0.0,1.0,0.0,1.0,1.0,0.0,0.0,0.0,0.0,0.0,0.0,0.0,1.0,0.0,0.0,-1.5062957276365787,-2.2496673503332714,-0.5591792084361015,1.2348799393360297,0.9258737865415383,-2.06044252271457,-0.6475775332438344,-0.14125327883151229,-0.1781057493664113,-1.6268414291446816,-0.632834588424933,-0.1474557687191013
0.0,0.0,0.0,1.0,0.0,1.0,0.0,0.0,0.0,0.0,0.0,0.0,1.0,0.0,0.0,0.0,1.0,-0.7891809702537543,-1.7453836202874313,0.7617622941704176,-0.6100409987106356,0.9258737865415383,-1.2102816733904411,-0.6475775332438344,-0.14125327883151229,1.873110506278306,-1.6268414291446816,-0.632834588424933,-0.07438391142689764
0.0,0.0,1.0,0.0,0.0,1.0,0.0,0.0,0.0,0.0,1.0,0.0,0.0,0.0,0.0,1.0,0.0,1.0753173989415892,1.145843098642052,0.5171434973914326,-0.3187376927032675,0.9258737865415383,1.2406324868232628,-0.2353809465831824,-0.14125327883151229,-0.1781057493664113,0.12654446660059115,-0.632834588424933,-0.1474557687191013
0.0,1.0,0.0,0.0,0.0,1.0,0.0,0.0,0.0,0.0,0.0,0.0,1.0,0.0,1.0,0.0,0.0,-1.076026873206884,-0.257746616652203,0.27252470061244755,-0.22163659070081138,0.9258737865415383,-0.06907476754093532,-0.6475775332438344,-0.14125327883151229,-0.1781057493664113,-0.4579174986478331,-0.632834588424933,-0.1474557687191013
1.0,0.0,0.0,0.0,0.0,1.0,0.0,0.0,0.0,1.0,0.0,0.0,0.0,1.0,0.0,0.0,0.0,0.21477969008219988,-0.08124731113615896,0.8106860535262146,-0.5129398967081796,0.5551833596060196,0.2602668227377812,0.4859630800729585,-0.14125327883151229,-0.1781057493664113,1.0032374144732275,1.580191756725731,-0.1474557687191013
0.0,1.0,0.0,0.0,0.0,1.0,0.0,0.0,0.0,0.0,0.0,1.0,0.0,0.0,0.0,1.0,0.0,0.9318944474650244,0.8432728606145482,0.46821973803563555,1.1377788373335735,0.11200236029199961,0.9572455370485534,-0.16668151547307375,-0.14125327883151229,-0.1781057493664113,-0.4579174986478331,-0.632834588424933,-0.1474557687191013
1.0,0.0,0.0,0.0,0.0,1.0,0.0,1.0,0.0,0.0,0.0,0.0,0.0,0.0,0.0,0.0,1.0,-0.07206621287092989,-0.23253243014991093,-0.9016455239266805,-0.9984454067204599,0.38548951971998224,-0.5362802793316727,1.2531067274691718,-0.14125327883151229,-0.1781057493664113,1.2954683970974397,-0.632834588424933,-0.1474557687191013
0.0,0.0,0.0,1.0,1.0,0.0,0.0,0.0,1.0,0.0,0.0,0.0,0.0,0.0,0.0,0.0,1.0,-0.6457580187771894,-1.6697410607805554,-1.2930355987730566,-0.1245354886983552,0.9258737865415383,-1.914919494451881,-0.6475775332438344,-0.14125327883151229,-0.1781057493664113,-1.3346104465204693,1.580191756725731,-0.1474557687191013
0.0,1.0,0.0,0.0,0.0,1.0,0.0,0.0,0.0,0.0,0.0,0.0,1.0,0.0,0.0,1.0,0.0,1.0753173989415892,0.011204706038911709,-1.4887306361962445,1.1377788373335735,0.9258737865415383,-0.7047806278463649,-0.39567961917343597,-0.14125327883151229,-0.1781057493664113,-0.7501484812720451,-0.632834588424933,-0.1474557687191013
0.0,1.0,0.0,0.0,0.0,1.0,0.0,0.0,0.0,0.0,0.0,1.0,0.0,1.0,0.0,0.0,0.0,0.6450485445118945,1.3223424041580962,-1.0484168019940716,0.6522733273212932,0.31464646035008315,0.6355630535205045,1.0012088133987733,-0.14125327883151229,-0.1781057493664113,-0.4579174986478331,-0.632834588424933,-0.1474557687191013
0.0,1.0,0.0,0.0,0.0,1.0,0.0,0.0,0.0,0.0,1.0,0.0,0.0,0.0,0.0,1.0,0.0,1.2187403504181542,0.2129181980572478,0.27252470061244755,0.9435766333286616,-1.2389583067618903,0.34451699699512733,-0.6475775332438344,-0.14125327883151229,-0.1781057493664113,-1.0423794638962574,-0.632834588424933,-0.1474557687191013
1.0,0.0,0.0,0.0,0.0,1.0,0.0,0.0,0.0,0.0,0.0,1.0,0.0,0.0,0.0,0.0,1.0,-0.2154891643474948,0.11206145204807984,-0.6570267271476955,-1.095546508722916,-0.38225154228869185,-0.1303476215462779,0.8180103304384837,-0.14125327883151229,-0.1781057493664113,1.0032374144732275,-0.632834588424933,-0.1474557687191013
0.0,0.0,1.0,0.0,0.0,1.0,0.0,0.0,1.0,0.0,0.0,0.0,0.0,0.0,1.0,0.0,0.0,-1.362872776160014,0.5491073514211414,0.07682966318925954,0.16676781730901283,-0.39213662034030566,0.5589719860138264,-0.6475775332438344,-0.14125327883151229,-0.1781057493664113,-0.16568651602362097,1.580191756725731,-0.1474557687191013
0.0,0.0,1.0,0.0,0.0,1.0,0.0,0.0,0.0,1.0,0.0,0.0,0.0,0.0,0.0,1.0,0.0,1.2187403504181542,1.700555201692476,-0.4124079303687105,0.555172225318837,0.4415049620124606,1.3095644475792731,-0.5330784813936532,-0.14125327883151229,-0.1781057493664113,0.12654446660059115,1.580191756725731,-0.1474557687191013
0.0,1.0,0.0,0.0,0.0,1.0,0.0,0.0,0.0,0.0,1.0,0.0,0.0,0.0,0.0,1.0,0.0,1.0753173989415892,-0.7200067025275565,0.6639147754588236,0.9435766333286616,-1.4976178491124523,-0.3371435038143092,-0.61322781768878,-0.14125327883151229,-0.1781057493664113,-1.0423794638962574,-0.632834588424933,-0.1474557687191013
0.0,0.0,0.0,1.0,0.0,1.0,0.0,0.0,0.0,1.0,0.0,0.0,0.0,0.0,0.0,0.0,1.0,-0.6457580187771894,-1.4680275687622195,1.0553048503051996,-0.3187376927032675,-1.6920243841275242,-0.8885991898623926,-0.6475775332438344,-0.14125327883151229,-0.1781057493664113,-1.6268414291446816,1.580191756725731,-0.1474557687191013
1.0,0.0,0.0,0.0,0.0,1.0,0.0,0.0,1.0,0.0,0.0,0.0,0.0,0.0,0.0,0.0,1.0,-0.5023350673006246,0.2213229268913451,0.32144845996824456,-0.5129398967081796,0.9258737865415383,0.3674943172471307,-0.02928265325285637,-0.14125327883151229,-0.1781057493664113,0.7110064318490154,1.580191756725731,-0.1474557687191013
0.0,0.0,0.0,1.0,0.0,1.0,0.0,1.0,0.0,0.0,0.0,0.0,0.0,1.0,0.0,0.0,0.0,0.3582026415587648,-1.05619585589145,0.8596098128820115,-0.8042432027155477,-1.7694574955318325,-0.5745758130850118,-0.45292914509852644,-0.14125327883151229,10.590779592768355,1.5876993797216516,-0.632834588424933,0.23617148206496785
0.0,0.0,1.0,0.0,0.0,1.0,1.0,0.0,0.0,0.0,0.0,0.0,0.0,0.0,0.0,0.0,1.0,-0.3589121158240597,1.0449863526328842,-0.9016455239266805,0.8464755313262055,0.9093986564555152,0.4976991320084838,1.2989063482092442,-0.14125327883151229,-0.1781057493664113,0.41877544922480325,-0.632834588424933,-0.1474557687191013
1.0,0.0,0.0,0.0,0.0,1.0,0.0,0.0,0.0,0.0,0.0,0.0,1.0,1.0,0.0,0.0,0.0,0.6450485445118945,0.061633079043495846,-0.7548742458592895,1.9145876533532222,0.9258737865415383,-0.2222569025542918,0.19971545044750577,-0.14125327883151229,-0.1781057493664113,1.0032374144732275,-0.632834588424933,-0.1474557687191013
0.0,0.0,0.0,1.0,0.0,1.0,0.0,0.0,0.0,0.0,0.0,1.0,0.0,0.0,0.0,1.0,0.0,1.5055862533712838,-0.7620303466980431,-0.06994161487813147,-1.3868498147302841,-1.6607216369640805,-0.6128713468383509,-0.6475775332438344,-0.14125327883151229,-0.1781057493664113,-1.6268414291446816,-0.632834588424933,-0.1474557687191013
0.0,0.0,1.0,0.0,0.0,1.0,0.0,0.0,0.0,1.0,0.0,0.0,0.0,1.0,0.0,0.0,0.0,0.21477969008219988,1.0617958103010787,-0.31456041165711646,-0.6100409987106356,-1.3163914181661986,0.8193816155365324,1.4248553052444435,-0.14125327883151229,-0.1781057493664113,-0.16568651602362097,1.580191756725731,-0.1474557687191013
0.0,0.0,1.0,0.0,0.0,1.0,0.0,0.0,0.0,0.0,1.0,0.0,0.0,0.0,0.0,1.0,0.0,1.5055862533712838,1.2130809293148308,1.1531523690167935,-1.2897487127278282,-0.34600625609944113,1.5163603298473047,-0.6475775332438344,-0.14125327883151229,-0.1781057493664113,0.41877544922480325,-0.632834588424933,-0.1474557687191013
0.0,0.0,1.0,0.0,0.0,1.0,0.0,1.0,0.0,0.0,0.0,0.0,0.0,0.0,0.0,0.0,1.0,-0.5023350673006246,0.6415593685962119,0.7128385348146206,-0.9013443047180038,0.9258737865415383,0.8653362560405393,-0.30408037769329105,0.041610571793716446,-0.1781057493664113,0.12654446660059115,-0.632834588424933,0.03522387451140782
1.0,0.0,0.0,0.0,0.0,1.0,0.0,1.0,0.0,0.0,0.0,0.0,0.0,0.0,0.0,0.0,1.0,-0.07206621287092989,0.9021059624532295,-0.21671289294552248,0.36097002131392514,0.3097039213242762,0.7351314412791863,2.2721482889357834,-0.14125327883151229,-0.1781057493664113,0.7110064318490154,-0.632834588424933,-0.1474557687191013
0.0,1.0,0.0,0.0,0.0,1.0,0.0,0.0,0.0,0.0,0.0,0.0,1.0,0.0,0.0,1.0,0.0,1.0753173989415892,0.40622696124148644,-0.21671289294552248,1.1377788373335735,0.9258737865415383,0.313880569992456,-0.6017779125037619,-0.14125327883151229,-0.1781057493664113,-1.0423794638962574,-0.632834588424933,-0.1474557687191013
0.0,0.0,0.0,1.0,0.0,1.0,0.0,0.0,1.0,0.0,0.0,0.0,0.0,1.0,0.0,0.0,0.0,0.21477969008219988,-0.45105537983644167,0.46821973803563555,-0.7071421007130917,-1.9589214915210977,-0.16864315529961704,0.01651696748721598,-0.14125327883151229,-0.1781057493664113,1.5876993797216516,1.580191756725731,-0.1474557687191013
0.0,0.0,0.0,1.0,0.0,1.0,0.0,0.0,0.0,0.0,0.0,1.0,0.0,0.0,0.0,0.0,1.0,-0.7891809702537543,-1.7201694337851396,-1.1951880800614625,1.429082143340942,0.9258737865415383,-1.9072603877012133,-0.6475775332438344,-0.14125327883151229,-0.1781057493664113,1.5876993797216516,-0.632834588424933,-0.1474557687191013
0.0,1.0,0.0,0.0,0.0,1.0,0.0,0.0,0.0,0.0,1.0,0.0,0.0,1.0,0.0,0.0,0.0,0.6450485445118945,0.6415593685962119,-0.9994930426382745,0.4580711233163813,-1.1483450912887636,0.11474379447509249,1.2187570119141173,-0.14125327883151229,-0.1781057493664113,-1.0423794638962574,-0.632834588424933,-0.1474557687191013
0.0,1.0,0.0,0.0,0.0,1.0,0.0,0.0,1.0,0.0,0.0,0.0,0.0,1.0,0.0,0.0,0.0,0.3582026415587648,-0.08124731113615896,-1.4398068768404475,0.555172225318837,0.4876353262533251,-0.743076161599704,1.9401010385702582,-0.14125327883151229,-0.1781057493664113,-1.0423794638962574,1.580191756725731,-0.1474557687191013
0.0,0.0,0.0,1.0,0.0,1.0,0.0,0.0,0.0,0.0,0.0,1.0,0.0,0.0,1.0,0.0,0.0,-1.219449824683449,-1.6193126877759714,0.12575342254505653,-0.41583879470572344,0.9126936824727198,-1.2868727408971194,-0.6475775332438344,-0.14125327883151229,-0.1781057493664113,-1.3346104465204693,-0.632834588424933,-0.1474557687191013
1.0,0.0,0.0,0.0,0.0,1.0,0.0,0.0,0.0,1.0,0.0,0.0,0.0,0.0,0.0,0.0,1.0,-0.7891809702537543,-0.9385296522140871,-0.2656366523013195,-1.2897487127278282,0.6177888539329072,-0.8349854426077179,-0.6475775332438344,-0.14125327883151229,-0.1781057493664113,1.2954683970974397,1.580191756725731,-0.1474557687191013
0.0,0.0,0.0,1.0,0.0,1.0,0.0,0.0,1.0,0.0,0.0,0.0,0.0,0.0,0.0,0.0,1.0,-0.5023350673006246,-0.6695783295229725,1.2020761283725907,-0.8042432027155477,-1.879840867108187,-0.14566583504761357,-0.6475775332438344,-0.14125327883151229,-0.1781057493664113,1.5876993797216516,1.580191756725731,-0.1474557687191013
1.0,0.0,0.0,0.0,0.0,1.0,0.0,1.0,0.0,0.0,0.0,0.0,0.0,0.0,0.0,0.0,1.0,-0.07206621287092989,0.893701233619132,1.3488474064399816,-1.095546508722916,0.5930761588038727,1.2942462340779375,-0.29263047250827295,-0.14125327883151229,-0.1781057493664113,0.7110064318490154,-0.632834588424933,-0.1474557687191013
0.0,0.0,1.0,0.0,0.0,1.0,0.0,0.0,0.0,0.0,0.0,0.0,1.0,0.0,0.0,1.0,0.0,1.5055862533712838,0.7172019281030881,0.3703722193240416,-0.5129398967081796,-2.8524292957115103e-05,0.8117225087858646,-0.6475775332438344,-0.14125327883151229,-0.1781057493664113,-0.16568651602362097,-0.632834588424933,-0.1474557687191013
0.0,0.0,1.0,0.0,0.0,1.0,0.0,0.0,0.0,0.0,0.0,0.0,1.0,0.0,0.0,1.0,0.0,1.0753173989415892,0.9945579796283,0.5660672567472296,0.06966671530655688,-0.5058150179338647,1.1257458855632454,-0.3727798088033997,-0.14125327883151229,-0.1781057493664113,-0.16568651602362097,-0.632834588424933,-0.1474557687191013
1.0,0.0,0.0,0.0,0.0,1.0,0.0,0.0,0.0,0.0,0.0,0.0,1.0,0.0,0.0,0.0,1.0,-0.07206621287092989,-0.03081893813157497,-0.4124079303687105,1.5261832453433977,0.924226273532936,-0.13800672829694574,1.1958572015440814,-0.14125327883151229,-0.1781057493664113,1.0032374144732275,-0.632834588424933,-0.1474557687191013
0.0,0.0,1.0,0.0,0.0,1.0,0.0,0.0,0.0,0.0,0.0,1.0,0.0,0.0,1.0,0.0,0.0,-1.219449824683449,0.3726080459050972,1.3977711657957785,-1.192647610725372,0.9176362214985267,0.842358935788536,-0.6475775332438344,-0.14125327883151229,-0.1781057493664113,-0.16568651602362097,-0.632834588424933,-0.1474557687191013
0.0,1.0,0.0,0.0,0.0,1.0,1.0,0.0,0.0,0.0,0.0,0.0,0.0,0.0,0.0,1.0,0.0,1.6490092048478489,-1.0730053135596445,-0.9994930426382745,-1.4839509167327403,0.7528849206382963,-1.2715545273957838,-0.6475775332438344,-0.14125327883151229,-0.1781057493664113,-1.0423794638962574,-0.632834588424933,-0.1474557687191013
0.0,1.0,0.0,0.0,0.0,1.0,0.0,0.0,0.0,0.0,1.0,0.0,0.0,0.0,1.0,0.0,0.0,-1.5062957276365787,-0.3501986338272737,-0.9016455239266805,0.36097002131392514,0.9258737865415383,-0.6281895603396865,-0.6475775332438344,-0.14125327883151229,-0.1781057493664113,-0.7501484812720451,-0.632834588424933,-0.1474557687191013
0.0,0.0,0.0,1.0,1.0,0.0,0.0,0.0,0.0,1.0,0.0,0.0,0.0,1.0,0.0,0.0,0.0,0.6450485445118945,-0.9049107368776979,1.5934662032189666,1.5261832453433977,-1.9243237183404491,-0.2605524363076309,-0.5674281969487076,-0.14125327883151229,-0.1781057493664113,1.5876993797216516,1.580191756725731,-0.1474557687191013
0.0,0.0,0.0,1.0,0.0,1.0,0.0,1.0,0.0,0.0,0.0,0.0,0.0,0.0,1.0,0.0,0.0,-1.5062957276365787,-1.383980280421246,-1.0973405613498686,2.011688755355678,0.9258737865415383,-1.5779187974224969,-0.6475775332438344,-0.14125327883151229,-0.1781057493664113,1.5876993797216516,-0.632834588424933,-0.1474557687191013
0.0,0.0,0.0,1.0,0.0,1.0,1.0,0.0,0.0,0.0,0.0,0.0,0.0,1.0,0.0,0.0,0.0,0.21477969008219988,-0.8796965503754058,-1.5376543955520416,-0.9013443047180038,-0.52393766102849,-1.4400548759104759,0.2913146919276506,-0.14125327883151229,-0.1781057493664113,-1.3346104465204693,-0.632834588424933,-0.1474557687191013
0.0,0.0,0.0,1.0,0.0,1.0,0.0,0.0,0.0,0.0,0.0,1.0,0.0,0.0,0.0,1.0,0.0,1.5055862533712838,-0.8796965503754058,-0.06994161487813147,1.3319810413384858,0.9258737865415383,-0.7124397345970326,-0.6475775332438344,-0.14125327883151229,-0.1781057493664113,-1.3346104465204693,-0.632834588424933,-0.1474557687191013
0.0,0.0,0.0,1.0,0.0,1.0,0.0,0.0,1.0,0.0,0.0,0.0,0.0,1.0,0.0,0.0,0.0,0.21477969008219988,-1.585693772439582,-0.9994930426382745,1.9145876533532222,0.8616207792060483,-1.6928053986825142,1.9286511333852403,-0.14125327883151229,-0.1781057493664113,-1.3346104465204693,1.580191756725731,-0.1474557687191013
0.0,0.0,0.0,1.0,0.0,1.0,0.0,0.0,0.0,0.0,0.0,1.0,0.0,0.0,0.0,1.0,0.0,1.5055862533712838,-1.8546450951306968,-0.6570267271476955,-0.41583879470572344,0.924226273532936,-1.7617373594385246,-0.6475775332438344,-0.14125327883151229,-0.1781057493664113,1.5876993797216516,-0.632834588424933,-0.1474557687191013
1.0,0.0,0.0,0.0,0.0,1.0,0.0,0.0,0.0,0.0,0.0,1.0,0.0,1.0,0.0,0.0,0.0,0.6450485445118945,0.09525199437988507,-1.0484168019940716,0.263868919311469,0.568363463674838,-0.35246171731564485,0.3943638385928137,-0.14125327883151229,-0.1781057493664113,1.2954683970974397,-0.632834588424933,-0.1474557687191013
0.0,0.0,0.0,1.0,0.0,1.0,0.0,0.0,0.0,1.0,0.0,0.0,0.0,0.0,0.0,0.0,1.0,-0.7891809702537543,-1.4428133822599272,-1.3908831174846505,-0.6100409987106356,0.9258737865415383,-1.792373786441196,-0.6475775332438344,-0.14125327883151229,-0.1781057493664113,-1.3346104465204693,1.580191756725731,-0.1474557687191013
0.0,0.0,1.0,0.0,0.0,1.0,0.0,0.0,1.0,0.0,0.0,0.0,0.0,0.0,1.0,0.0,0.0,-1.6497186791131437,0.4986789784165573,-0.06994161487813147,-0.1245354886983552,0.9258737865415383,0.45174449150447676,-0.6475775332438344,-0.14125327883151229,-0.1781057493664113,-0.16568651602362097,1.580191756725731,-0.1474557687191013
0.0,0.0,0.0,1.0,1.0,0.0,0.0,1.0,0.0,0.0,0.0,0.0,0.0,0.0,1.0,0.0,0.0,-1.076026873206884,-1.4512181110940245,-0.2656366523013195,-0.6100409987106356,0.9159887084899244,-1.2715545273957838,-0.6475775332438344,-0.14125327883151229,-0.1781057493664113,-1.6268414291446816,-0.632834588424933,-0.1474557687191013
0.0,0.0,0.0,1.0,0.0,1.0,0.0,1.0,0.0,0.0,0.0,0.0,0.0,1.0,0.0,0.0,0.0,0.7884714959884594,-1.5772890436054847,-1.3908831174846505,1.817486551350766,0.8896285003522876,-1.8996012809505454,-0.1895813258431099,-0.14125327883151229,-0.1781057493664113,-1.6268414291446816,-0.632834588424933,-0.1474557687191013
1.0,0.0,0.0,0.0,0.0,1.0,1.0,0.0,0.0,0.0,0.0,0.0,0.0,0.0,1.0,0.0,0.0,-0.9326039217303193,-1.157052601900618,0.3703722193240416,-1.192647610725372,-0.16807485117039223,-0.8043490156050466,-0.6475775332438344,-0.14125327883151229,-0.1781057493664113,1.2954683970974397,-0.632834588424933,-0.1474557687191013
0.0,0.0,1.0,0.0,0.0,1.0,1.0,0.0,0.0,0.0,0.0,0.0,0.0,0.0,0.0,0.0,1.0,-0.3589121158240597,0.5911309955916281,0.32144845996824456,-0.3187376927032675,0.9258737865415383,0.6891768007751795,0.4172636489628499,-0.14125327883151229,-0.1781057493664113,-0.16568651602362097,-0.632834588424933,-0.1474557687191013
0.0,0.0,1.0,0.0,0.0,1.0,0.0,0.0,1.0,0.0,0.0,0.0,0.0,1.0,0.0,0.0,0.0,0.07135673860563499,1.4400086078354588,-0.021017855522334466,0.555172225318837,-0.1301820519725392,1.278928020576602,2.375197435600947,-0.14125327883151229,-0.1781057493664113,0.12654446660059115,1.580191756725731,-0.1474557687191013
0.0,0.0,0.0,1.0,0.0,1.0,0.0,0.0,0.0,1.0,0.0,0.0,0.0,1.0,0.0,0.0,0.0,0.7884714959884594,-1.5940985012736797,-1.5376543955520416,1.817486551350766,0.8830384483178783,-2.006828775459895,0.2798647867426326,-0.14125327883151229,-0.1781057493664113,-1.3346104465204693,1.580191756725731,-0.1474557687191013
0.0,0.0,1.0,0.0,0.0,1.0,0.0,0.0,0.0,0.0,1.0,0.0,0.0,0.0,0.0,0.0,1.0,-0.3589121158240597,1.3475565906603884,0.5171434973914326,-0.7071421007130917,-0.9638236343253055,1.4167919420886228,0.11956611415237905,-0.14125327883151229,-0.1781057493664113,0.12654446660059115,-0.632834588424933,-0.1474557687191013
0.0,0.0,0.0,1.0,0.0,1.0,0.0,0.0,0.0,0.0,1.0,0.0,0.0,1.0,0.0,0.0,0.0,0.7884714959884594,-1.8798592816329889,-0.7548742458592895,1.0406777353311174,0.7611224856813077,-1.8306693201945352,-0.32698018806332724,-0.14125327883151229,-0.1781057493664113,-1.6268414291446816,-0.632834588424933,-0.1474557687191013
1.0,0.0,0.0,0.0,0.0,1.0,0.0,0.0,0.0,0.0,0.0,1.0,0.0,0.0,0.0,0.0,1.0,-0.5023350673006246,-0.7452208890298485,0.9574573315936056,-0.5129398967081796,-1.7727525215490372,-0.2835297565596344,-0.6246777228737981,-0.14125327883151229,-0.1781057493664113,1.2954683970974397,-0.632834588424933,-0.1474557687191013
0.0,0.0,0.0,1.0,0.0,1.0,0.0,0.0,0.0,0.0,0.0,1.0,0.0,0.0,0.0,1.0,0.0,1.362163301894719,-1.409194466923538,-0.5591792084361015,-1.6781531207376523,0.9258737865415383,-1.348145594902462,-0.6475775332438344,-0.14125327883151229,-0.1781057493664113,1.5876993797216516,-0.632834588424933,-0.1474557687191013
0.0,0.0,1.0,0.0,0.0,1.0,0.0,0.0,1.0,0.0,0.0,0.0,0.0,1.0,0.0,0.0,0.0,0.7884714959884594,1.4147944213331667,-0.9505692832824775,1.1377788373335735,0.9258737865415383,0.7734269750325254,0.33711431266772307,-0.14125327883151229,-0.1781057493664113,0.41877544922480325,1.580191756725731,-0.1474557687191013
0.0,1.0,0.0,0.0,0.0,1.0,1.0,0.0,0.0,0.0,0.0,0.0,0.0,1.0,0.0,0.0,0.0,0.5016255930353297,-0.08124731113615896,-1.3908831174846505,1.2348799393360297,-0.52393766102849,-0.7047806278463649,2.1118496163455305,-0.14125327883151229,-0.1781057493664113,-1.0423794638962574,-0.632834588424933,-0.1474557687191013
0.0,0.0,0.0,1.0,0.0,1.0,0.0,1.0,0.0,0.0,0.0,0.0,0.0,0.0,1.0,0.0,0.0,-1.076026873206884,-1.0982195000619366,-1.2930355987730566,-1.2897487127278282,0.9258737865415383,-1.4553730894118115,-0.6475775332438344,-0.14125327883151229,-0.1781057493664113,-1.6268414291446816,-0.632834588424933,-0.1474557687191013
0.0,0.0,1.0,0.0,0.0,1.0,0.0,0.0,0.0,0.0,0.0,1.0,0.0,1.0,0.0,0.0,0.0,0.21477969008219988,1.1794620139784415,0.3703722193240416,0.8464755313262055,0.7528849206382963,1.2099960598205917,1.1157078652489545,-0.14125327883151229,-0.1781057493664113,0.41877544922480325,-0.632834588424933,-0.1474557687191013
1.0,0.0,0.0,0.0,0.0,1.0,0.0,0.0,0.0,0.0,0.0,1.0,0.0,0.0,0.0,1.0,0.0,1.0753173989415892,-0.3670080914954684,-1.1951880800614625,0.4580711233163813,0.6902794263114086,-0.8120081223557143,-0.6475775332438344,-0.14125327883151229,-0.1781057493664113,1.2954683970974397,-0.632834588424933,-0.1474557687191013
0.0,0.0,0.0,1.0,0.0,1.0,0.0,0.0,0.0,0.0,0.0,0.0,1.0,1.0,0.0,0.0,0.0,0.6450485445118945,-1.1318384153983259,-1.3908831174846505,0.263868919311469,0.9258737865415383,-1.5472823704198257,0.06231658822728846,-0.14125327883151229,-0.1781057493664113,-1.6268414291446816,-0.632834588424933,-0.1474557687191013
0.0,1.0,0.0,0.0,0.0,1.0,1.0,0.0,0.0,0.0,0.0,0.0,0.0,1.0,0.0,0.0,0.0,0.5016255930353297,0.30537021523231844,1.2999236470841846,-0.5129398967081796,0.9258737865415383,0.750449654780522,-0.08653217917794698,-0.14125327883151229,-0.1781057493664113,-0.4579174986478331,-0.632834588424933,-0.1474557687191013
1.0,0.0,0.0,0.0,0.0,1.0,0.0,0.0,0.0,0.0,0.0,1.0,0.0,0.0,0.0,0.0,1.0,-0.2154891643474948,-0.6695783295229725,-1.2441118394172594,-0.3187376927032675,0.6655667311823741,-1.0800768586290883,0.6119120371081578,-0.14125327883151229,-0.1781057493664113,1.2954683970974397,-0.632834588424933,-0.1474557687191013
0.0,0.0,0.0,1.0,0.0,1.0,0.0,0.0,0.0,1.0,0.0,0.0,0.0,0.0,0.0,0.0,1.0,-0.5023350673006246,-1.7790025356238206,-0.7548742458592895,-0.02743438669589927,0.8319655450512069,-1.746419145937189,-0.6475775332438344,-0.14125327883151229,-0.1781057493664113,-1.6268414291446816,1.580191756725731,-0.1474557687191013
0.0,0.0,0.0,1.0,1.0,0.0,0.0,0.0,1.0,0.0,0.0,0.0,0.0,1.0,0.0,0.0,0.0,0.5016255930353297,-1.0141722117209633,-2.1736632671774028,2.7884975713753266,0.9258737865415383,-2.1293744834705803,1.779802365980005,-0.14125327883151229,-0.1781057493664113,-1.3346104465204693,1.580191756725731,-0.1474557687191013
0.0,0.0,1.0,0.0,0.0,1.0,0.0,0.0,0.0,1.0,0.0,0.0,0.0,0.0,0.0,0.0,1.0,-0.7891809702537543,0.3221796729005131,0.17467718190085355,-1.2897487127278282,0.5436507685458035,0.39813074424980205,-0.5788781021337256,-0.14125327883151229,-0.1781057493664113,-0.16568651602362097,1.580191756725731,-0.1474557687191013
0.0,0.0,1.0,0.0,0.0,1.0,0.0,0.0,0.0,0.0,0.0,1.0,0.0,0.0,1.0,0.0,0.0,-0.9326039217303193,0.9021059624532295,1.3488474064399816,1.817486551350766,-1.6771967670501036,1.3019053408286054,-0.6475775332438344,0.7730659742946313,-0.1781057493664113,0.41877544922480325,-0.632834588424933,0.7659424474334442
0.0,0.0,1.0,0.0,0.0,1.0,0.0,0.0,0.0,0.0,1.0,0.0,0.0,0.0,0.0,0.0,1.0,-0.7891809702537543,0.5407026225870439,1.0553048503051996,-0.1245354886983552,-1.2010655075640373,0.8883135762925428,-0.6017779125037619,-0.14125327883151229,-0.1781057493664113,-0.16568651602362097,-0.632834588424933,-0.1474557687191013
0.0,1.0,0.0,0.0,0.0,1.0,1.0,0.0,0.0,0.0,0.0,0.0,0.0,1.0,0.0,0.0,0.0,0.7884714959884594,0.4902742495824598,-0.6570267271476955,0.8464755313262055,-0.583248129338173,0.17601664848043508,0.2684148815576145,-0.14125327883151229,-0.1781057493664113,-0.4579174986478331,-0.632834588424933,-0.1474557687191013
1.0,0.0,0.0,0.0,0.0,1.0,0.0,0.0,0.0,0.0,1.0,0.0,0.0,0.0,1.0,0.0,0.0,-1.5062957276365787,-0.09805676880435357,0.9085335722378086,-0.6100409987106356,0.32288402539309463,0.27558503623911684,-0.6475775332438344,-0.14125327883151229,-0.1781057493664113,1.2954683970974397,-0.632834588424933,-0.1474557687191013
1.0,0.0,0.0,0.0,0.0,1.0,1.0,0.0,0.0,0.0,0.0,0.0,0.0,0.0,0.0,0.0,1.0,-0.2154891643474948,-0.30817498965678697,-0.16778913358972547,-1.5810520187351962,-1.4300698157597578,-0.2758706498089666,-0.08653217917794698,-0.14125327883151229,-0.1781057493664113,1.2954683970974397,-0.632834588424933,-0.1474557687191013
1.0,0.0,0.0,0.0,0.0,1.0,0.0,0.0,0.0,0.0,1.0,0.0,0.0,1.0,0.0,0.0,0.0,0.3582026415587648,0.9441296066237161,-0.9505692832824775,-0.02743438669589927,0.9258737865415383,0.3904716374991342,1.8485017970901139,-0.14125327883151229,-0.1781057493664113,1.0032374144732275,-0.632834588424933,-0.1474557687191013
0.0,0.0,1.0,0.0,0.0,1.0,0.0,0.0,0.0,0.0,0.0,1.0,0.0,1.0,0.0,0.0,0.0,0.6450485445118945,1.9526970667153962,-0.8527217645708836,0.6522733273212932,0.8550307271716391,1.271268913825934,1.470654925984516,-0.14125327883151229,-0.1781057493664113,0.41877544922480325,-0.632834588424933,-0.1474557687191013
1.0,0.0,0.0,0.0,0.0,1.0,0.0,0.0,1.0,0.0,0.0,0.0,0.0,0.0,1.0,0.0,0.0,-1.219449824683449,0.3978222324073893,0.07682966318925954,-1.4839509167327403,0.9258737865415383,0.4287671712524734,-0.6475775332438344,-0.14125327883151229,-0.1781057493664113,0.7110064318490154,1.580191756725731,-0.1474557687191013
0.0,1.0,0.0,0.0,0.0,1.0,0.0,1.0,0.0,0.0,0.0,0.0,0.0,1.0,0.0,0.0,0.0,0.6450485445118945,-0.29136553198859233,1.8380849999979516,-0.02743438669589927,-0.04780640154242396,0.3521761037457951,-0.3842297139884178,0.7730659742946313,-0.1781057493664113,-0.7501484812720451,-0.632834588424933,0.7659424474334442
0.0,1.0,0.0,0.0,0.0,1.0,1.0,0.0,0.0,0.0,0.0,0.0,0.0,0.0,1.0,0.0,0.0,-1.6497186791131437,0.38101277473919465,-0.06994161487813147,0.06966671530655688,-0.8155474635510981,0.3521761037457951,-0.6475775332438344,-0.14125327883151229,-0.1781057493664113,-0.4579174986478331,-0.632834588424933,-0.1474557687191013
0.0,0.0,1.0,0.0,0.0,1.0,0.0,0.0,0.0,0.0,1.0,0.0,0.0,0.0,0.0,1.0,0.0,1.6490092048478489,1.1962714716466363,1.1042286096609966,-1.6781531207376523,-0.24880298859190517,1.4857239028446332,-0.6475775332438344,-0.14125327883151229,-0.1781057493664113,0.41877544922480325,-0.632834588424933,-0.1474557687191013
1.0,0.0,0.0,0.0,0.0,1.0,0.0,0.0,0.0,0.0,0.0,0.0,1.0,0.0,0.0,0.0,1.0,-0.5023350673006246,-0.10646149763845088,1.0553048503051996,1.9145876533532222,0.13177251639522727,0.313880569992456,-0.46437905028354454,-0.14125327883151229,-0.1781057493664113,1.0032374144732275,-0.632834588424933,-0.1474557687191013
0.0,1.0,0.0,0.0,0.0,1.0,0.0,1.0,0.0,0.0,0.0,0.0,0.0,0.0,0.0,1.0,0.0,0.9318944474650244,-0.37541282032956574,-0.16778913358972547,0.6522733273212932,0.8566782401802414,-0.32948439706364135,-0.5445283865786714,-0.14125327883151229,-0.1781057493664113,-1.0423794638962574,-0.632834588424933,-0.1474557687191013
0.0,1.0,0.0,0.0,0.0,1.0,0.0,0.0,0.0,1.0,0.0,0.0,0.0,0.0,0.0,1.0,0.0,1.6490092048478489,0.22972765572544257,-1.3908831174846505,-0.6100409987106356,0.9258737865415383,-0.4596892118249944,-0.6475775332438344,-0.14125327883151229,-0.1781057493664113,-0.4579174986478331,1.580191756725731,-0.1474557687191013
1.0,0.0,0.0,0.0,0.0,1.0,0.0,0.0,1.0,0.0,0.0,0.0,0.0,0.0,0.0,1.0,0.0,1.5055862533712838,0.8432728606145482,1.0063810909494026,-1.095546508722916,0.746294868603887,1.141064099064581,-0.6475775332438344,-0.14125327883151229,-0.1781057493664113,0.7110064318490154,1.580191756725731,-0.1474557687191013
0.0,1.0,0.0,0.0,0.0,1.0,0.0,0.0,0.0,0.0,0.0,0.0,1.0,0.0,0.0,0.0,1.0,-0.2154891643474948,0.1456803673844692,-1.4398068768404475,-1.095546508722916,0.5123480213823597,-0.5592575995836762,1.87140160746015,-0.14125327883151229,-0.1781057493664113,-0.7501484812720451,-0.632834588424933,-0.1474557687191013
0.0,0.0,1.0,0.0,0.0,1.0,0.0,0.0,0.0,0.0,0.0,1.0,0.0,1.0,0.0,0.0,0.0,0.21477969008219988,1.1374383698079549,-0.6081029677918985,1.1377788373335735,0.0724620480855443,0.7427905480298542,1.997350564495349,-0.14125327883151229,-0.1781057493664113,-0.16568651602362097,-0.632834588424933,-0.1474557687191013
1.0,0.0,0.0,0.0,0.0,1.0,0.0,0.0,1.0,0.0,0.0,0.0,0.0,0.0,0.0,1.0,0.0,1.362163301894719,0.4566553342460706,0.9574573315936056,-1.5810520187351962,0.9258737865415383,0.7810860817831934,-0.6475775332438344,-0.14125327883151229,-0.1781057493664113,1.0032374144732275,1.580191756725731,-0.1474557687191013
0.0,0.0,1.0,0.0,0.0,1.0,1.0,0.0,0.0,0.0,0.0,0.0,0.0,0.0,0.0,0.0,1.0,-0.6457580187771894,0.8012492164440614,0.22360094125665056,-0.41583879470572344,0.9258737865415383,0.8270407222872002,-0.40712952435845406,-0.14125327883151229,-0.1781057493664113,0.12654446660059115,-0.632834588424933,-0.1474557687191013
0.0,0.0,0.0,1.0,0.0,1.0,0.0,0.0,1.0,0.0,0.0,0.0,0.0,0.0,0.0,0.0,1.0,-0.07206621287092989,-1.9050734681352806,-1.2441118394172594,-0.6100409987106356,0.5107005083737574,-2.083419842966573,0.38291393340779556,-0.14125327883151229,0.5911003465003576,-1.6268414291446816,1.580191756725731,-0.12005382223452492
0.0,0.0,1.0,0.0,0.0,1.0,0.0,1.0,0.0,0.0,0.0,0.0,0.0,1.0,0.0,0.0,0.0,0.07135673860563499,1.7089599305265735,-0.21671289294552248,0.8464755313262055,0.3459492075135269,1.4167919420886228,1.7454526504249503,-0.14125327883151229,-0.1781057493664113,0.41877544922480325,-0.632834588424933,-0.1474557687191013
0.0,0.0,0.0,1.0,0.0,1.0,0.0,0.0,0.0,0.0,1.0,0.0,0.0,0.0,0.0,1.0,0.0,1.362163301894719,-1.0309816693891578,-0.6570267271476955,-0.22163659070081138,-0.41849682847794256,-1.0800768586290883,-0.6475775332438344,-0.14125327883151229,-0.1781057493664113,-1.6268414291446816,-0.632834588424933,-0.1474557687191013
1.0,0.0,0.0,0.0,0.0,1.0,0.0,1.0,0.0,0.0,0.0,0.0,0.0,0.0,0.0,1.0,0.0,1.0753173989415892,0.2633465710618318,0.17467718190085355,0.4580711233163813,0.9258737865415383,0.3521761037457951,-0.6475775332438344,-0.14125327883151229,-0.1781057493664113,1.0032374144732275,-0.632834588424933,-0.1474557687191013
0.0,1.0,0.0,0.0,0.0,1.0,0.0,1.0,0.0,0.0,0.0,0.0,0.0,0.0,0.0,0.0,1.0,-0.3589121158240597,-0.4090317356659551,1.1042286096609966,0.9435766333286616,-0.27186817071233743,0.06113004722041769,-0.4185794295434721,0.31590634773155957,-0.1781057493664113,-1.0423794638962574,-0.632834588424933,0.30924333935717147
0.0,0.0,0.0,1.0,0.0,1.0,0.0,0.0,0.0,0.0,1.0,0.0,0.0,1.0,0.0,0.0,0.0,0.7884714959884594,-0.8628870927072111,-0.6081029677918985,0.36097002131392514,-0.955586069282294,-0.9115765101143961,-0.4872788606535808,-0.14125327883151229,-0.1781057493664113,-1.6268414291446816,-0.632834588424933,-0.1474557687191013
0.0,0.0,0.0,1.0,0.0,1.0,0.0,0.0,1.0,0.0,0.0,0.0,0.0,1.0,0.0,0.0,0.0,0.07135673860563499,-0.8965060080436005,-0.9016455239266805,-0.9013443047180038,0.611198801898498,-1.0800768586290883,0.5546625111830672,-0.14125327883151229,-0.1781057493664113,1.5876993797216516,1.580191756725731,-0.1474557687191013
1.0,0.0,0.0,0.0,0.0,1.0,0.0,0.0,0.0,1.0,0.0,0.0,0.0,0.0,0.0,0.0,1.0,-0.2154891643474948,0.019609434873009167,-0.5591792084361015,-1.192647610725372,-1.021486589626386,-0.1609840485489492,1.26455663265419,-0.14125327883151229,-0.1781057493664113,1.0032374144732275,1.580191756725731,-0.1474557687191013
0.0,1.0,0.0,0.0,0.0,1.0,0.0,0.0,0.0,0.0,0.0,0.0,1.0,0.0,1.0,0.0,0.0,-1.5062957276365787,0.5491073514211414,0.8106860535262146,0.36097002131392514,-1.723327131290968,0.8193816155365324,-0.6475775332438344,-0.14125327883151229,-0.1781057493664113,-0.4579174986478331,-0.632834588424933,-0.1474557687191013
0.0,0.0,0.0,1.0,0.0,1.0,0.0,0.0,0.0,0.0,0.0,0.0,1.0,0.0,1.0,0.0,0.0,-1.076026873206884,-1.81262145096021,0.7128385348146206,-0.7071421007130917,0.46951268315869976,-1.2792136341464517,-0.6475775332438344,-0.14125327883151229,4.949934889745381,1.5876993797216516,-0.632834588424933,0.03522387451140782
0.0,0.0,1.0,0.0,0.0,1.0,0.0,0.0,0.0,0.0,1.0,0.0,0.0,0.0,1.0,0.0,0.0,-1.362872776160014,1.2214856581489282,0.9574573315936056,-1.5810520187351962,-0.24550796257470053,1.4627465825926298,-0.6475775332438344,-0.14125327883151229,-0.1781057493664113,0.12654446660059115,-0.632834588424933,-0.1474557687191013
0.0,0.0,1.0,0.0,0.0,1.0,0.0,0.0,0.0,0.0,0.0,1.0,0.0,1.0,0.0,0.0,0.0,0.3582026415587648,1.7593883035311577,-0.4124079303687105,-0.5129398967081796,0.5041104563393481,1.363178194833948,1.276006537839208,-0.14125327883151229,-0.1781057493664113,0.41877544922480325,-0.632834588424933,-0.1474557687191013
1.0,0.0,0.0,0.0,0.0,1.0,1.0,0.0,0.0,0.0,0.0,0.0,0.0,0.0,1.0,0.0,0.0,-1.5062957276365787,-1.1486478730665206,-0.7059504865034925,0.555172225318837,0.9258737865415383,-1.1949634598891057,-0.6475775332438344,-0.14125327883151229,-0.1781057493664113,1.2954683970974397,-0.632834588424933,-0.1474557687191013
0.0,1.0,0.0,0.0,0.0,1.0,0.0,0.0,0.0,0.0,0.0,1.0,0.0,0.0,0.0,1.0,0.0,0.9318944474650244,0.08684726554578777,-0.7548742458592895,-0.1245354886983552,0.9258737865415383,-0.20693868905295615,-0.2353809465831824,-0.14125327883151229,-0.1781057493664113,-0.7501484812720451,-0.632834588424933,-0.1474557687191013
0.0,1.0,0.0,0.0,0.0,1.0,0.0,0.0,0.0,0.0,1.0,0.0,0.0,0.0,0.0,1.0,0.0,1.362163301894719,-0.7200067025275565,0.17467718190085355,0.263868919311469,-1.0083064855575676,-0.4903256388276657,-0.6475775332438344,-0.14125327883151229,-0.1781057493664113,-1.0423794638962574,-0.632834588424933,-0.1474557687191013
0.0,1.0,0.0,0.0,1.0,0.0,0.0,0.0,0.0,0.0,1.0,0.0,0.0,0.0,1.0,0.0,0.0,-1.6497186791131437,-0.9301249233799899,1.8380849999979516,-0.41583879470572344,0.7512374076296939,-0.2222569025542918,-0.6475775332438344,1.6873852274207748,-0.1781057493664113,-1.0423794638962574,-0.632834588424933,1.6793406635859895
0.0,1.0,0.0,0.0,0.0,1.0,0.0,0.0,0.0,0.0,0.0,0.0,1.0,0.0,0.0,0.0,1.0,-0.7891809702537543,-0.9805532963845739,-0.8037980052150865,-0.02743438669589927,0.9258737865415383,-1.1030541788810917,-0.6475775332438344,-0.14125327883151229,-0.1781057493664113,-1.0423794638962574,-0.632834588424933,-0.1474557687191013
0.0,0.0,1.0,0.0,0.0,1.0,0.0,0.0,0.0,0.0,0.0,0.0,1.0,0.0,0.0,0.0,1.0,-0.5023350673006246,1.070200539135176,0.6149910161030265,-1.2897487127278282,-1.1170423441253199,1.2099960598205917,0.4172636489628499,-0.14125327883151229,-0.1781057493664113,0.12654446660059115,-0.632834588424933,-0.1474557687191013
0.0,1.0,0.0,0.0,0.0,1.0,0.0,0.0,0.0,0.0,0.0,0.0,1.0,0.0,0.0,0.0,1.0,-0.6457580187771894,-0.23253243014991093,1.5445424438631696,-0.5129398967081796,0.9258737865415383,0.3368578902444594,-0.6361276280588162,-0.14125327883151229,-0.1781057493664113,-0.7501484812720451,-0.632834588424933,-0.1474557687191013
1.0,0.0,0.0,0.0,1.0,0.0,0.0,0.0,0.0,0.0,0.0,0.0,1.0,0.0,0.0,0.0,1.0,-0.3589121158240597,0.11206145204807984,0.12575342254505653,-0.9984454067204599,-0.161484799135983,0.1989939687324386,0.7378609941433569,-0.14125327883151229,-0.1781057493664113,1.0032374144732275,-0.632834588424933,-0.1474557687191013
1.0,0.0,0.0,0.0,0.0,1.0,0.0,1.0,0.0,0.0,0.0,0.0,0.0,1.0,0.0,0.0,0.0,0.3582026415587648,0.09525199437988507,-1.2441118394172594,-0.22163659070081138,-0.10546935684350463,-0.4673483185756622,1.459205020799498,-0.14125327883151229,-0.1781057493664113,1.2954683970974397,-0.632834588424933,-0.1474557687191013
0.0,0.0,1.0,0.0,0.0,1.0,0.0,1.0,0.0,0.0,0.0,0.0,0.0,0.0,1.0,0.0,0.0,-1.6497186791131437,0.6247499109280173,1.2999236470841846,-0.7071421007130917,0.9258737865415383,1.0338366045552316,-0.6475775332438344,-0.14125327883151229,-0.1781057493664113,0.41877544922480325,-0.632834588424933,-0.1474557687191013
0.0,1.0,0.0,0.0,0.0,1.0,1.0,0.0,0.0,0.0,0.0,0.0,0.0,0.0,0.0,0.0,1.0,-0.6457580187771894,-0.9637438387163793,0.8596098128820115,-0.9984454067204599,-0.6820989098543113,-0.4903256388276657,-0.6475775332438344,-0.14125327883151229,-0.1781057493664113,-1.0423794638962574,-0.632834588424933,-0.1474557687191013
1.0,0.0,0.0,0.0,0.0,1.0,0.0,0.0,1.0,0.0,0.0,0.0,0.0,0.0,0.0,1.0,0.0,1.362163301894719,-0.16529459947713232,0.5171434973914326,-0.8042432027155477,-1.3493416783382448,0.09942558097375682,-0.6475775332438344,-0.14125327883151229,-0.1781057493664113,1.2954683970974397,1.580191756725731,-0.1474557687191013
0.0,1.0,0.0,0.0,0.0,1.0,0.0,0.0,1.0,0.0,0.0,0.0,0.0,0.0,1.0,0.0,0.0,-1.5062957276365787,-0.08124731113615896,-0.21671289294552248,-0.41583879470572344,0.6293214449931234,-0.09971119454360661,-0.6475775332438344,-0.14125327883151229,-0.1781057493664113,-0.4579174986478331,1.580191756725731,-0.1474557687191013
0.0,0.0,0.0,1.0,0.0,1.0,0.0,0.0,1.0,0.0,0.0,0.0,0.0,1.0,0.0,0.0,0.0,0.5016255930353297,-0.4594601086705391,-0.8527217645708836,0.555172225318837,0.8484406751372299,-0.6971215210956969,0.19971545044750577,-0.14125327883151229,-0.1781057493664113,1.5876993797216516,1.580191756725731,-0.1474557687191013
0.0,0.0,1.0,0.0,0.0,1.0,0.0,0.0,0.0,1.0,0.0,0.0,0.0,0.0,1.0,0.0,0.0,-1.5062957276365787,1.0029627084623973,-0.06994161487813147,-0.8042432027155477,0.9258737865415383,0.8806544695418751,-0.6475775332438344,-0.14125327883151229,-0.1781057493664113,0.41877544922480325,1.580191756725731,-0.1474557687191013
0.0,1.0,0.0,0.0,0.0,1.0,0.0,0.0,0.0,0.0,0.0,0.0,1.0,1.0,0.0,0.0,0.0,0.7884714959884594,0.07003780787759316,1.7402374812863577,0.8464755313262055,-1.8699557890565732,0.6585403737725081,-0.40712952435845406,-0.14125327883151229,-0.1781057493664113,-0.4579174986478331,-0.632834588424933,-0.1474557687191013
1.0,0.0,0.0,0.0,0.0,1.0,0.0,1.0,0.0,0.0,0.0,0.0,0.0,0.0,1.0,0.0,0.0,-1.5062957276365787,-0.6695783295229725,1.2020761283725907,-0.6100409987106356,0.9077511434469129,-0.14566583504761357,-0.6475775332438344,-0.14125327883151229,-0.1781057493664113,1.0032374144732275,-0.632834588424933,-0.1474557687191013
0.0,0.0,1.0,0.0,0.0,1.0,0.0,0.0,0.0,0.0,0.0,1.0,0.0,0.0,1.0,0.0,0.0,-1.362872776160014,0.5575120802552386,0.3703722193240416,-1.192647610725372,0.25204096602319553,0.6738585872738436,-0.6475775332438344,-0.14125327883151229,-0.1781057493664113,-0.16568651602362097,-0.632834588424933,-0.1474557687191013
0.0,0.0,0.0,1.0,0.0,1.0,0.0,0.0,0.0,0.0,1.0,0.0,0.0,0.0,1.0,0.0,0.0,-0.9326039217303193,-1.5772890436054847,-1.4887306361962445,-0.5129398967081796,0.9258737865415383,-1.960874134955888,-0.6475775332438344,-0.14125327883151229,-0.1781057493664113,1.5876993797216516,-0.632834588424933,-0.1474557687191013
1.0,0.0,0.0,0.0,0.0,1.0,0.0,0.0,0.0,1.0,0.0,0.0,0.0,0.0,0.0,0.0,1.0,-0.7891809702537543,0.1456803673844692,1.4956186845073727,-1.4839509167327403,0.08564215215436274,0.6585403737725081,-0.6475775332438344,-0.14125327883151229,-0.1781057493664113,1.0032374144732275,1.580191756725731,-0.1474557687191013
0.0,0.0,1.0,0.0,0.0,1.0,0.0,0.0,1.0,0.0,0.0,0.0,0.0,0.0,1.0,0.0,0.0,-1.6497186791131437,0.9609390642919108,-0.5102554490803045,-0.5129398967081796,0.9258737865415383,0.6432221602711724,-0.6475775332438344,-0.14125327883151229,-0.1781057493664113,0.41877544922480325,1.580191756725731,-0.1474557687191013
0.0,0.0,1.0,0.0,0.0,1.0,1.0,0.0,0.0,0.0,0.0,0.0,0.0,0.0,0.0,0.0,1.0,-0.5023350673006246,0.8432728606145482,1.0553048503051996,-1.4839509167327403,-0.6129033634930146,1.1563823125659167,-0.33843009324834533,-0.049821353518897916,-0.1781057493664113,0.41877544922480325,-0.632834588424933,-0.05611594710384673
0.0,0.0,1.0,0.0,0.0,1.0,0.0,1.0,0.0,0.0,0.0,0.0,0.0,0.0,0.0,1.0,0.0,1.6490092048478489,1.1878667428125387,-0.16778913358972547,-0.9984454067204599,-0.853440262748951,0.9955410708018925,-0.6475775332438344,-0.14125327883151229,-0.1781057493664113,-0.16568651602362097,-0.632834588424933,-0.1474557687191013
0.0,1.0,0.0,0.0,0.0,1.0,0.0,0.0,0.0,0.0,0.0,1.0,0.0,1.0,0.0,0.0,0.0,0.3582026415587648,0.6835830127666986,-1.1462643207056655,5.507328427444096,0.9126936824727198,0.06113004722041769,1.4134054000594254,-0.14125327883151229,-0.1781057493664113,-0.7501484812720451,-0.632834588424933,-0.1474557687191013
1.0,0.0,0.0,0.0,0.0,1.0,0.0,1.0,0.0,0.0,0.0,0.0,0.0,0.0,0.0,1.0,0.0,1.6490092048478489,-0.6443641430206805,0.9574573315936056,-0.22163659070081138,-1.7035569751877404,-0.19162047555162054,-0.6475775332438344,-0.14125327883151229,-0.1781057493664113,1.2954683970974397,-0.632834588424933,-0.1474557687191013
0.0,0.0,1.0,0.0,0.0,1.0,1.0,0.0,0.0,0.0,0.0,0.0,0.0,0.0,0.0,1.0,0.0,1.6490092048478489,0.5491073514211414,-0.16778913358972547,-0.3187376927032675,0.9258737865415383,0.4594035982551447,-0.6475775332438344,-0.14125327883151229,-0.1781057493664113,-0.16568651602362097,-0.632834588424933,-0.1474557687191013
0.0,1.0,0.0,0.0,0.0,1.0,0.0,0.0,0.0,0.0,1.0,0.0,0.0,0.0,1.0,0.0,0.0,-1.219449824683449,-0.4426506510023444,-0.4613316897245075,-0.3187376927032675,0.8797434223006737,-0.49798474557833355,-0.6475775332438344,-0.14125327883151229,-0.1781057493664113,-0.7501484812720451,-0.632834588424933,-0.1474557687191013
0.0,1.0,0.0,0.0,0.0,1.0,0.0,0.0,0.0,0.0,1.0,0.0,0.0,0.0,0.0,0.0,1.0,-0.6457580187771894,-0.8460776350390165,1.5445424438631696,-0.9984454067204599,-1.4168897116909394,-0.21459779580362398,-0.6475775332438344,-0.14125327883151229,-0.1781057493664113,-1.0423794638962574,-0.632834588424933,-0.1474557687191013
0.0,1.0,0.0,0.0,0.0,1.0,0.0,1.0,0.0,0.0,0.0,0.0,0.0,0.0,0.0,1.0,0.0,1.362163301894719,0.7340113857712828,-0.4124079303687105,0.36097002131392514,0.843498136111423,0.5053582387591516,-0.6475775332438344,-0.14125327883151229,-0.1781057493664113,-0.4579174986478331,-0.632834588424933,-0.1474557687191013
0.0,0.0,1.0,0.0,0.0,1.0,0.0,0.0,0.0,0.0,0.0,0.0,1.0,0.0,0.0,1.0,0.0,0.9318944474650244,1.1710572851443442,-0.16778913358972547,1.3319810413384858,-0.31635102194459963,0.9802228573005569,0.7951105200684475,-0.14125327883151229,-0.1781057493664113,-0.16568651602362097,-0.632834588424933,-0.1474557687191013
0.0,0.0,0.0,1.0,0.0,1.0,0.0,0.0,0.0,0.0,0.0,1.0,0.0,1.0,0.0,0.0,0.0,0.3582026415587648,-1.1906715172370073,-0.6081029677918985,0.36097002131392514,-0.00167603730155942,-1.1873043531384377,0.17681564007746953,-0.14125327883151229,-0.1781057493664113,-1.6268414291446816,-0.632834588424933,-0.1474557687191013
0.0,0.0,0.0,1.0,0.0,1.0,0.0,0.0,1.0,0.0,0.0,0.0,0.0,0.0,0.0,0.0,1.0,-0.5023350673006246,-1.0982195000619366,0.9085335722378086,1.0406777353311174,-1.8930209711770054,-0.5975531333370152,-0.5788781021337256,-0.14125327883151229,-0.1781057493664113,-1.3346104465204693,1.580191756725731,-0.1474557687191013
0.0,1.0,0.0,0.0,0.0,1.0,0.0,0.0,0.0,0.0,1.0,0.0,0.0,0.0,0.0,0.0,1.0,-0.3589121158240597,-0.13167568414074293,-0.7548742458592895,-0.02743438669589927,0.6260264189759187,-0.3754390375676483,0.9897589082137552,-0.14125327883151229,-0.1781057493664113,-0.7501484812720451,-0.632834588424933,-0.1474557687191013
0.0,0.0,0.0,1.0,0.0,1.0,0.0,0.0,0.0,1.0,0.0,0.0,0.0,0.0,1.0,0.0,0.0,-0.9326039217303193,-1.4512181110940245,1.0063810909494026,-0.5129398967081796,-1.6409514808608527,-0.8885991898623926,-0.6475775332438344,-0.14125327883151229,-0.1781057493664113,-1.6268414291446816,1.580191756725731,-0.1474557687191013
1.0,0.0,0.0,0.0,0.0,1.0,0.0,0.0,1.0,0.0,0.0,0.0,0.0,1.0,0.0,0.0,0.0,0.3582026415587648,-0.8460776350390165,1.1531523690167935,-0.02743438669589927,0.24874594000599093,-0.3141661835623057,-0.01783274806783825,-0.14125327883151229,12.641995848413071,1.2954683970974397,1.580191756725731,0.30924333935717147
0.0,0.0,1.0,0.0,0.0,1.0,0.0,0.0,0.0,0.0,0.0,0.0,1.0,0.0,0.0,0.0,1.0,-0.07206621287092989,0.893701233619132,-0.11886537423392847,0.6522733273212932,-0.6063133114586053,0.7657678682818577,2.0202503748653853,-0.14125327883151229,-0.1781057493664113,-0.16568651602362097,-0.632834588424933,-0.1474557687191013
1.0,0.0,0.0,0.0,0.0,1.0,0.0,0.0,0.0,0.0,1.0,0.0,0.0,1.0,0.0,0.0,0.0,0.5016255930353297,0.6331546397621147,-1.2930355987730566,-0.3187376927032675,0.3508917465393338,-0.07673387429160315,0.955409192658701,-0.14125327883151229,-0.1781057493664113,1.0032374144732275,-0.632834588424933,-0.1474557687191013
0.0,1.0,0.0,0.0,0.0,1.0,0.0,0.0,0.0,1.0,0.0,0.0,0.0,1.0,0.0,0.0,0.0,0.21477969008219988,0.40622696124148644,0.07682966318925954,0.4580711233163813,-0.313055995927395,0.43642627800314115,0.33711431266772307,-0.14125327883151229,-0.1781057493664113,-0.7501484812720451,1.580191756725731,-0.1474557687191013
1.0,0.0,0.0,0.0,0.0,1.0,0.0,0.0,0.0,0.0,0.0,0.0,1.0,1.0,0.0,0.0,0.0,0.5016255930353297,1.0786052679692733,-0.9505692832824775,-0.3187376927032675,0.6556816531307602,0.4976991320084838,0.38291393340779556,-0.14125327883151229,-0.1781057493664113,0.7110064318490154,-0.632834588424933,-0.1474557687191013
0.0,0.0,0.0,1.0,0.0,1.0,0.0,0.0,0.0,0.0,0.0,1.0,0.0,0.0,0.0,1.0,0.0,1.362163301894719,-1.005767482886866,-1.8311969516868236,-0.1245354886983552,0.9258737865415383,-1.7693964661891926,-0.6475775332438344,-0.14125327883151229,-0.1781057493664113,-1.3346104465204693,-0.632834588424933,-0.1474557687191013
1.0,0.0,0.0,0.0,1.0,0.0,0.0,0.0,0.0,0.0,0.0,0.0,1.0,1.0,0.0,0.0,0.0,0.3582026415587648,0.8684870471168399,-1.1462643207056655,-0.1245354886983552,0.8797434223006737,0.2066530754831064,2.226348668195711,-0.14125327883151229,-0.1781057493664113,1.0032374144732275,-0.632834588424933,-0.1474557687191013
0.0,0.0,0.0,1.0,0.0,1.0,0.0,0.0,0.0,0.0,0.0,0.0,1.0,0.0,1.0,0.0,0.0,-1.362872776160014,-0.9973627540527686,0.27252470061244755,-0.8042432027155477,0.39866962378880066,-0.6971215210956969,-0.6475775332438344,-0.14125327883151229,-0.1781057493664113,-1.3346104465204693,-0.632834588424933,-0.1474557687191013
0.0,0.0,0.0,1.0,0.0,1.0,0.0,0.0,0.0,0.0,0.0,1.0,0.0,0.0,0.0,0.0,1.0,-0.2154891643474948,-1.56047958593729,-1.5865781549078386,1.0406777353311174,0.8715058572576622,-2.0144878822105627,0.0852163985973247,-0.14125327883151229,-0.1781057493664113,1.5876993797216516,-0.632834588424933,-0.1474557687191013
1.0,0.0,0.0,0.0,0.0,1.0,0.0,0.0,0.0,1.0,0.0,0.0,0.0,1.0,0.0,0.0,0.0,0.5016255930353297,0.691987741600796,-1.2930355987730566,2.011688755355678,0.9258737865415383,-0.03077923378759619,1.997350564495349,-0.14125327883151229,-0.1781057493664113,0.7110064318490154,1.580191756725731,-0.1474557687191013
0.0,1.0,0.0,0.0,0.0,1.0,1.0,0.0,0.0,0.0,0.0,0.0,0.0,0.0,1.0,0.0,0.0,-1.219449824683449,-0.8712918215413086,0.8106860535262146,-0.9984454067204599,-1.6821393060759104,-0.4213936780716553,-0.6475775332438344,-0.14125327883151229,-0.1781057493664113,-1.0423794638962574,-0.632834588424933,-0.1474557687191013
0.0,0.0,0.0,1.0,0.0,1.0,0.0,0.0,1.0,0.0,0.0,0.0,0.0,0.0,0.0,0.0,1.0,-0.5023350673006246,-1.1318384153983259,0.9574573315936056,-1.192647610725372,-1.9589214915210977,-0.6128713468383509,-0.6475775332438344,-0.14125327883151229,-0.1781057493664113,1.5876993797216516,1.580191756725731,-0.1474557687191013
0.0,0.0,1.0,0.0,0.0,1.0,0.0,0.0,1.0,0.0,0.0,0.0,0.0,0.0,0.0,0.0,1.0,-0.5023350673006246,1.2046762004807334,0.22360094125665056,-0.8042432027155477,-0.6507961626908676,1.1793596328179201,0.531762700813031,-0.14125327883151229,-0.1781057493664113,0.12654446660059115,1.580191756725731,-0.1474557687191013
0.0,1.0,0.0,0.0,0.0,1.0,1.0,0.0,0.0,0.0,0.0,0.0,0.0,0.0,0.0,0.0,1.0,-0.7891809702537543,-0.34179390499317636,-0.06994161487813147,-0.02743438669589927,0.7660650247071147,-0.2605524363076309,-0.6475775332438344,-0.14125327883151229,-0.1781057493664113,-0.4579174986478331,-0.632834588424933,-0.1474557687191013
0.0,0.0,1.0,0.0,0.0,1.0,0.0,0.0,0.0,1.0,0.0,0.0,0.0,1.0,0.0,0.0,0.0,0.7884714959884594,0.8768917759509374,-0.021017855522334466,-0.5129398967081796,0.9258737865415383,0.7964042952845289,-0.05218246362289261,-0.14125327883151229,-0.1781057493664113,0.41877544922480325,1.580191756725731,-0.1474557687191013
0.0,0.0,0.0,1.0,0.0,1.0,0.0,0.0,0.0,1.0,0.0,0.0,0.0,0.0,0.0,1.0,0.0,1.0753173989415892,-0.9637438387163793,-0.2656366523013195,2.20589095936059,0.9258737865415383,-0.8579627628597214,-0.6475775332438344,-0.14125327883151229,-0.1781057493664113,1.5876993797216516,1.580191756725731,-0.1474557687191013
0.0,0.0,1.0,0.0,0.0,1.0,0.0,0.0,0.0,0.0,0.0,1.0,0.0,1.0,0.0,0.0,0.0,0.07135673860563499,1.490436980840043,-0.06994161487813147,0.555172225318837,-0.820490002576905,1.2942462340779375,2.2377985733807293,-0.14125327883151229,-0.1781057493664113,0.12654446660059115,-0.632834588424933,-0.1474557687191013
0.0,0.0,0.0,1.0,0.0,1.0,0.0,0.0,0.0,0.0,1.0,0.0,0.0,0.0,0.0,1.0,0.0,1.2187403504181542,-1.333551907416662,-0.9016455239266805,-0.22163659070081138,0.25533599204040014,-1.4400548759104759,-0.6475775332438344,-0.14125327883151229,-0.1781057493664113,-1.3346104465204693,-0.632834588424933,-0.1474557687191013
0.0,0.0,1.0,0.0,0.0,1.0,0.0,0.0,0.0,0.0,1.0,0.0,0.0,0.0,0.0,0.0,1.0,-0.6457580187771894,0.8096539452781586,1.1042286096609966,-1.2897487127278282,-0.9424059652134755,1.141064099064581,-0.1895813258431099,-0.14125327883151229,-0.1781057493664113,-0.16568651602362097,-0.632834588424933,-0.1474557687191013
0.0,0.0,1.0,0.0,0.0,1.0,0.0,0.0,0.0,0.0,1.0,0.0,0.0,0.0,1.0,0.0,0.0,-0.9326039217303193,0.918915420121424,1.8870087593537486,-0.8042432027155477,-0.14995220807576687,1.4627465825926298,-0.6475775332438344,0.31590634773155957,-0.1781057493664113,0.41877544922480325,-0.632834588424933,0.30924333935717147
0.0,0.0,0.0,1.0,0.0,1.0,0.0,0.0,0.0,1.0,0.0,0.0,0.0,1.0,0.0,0.0,0.0,0.6450485445118945,-0.6527688718547778,-0.4613316897245075,0.06966671530655688,-0.7512944562156082,-0.6741442008436934,-0.15523161028805563,-0.14125327883151229,-0.1781057493664113,-1.6268414291446816,1.580191756725731,-0.1474557687191013
0.0,0.0,0.0,1.0,0.0,1.0,1.0,0.0,0.0,0.0,0.0,0.0,0.0,0.0,1.0,0.0,0.0,-0.9326039217303193,-1.0141722117209633,1.5934662032189666,-0.9984454067204599,-1.945741387452279,-0.35246171731564485,-0.6475775332438344,-0.14125327883151229,9.565171464945996,-1.3346104465204693,-0.632834588424933,0.199635553418866
1.0,0.0,0.0,0.0,0.0,1.0,0.0,0.0,0.0,0.0,0.0,0.0,1.0,0.0,1.0,0.0,0.0,-1.076026873206884,0.10365672321398253,1.6423899625747636,0.263868919311469,-1.1928279425210258,0.666199480523176,-0.6475775332438344,-0.14125327883151229,-0.1781057493664113,1.0032374144732275,-0.632834588424933,-0.1474557687191013
1.0,0.0,0.0,0.0,0.0,1.0,0.0,0.0,0.0,0.0,0.0,0.0,1.0,0.0,1.0,0.0,0.0,-1.6497186791131437,-0.509888481675123,-0.21671289294552248,-0.8042432027155477,0.6985169913544201,-0.4520301050743266,-0.6475775332438344,-0.14125327883151229,-0.1781057493664113,1.2954683970974397,-0.632834588424933,-0.1474557687191013
1.0,0.0,0.0,0.0,0.0,1.0,1.0,0.0,0.0,0.0,0.0,0.0,0.0,0.0,0.0,1.0,0.0,0.9318944474650244,0.12887090971627443,-0.8037980052150865,-0.3187376927032675,-0.016503654378980163,-0.19162047555162054,-0.6246777228737981,-0.14125327883151229,-0.1781057493664113,1.2954683970974397,-0.632834588424933,-0.1474557687191013
0.0,0.0,1.0,0.0,0.0,1.0,1.0,0.0,0.0,0.0,0.0,0.0,0.0,0.0,0.0,0.0,1.0,-0.3589121158240597,1.4147944213331667,0.5171434973914326,-0.22163659070081138,-1.102214727047899,1.4704056893432977,0.6348118474781941,-0.14125327883151229,-0.1781057493664113,0.12654446660059115,-0.632834588424933,-0.1474557687191013
0.0,0.0,0.0,1.0,0.0,1.0,0.0,0.0,0.0,0.0,0.0,1.0,0.0,0.0,0.0,0.0,1.0,-0.5023350673006246,-1.6025032301077768,0.27252470061244755,1.429082143340942,-0.08899422675748157,-1.2255998868917768,-0.6475775332438344,-0.14125327883151229,1.616708474322716,-1.6268414291446816,-0.632834588424933,-0.08351789358842311
0.0,1.0,0.0,0.0,0.0,1.0,0.0,0.0,0.0,0.0,0.0,0.0,1.0,0.0,1.0,0.0,0.0,-1.219449824683449,0.1540850962185665,1.8380849999979516,0.4580711233163813,-1.3213339571920057,0.7581087615311898,-0.6475775332438344,0.31590634773155957,-0.1781057493664113,-0.4579174986478331,-0.632834588424933,0.30924333935717147
1.0,0.0,0.0,0.0,0.0,1.0,0.0,0.0,0.0,0.0,1.0,0.0,0.0,0.0,1.0,0.0,0.0,-1.076026873206884,0.5491073514211414,0.7617622941704176,-0.3187376927032675,-0.9737087123769194,0.8040634020351969,-0.6475775332438344,-0.14125327883151229,-0.1781057493664113,0.7110064318490154,-0.632834588424933,-0.1474557687191013
0.0,0.0,0.0,1.0,0.0,1.0,0.0,1.0,0.0,0.0,0.0,0.0,0.0,0.0,1.0,0.0,0.0,-1.6497186791131437,-0.8460776350390165,0.07682966318925954,-1.192647610725372,-0.9819462774199308,-0.6358486670903543,-0.6475775332438344,-0.14125327883151229,-0.1781057493664113,-1.6268414291446816,-0.632834588424933,-0.1474557687191013
0.0,0.0,1.0,0.0,0.0,1.0,0.0,0.0,0.0,0.0,1.0,0.0,0.0,1.0,0.0,0.0,0.0,0.3582026415587648,1.2551045734853175,-0.9505692832824775,0.8464755313262055,0.6507391141049533,0.6432221602711724,2.9476926948518525,-0.14125327883151229,-0.1781057493664113,-0.16568651602362097,-0.632834588424933,-0.1474557687191013
0.0,0.0,0.0,1.0,0.0,1.0,0.0,0.0,0.0,0.0,0.0,1.0,0.0,0.0,0.0,1.0,0.0,0.9318944474650244,-1.736978891453334,-1.0973405613498686,1.5261832453433977,0.9258737865415383,-1.8689648539478743,-0.5216285762086351,-0.14125327883151229,-0.1781057493664113,-1.3346104465204693,-0.632834588424933,-0.1474557687191013
0.0,1.0,0.0,0.0,0.0,1.0,0.0,0.0,0.0,0.0,0.0,0.0,1.0,0.0,0.0,1.0,0.0,0.9318944474650244,0.04482362137530108,1.4956186845073727,0.555172225318837,-1.318038931174801,0.574290199515162,-0.5445283865786714,-0.14125327883151229,-0.1781057493664113,-0.4579174986478331,-0.632834588424933,-0.1474557687191013
0.0,0.0,0.0,1.0,0.0,1.0,0.0,0.0,0.0,0.0,0.0,1.0,0.0,0.0,0.0,0.0,1.0,-0.7891809702537543,-1.2747188055779806,1.1531523690167935,0.06966671530655688,-1.7414497743855935,-0.6894624143450292,-0.6475775332438344,-0.14125327883151229,-0.1781057493664113,-1.3346104465204693,-0.632834588424933,-0.1474557687191013
1.0,0.0,0.0,0.0,0.0,1.0,0.0,0.0,0.0,0.0,0.0,1.0,0.0,1.0,0.0,0.0,0.0,0.5016255930353297,1.0870099968033708,-0.9016455239266805,0.16676781730901283,0.9258737865415383,0.535994665761823,1.1042579600639364,-0.14125327883151229,-0.1781057493664113,0.7110064318490154,-0.632834588424933,-0.1474557687191013
0.0,1.0,0.0,0.0,0.0,1.0,0.0,0.0,0.0,0.0,1.0,0.0,0.0,0.0,0.0,1.0,0.0,1.2187403504181542,-0.8208634485367244,0.7617622941704176,0.8464755313262055,-1.555280804413533,-0.39075725106898396,-0.6475775332438344,-0.14125327883151229,-0.1781057493664113,-1.0423794638962574,-0.632834588424933,-0.1474557687191013
0.0,0.0,1.0,0.0,0.0,1.0,0.0,0.0,0.0,0.0,0.0,1.0,0.0,1.0,0.0,0.0,0.0,0.6450485445118945,1.0954147256374682,-0.6081029677918985,1.2348799393360297,0.4777502482017113,0.7044950142765151,1.1271577704339728,-0.14125327883151229,-0.1781057493664113,-0.16568651602362097,-0.632834588424933,-0.1474557687191013
0.0,1.0,0.0,0.0,0.0,1.0,0.0,1.0,0.0,0.0,0.0,0.0,0.0,1.0,0.0,0.0,0.0,0.7884714959884594,-0.383817549163663,0.027905903833462538,0.9435766333286616,0.80560533691357,-0.2605524363076309,-0.46437905028354454,-0.14125327883151229,-0.1781057493664113,-1.0423794638962574,-0.632834588424933,-0.1474557687191013
0.0,1.0,0.0,0.0,0.0,1.0,0.0,0.0,0.0,1.0,0.0,0.0,0.0,0.0,0.0,0.0,1.0,-0.3589121158240597,-0.6695783295229725,-0.6081029677918985,0.9435766333286616,0.7413523295780801,-0.7507352683503716,0.8867097615485925,-0.14125327883151229,-0.1781057493664113,-0.7501484812720451,1.580191756725731,-0.1474557687191013
0.0,0.0,0.0,1.0,0.0,1.0,0.0,0.0,0.0,1.0,0.0,0.0,0.0,1.0,0.0,0.0,0.0,0.07135673860563499,-0.6107452276842911,1.2999236470841846,-0.02743438669589927,-1.7941701906608671,-0.06907476754093532,-0.15523161028805563,-0.14125327883151229,-0.1781057493664113,1.5876993797216516,1.580191756725731,-0.1474557687191013
1.0,0.0,0.0,0.0,0.0,1.0,0.0,1.0,0.0,0.0,0.0,0.0,0.0,1.0,0.0,0.0,0.0,0.3582026415587648,1.0533910814669816,0.9085335722378086,-0.9013443047180038,0.8105478759393769,1.2942462340779375,0.24551507118757826,-0.14125327883151229,-0.1781057493664113,0.7110064318490154,-0.632834588424933,-0.1474557687191013
0.0,0.0,1.0,0.0,0.0,1.0,0.0,0.0,0.0,0.0,0.0,1.0,0.0,0.0,0.0,0.0,1.0,-0.07206621287092989,1.767793032365255,-0.9016455239266805,-0.22163659070081138,0.8385555970856161,1.0874503518099063,2.558395918561236,-0.14125327883151229,-0.1781057493664113,0.12654446660059115,-0.632834588424933,-0.1474557687191013
0.0,0.0,1.0,0.0,0.0,1.0,0.0,0.0,0.0,0.0,0.0,1.0,0.0,0.0,1.0,0.0,0.0,-1.219449824683449,1.0365816237987866,-0.4124079303687105,-0.6100409987106356,-0.9358159131790663,0.7581087615311898,-0.6475775332438344,-0.14125327883151229,-0.1781057493664113,-0.16568651602362097,-0.632834588424933,-0.1474557687191013
0.0,0.0,1.0,0.0,0.0,1.0,0.0,0.0,0.0,0.0,0.0,0.0,1.0,0.0,0.0,1.0,0.0,1.362163301894719,1.1038194544715654,0.5660672567472296,0.4580711233163813,0.7743025897501262,1.2176551665712594,-0.6475775332438344,-0.14125327883151229,-0.1781057493664113,0.12654446660059115,-0.632834588424933,-0.1474557687191013
0.0,0.0,0.0,1.0,0.0,1.0,0.0,0.0,0.0,0.0,0.0,1.0,0.0,0.0,0.0,1.0,0.0,1.6490092048478489,-1.30833772091437,0.027905903833462538,-1.6781531207376523,-0.37566149025428264,-1.049440431626417,-0.6475775332438344,-0.14125327883151229,-0.1781057493664113,1.5876993797216516,-0.632834588424933,-0.1474557687191013
0.0,0.0,1.0,0.0,0.0,1.0,0.0,0.0,0.0,0.0,0.0,1.0,0.0,0.0,0.0,0.0,1.0,-0.07206621287092989,1.4568180655036533,-0.2656366523013195,0.06966671530655688,-0.1301820519725392,1.1793596328179201,2.489696487451128,-0.14125327883151229,-0.1781057493664113,0.12654446660059115,-0.632834588424933,-0.1474557687191013
0.0,1.0,0.0,0.0,0.0,1.0,0.0,0.0,0.0,1.0,0.0,0.0,0.0,0.0,1.0,0.0,0.0,-1.5062957276365787,-0.8965060080436005,-0.6081029677918985,-0.02743438669589927,0.9258737865415383,-0.9422129371170673,-0.6475775332438344,-0.14125327883151229,-0.1781057493664113,-0.7501484812720451,1.580191756725731,-0.1474557687191013
0.0,0.0,1.0,0.0,1.0,0.0,0.0,0.0,0.0,0.0,0.0,0.0,1.0,0.0,0.0,0.0,1.0,-0.2154891643474948,1.717364659360671,-0.4613316897245075,-0.7071421007130917,0.822080466999593,1.3019053408286054,1.7454526504249503,-0.14125327883151229,-0.1781057493664113,0.41877544922480325,-0.632834588424933,-0.1474557687191013
1.0,0.0,0.0,0.0,1.0,0.0,0.0,0.0,0.0,1.0,0.0,0.0,0.0,0.0,0.0,0.0,1.0,-0.2154891643474948,0.5238931649188493,0.027905903833462538,-1.4839509167327403,0.9258737865415383,0.5130173455098194,0.42871355414786794,-0.14125327883151229,-0.1781057493664113,0.7110064318490154,1.580191756725731,-0.1474557687191013
0.0,0.0,1.0,0.0,0.0,1.0,0.0,0.0,0.0,0.0,1.0,0.0,0.0,0.0,0.0,0.0,1.0,-0.07206621287092989,1.8686497783744227,-0.6570267271476955,-0.02743438669589927,0.6441490620705441,1.317223554329941,1.9515509437552765,-0.14125327883151229,-0.1781057493664113,0.41877544922480325,-0.632834588424933,-0.1474557687191013
0.0,0.0,1.0,0.0,0.0,1.0,0.0,0.0,0.0,1.0,0.0,0.0,0.0,0.0,0.0,1.0,0.0,1.362163301894719,0.9609390642919108,0.6149910161030265,-0.02743438669589927,-0.23562288452308672,1.11042767206191,-0.6475775332438344,-0.14125327883151229,-0.1781057493664113,-0.16568651602362097,1.580191756725731,-0.1474557687191013
0.0,0.0,1.0,0.0,0.0,1.0,0.0,0.0,0.0,0.0,1.0,0.0,0.0,1.0,0.0,0.0,0.0,0.5016255930353297,1.12062891213976,0.8596098128820115,1.9145876533532222,-0.11205940887791385,1.3402008745819447,0.5088628904429947,-0.14125327883151229,-0.1781057493664113,-0.16568651602362097,-0.632834588424933,-0.1474557687191013
0.0,0.0,0.0,1.0,0.0,1.0,0.0,0.0,1.0,0.0,0.0,0.0,0.0,0.0,1.0,0.0,0.0,-1.362872776160014,-0.9385296522140871,0.6149910161030265,-0.22163659070081138,-1.4070046336393256,-0.5439393860823405,-0.6475775332438344,-0.14125327883151229,-0.1781057493664113,-1.3346104465204693,1.580191756725731,-0.1474557687191013
0.0,0.0,0.0,1.0,0.0,1.0,0.0,0.0,0.0,0.0,0.0,1.0,0.0,0.0,0.0,1.0,0.0,1.362163301894719,-1.3167424497484672,-1.4887306361962445,0.263868919311469,0.9258737865415383,-1.7540782526878569,-0.6475775332438344,-0.14125327883151229,-0.1781057493664113,-1.6268414291446816,-0.632834588424933,-0.1474557687191013
0.0,0.0,0.0,1.0,0.0,1.0,0.0,0.0,0.0,1.0,0.0,0.0,0.0,0.0,1.0,0.0,0.0,-1.6497186791131437,-1.4680275687622195,1.1042286096609966,-0.9984454067204599,-1.6870818451017173,-0.873280976361057,-0.6475775332438344,-0.14125327883151229,-0.1781057493664113,-1.6268414291446816,1.580191756725731,-0.1474557687191013
1.0,0.0,0.0,0.0,0.0,1.0,0.0,0.0,0.0,0.0,0.0,0.0,1.0,1.0,0.0,0.0,0.0,0.6450485445118945,0.17929928272085843,-0.9016455239266805,0.9435766333286616,-0.11041189586931155,-0.20693868905295615,0.3485642178527412,-0.14125327883151229,-0.1781057493664113,1.2954683970974397,-0.632834588424933,-0.1474557687191013
0.0,0.0,1.0,0.0,0.0,1.0,0.0,0.0,0.0,0.0,0.0,1.0,0.0,1.0,0.0,0.0,0.0,0.5016255930353297,2.0787679992268564,-1.1951880800614625,0.06966671530655688,0.8682108312404576,1.141064099064581,2.5698458237462547,-0.14125327883151229,-0.1781057493664113,0.12654446660059115,-0.632834588424933,-0.1474557687191013
0.0,0.0,1.0,0.0,0.0,1.0,0.0,1.0,0.0,0.0,0.0,0.0,0.0,0.0,0.0,1.0,0.0,1.0753173989415892,1.5996984556833085,0.07682966318925954,0.555172225318837,0.9044561174297082,1.455087475841962,-0.3613299036183816,-0.14125327883151229,-0.1781057493664113,0.41877544922480325,-0.632834588424933,-0.1474557687191013
1.0,0.0,0.0,0.0,1.0,0.0,0.0,0.0,0.0,0.0,0.0,1.0,0.0,1.0,0.0,0.0,0.0,0.07135673860563499,0.439845876577876,-0.9016455239266805,-1.095546508722916,0.9176362214985267,0.0075162999657429706,1.4363052104294618,-0.14125327883151229,-0.1781057493664113,1.0032374144732275,-0.632834588424933,-0.1474557687191013
0.0,1.0,0.0,0.0,0.0,1.0,0.0,0.0,0.0,1.0,0.0,0.0,0.0,0.0,0.0,1.0,0.0,1.2187403504181542,-0.8712918215413086,1.5445424438631696,-0.22163659070081138,-1.3163914181661986,-0.23757511605562745,-0.6475775332438344,-0.14125327883151229,-0.1781057493664113,-0.7501484812720451,1.580191756725731,-0.1474557687191013
0.0,1.0,0.0,0.0,0.0,1.0,0.0,0.0,0.0,0.0,0.0,1.0,0.0,0.0,0.0,0.0,1.0,-0.07206621287092989,0.8432728606145482,0.22360094125665056,0.8464755313262055,-0.8056623854994842,0.8653362560405393,1.276006537839208,-0.14125327883151229,-0.1781057493664113,-0.4579174986478331,-0.632834588424933,-0.1474557687191013
0.0,0.0,0.0,1.0,0.0,1.0,0.0,0.0,0.0,0.0,0.0,1.0,0.0,0.0,0.0,1.0,0.0,1.6490092048478489,-1.2410998902415913,1.2020761283725907,-0.7071421007130917,-0.5684205122607523,-0.65116688059169,-0.6475775332438344,-0.14125327883151229,8.795965369079227,-1.6268414291446816,-0.632834588424933,0.1722336069342896
0.0,0.0,0.0,1.0,0.0,1.0,0.0,0.0,0.0,1.0,0.0,0.0,0.0,0.0,0.0,1.0,0.0,1.2187403504181542,-1.0477911270573526,-1.2441118394172594,0.16676781730901283,0.9258737865415383,-1.3864411286558012,-0.6475775332438344,-0.14125327883151229,-0.1781057493664113,-1.3346104465204693,1.580191756725731,-0.1474557687191013
0.0,1.0,0.0,0.0,0.0,1.0,0.0,0.0,0.0,1.0,0.0,0.0,0.0,0.0,0.0,0.0,1.0,-0.6457580187771894,0.16248982505266382,-0.8527217645708836,-1.3868498147302841,0.9258737865415383,-0.19162047555162054,-0.510178671023617,-0.14125327883151229,-0.1781057493664113,-0.7501484812720451,1.580191756725731,-0.1474557687191013
0.0,0.0,1.0,0.0,0.0,1.0,0.0,0.0,1.0,0.0,0.0,0.0,0.0,1.0,0.0,0.0,0.0,0.7884714959884594,1.9526970667153962,-1.0973405613498686,1.3319810413384858,0.8797434223006737,1.11042767206191,1.5393543570946244,-0.14125327883151229,-0.1781057493664113,0.12654446660059115,1.580191756725731,-0.1474557687191013
0.0,0.0,1.0,0.0,0.0,1.0,0.0,0.0,0.0,0.0,0.0,1.0,0.0,0.0,0.0,0.0,1.0,-0.5023350673006246,1.3643660483285829,-0.36348417101291347,-0.8042432027155477,0.9258737865415383,1.0568139248072352,0.5203127956280129,-0.14125327883151229,-0.1781057493664113,0.12654446660059115,-0.632834588424933,-0.1474557687191013
0.0,0.0,1.0,0.0,0.0,1.0,1.0,0.0,0.0,0.0,0.0,0.0,0.0,0.0,0.0,1.0,0.0,1.0753173989415892,1.4063896924990695,0.46821973803563555,0.8464755313262055,0.5123480213823597,1.4474283690912941,0.2798647867426326,-0.14125327883151229,-0.1781057493664113,0.12654446660059115,-0.632834588424933,-0.1474557687191013
0.0,1.0,0.0,0.0,0.0,1.0,1.0,0.0,0.0,0.0,0.0,0.0,0.0,1.0,0.0,0.0,0.0,0.6450485445118945,0.439845876577876,-2.0758157484658084,-0.7071421007130917,0.9258737865415383,-0.9345538303663996,0.15391582970743328,-0.14125327883151229,-0.1781057493664113,-0.7501484812720451,-0.632834588424933,-0.1474557687191013
0.0,0.0,1.0,0.0,0.0,1.0,0.0,0.0,0.0,0.0,0.0,0.0,1.0,0.0,1.0,0.0,0.0,-1.362872776160014,1.3811755059967776,0.5171434973914326,-0.9013443047180038,0.9258737865415383,1.4474283690912941,-0.6475775332438344,-0.14125327883151229,-0.1781057493664113,0.41877544922480325,-0.632834588424933,-0.1474557687191013
1.0,0.0,0.0,0.0,0.0,1.0,0.0,0.0,0.0,0.0,0.0,0.0,1.0,1.0,0.0,0.0,0.0,0.07135673860563499,0.31377494406641593,-0.5102554490803045,-0.1245354886983552,0.3871370327285845,0.10708468772442468,1.7569025556099689,-0.14125327883151229,-0.1781057493664113,1.0032374144732275,-0.632834588424933,-0.1474557687191013
0.0,0.0,0.0,1.0,0.0,1.0,0.0,0.0,1.0,0.0,0.0,0.0,0.0,0.0,0.0,0.0,1.0,-0.5023350673006246,-1.7117647049510423,0.17467718190085355,0.8464755313262055,-0.5371177650973085,-1.348145594902462,-0.6475775332438344,-0.14125327883151229,-0.1781057493664113,1.5876993797216516,1.580191756725731,-0.1474557687191013
0.0,0.0,0.0,1.0,0.0,1.0,0.0,0.0,0.0,1.0,0.0,0.0,0.0,1.0,0.0,0.0,0.0,0.3582026415587648,-0.7536256178639459,-2.0268919891100117,0.06966671530655688,0.919283734507129,-1.7693964661891926,1.4935547363545523,-0.14125327883151229,-0.1781057493664113,-1.3346104465204693,1.580191756725731,-0.1474557687191013
1.0,0.0,0.0,0.0,0.0,1.0,0.0,0.0,0.0,0.0,1.0,0.0,0.0,0.0,1.0,0.0,0.0,-0.9326039217303193,-0.4426506510023444,1.1042286096609966,-0.6100409987106356,0.9258737865415383,0.03049362021774643,-0.6475775332438344,-0.14125327883151229,-0.1781057493664113,1.0032374144732275,-0.632834588424933,-0.1474557687191013
0.0,0.0,0.0,1.0,0.0,1.0,0.0,0.0,0.0,0.0,1.0,0.0,0.0,0.0,0.0,1.0,0.0,1.2187403504181542,-1.081410042393742,0.6639147754588236,-0.9984454067204599,-0.7381143521467897,-0.65116688059169,-0.6475775332438344,-0.14125327883151229,1.873110506278306,1.5876993797216516,-0.632834588424933,-0.07438391142689764
0.0,0.0,0.0,1.0,0.0,1.0,0.0,0.0,0.0,0.0,1.0,0.0,0.0,1.0,0.0,0.0,0.0,0.21477969008219988,-1.0730053135596445,-1.4887306361962445,1.3319810413384858,0.9061036304383105,-1.5626005839211612,0.84091014080852,-0.14125327883151229,2.3859145701894855,-1.3346104465204693,-0.632834588424933,-0.05611594710384673
0.0,0.0,0.0,1.0,0.0,1.0,1.0,0.0,0.0,0.0,0.0,0.0,0.0,0.0,1.0,0.0,0.0,-1.076026873206884,-1.5436701282690954,-0.2656366523013195,0.6522733273212932,0.8204329539909907,-1.35580470165313,-0.6475775332438344,-0.14125327883151229,-0.1781057493664113,1.5876993797216516,-0.632834588424933,-0.1474557687191013
0.0,0.0,0.0,1.0,0.0,1.0,0.0,0.0,0.0,1.0,0.0,0.0,0.0,0.0,0.0,1.0,0.0,1.5055862533712838,-1.585693772439582,-0.06994161487813147,1.429082143340942,0.8929235263694921,-1.317509167899791,-0.6475775332438344,-0.14125327883151229,-0.1781057493664113,-1.3346104465204693,1.580191756725731,-0.1474557687191013
1.0,0.0,0.0,0.0,1.0,0.0,0.0,1.0,0.0,0.0,0.0,0.0,0.0,0.0,1.0,0.0,0.0,-1.5062957276365787,0.31377494406641593,-0.2656366523013195,0.263868919311469,0.9258737865415383,0.21431218223377418,-0.6475775332438344,-0.14125327883151229,-0.1781057493664113,0.7110064318490154,-0.632834588424933,-0.1474557687191013
0.0,1.0,0.0,0.0,0.0,1.0,0.0,0.0,1.0,0.0,0.0,0.0,0.0,0.0,0.0,0.0,1.0,-0.3589121158240597,0.6331546397621147,-0.7548742458592895,-0.6100409987106356,-0.550297869166127,0.2449486092364455,1.459205020799498,-0.14125327883151229,-0.1781057493664113,-0.4579174986478331,1.580191756725731,-0.1474557687191013
0.0,1.0,0.0,0.0,0.0,1.0,0.0,0.0,0.0,0.0,1.0,0.0,0.0,0.0,0.0,0.0,1.0,-0.3589121158240597,0.03641889254120378,1.0063810909494026,0.16676781730901283,-1.739802261376991,0.4287671712524734,-0.4185794295434721,-0.14125327883151229,-0.1781057493664113,-1.0423794638962574,-0.632834588424933,-0.1474557687191013
1.0,0.0,0.0,0.0,0.0,1.0,0.0,0.0,0.0,0.0,0.0,1.0,0.0,0.0,0.0,0.0,1.0,-0.3589121158240597,-0.24934188781810568,0.46821973803563555,-1.4839509167327403,-1.4168897116909394,0.0075162999657429706,-0.2697306621382367,-0.14125327883151229,-0.1781057493664113,1.2954683970974397,-0.632834588424933,-0.1474557687191013
0.0,1.0,0.0,0.0,0.0,1.0,1.0,0.0,0.0,0.0,0.0,0.0,0.0,0.0,1.0,0.0,0.0,-1.6497186791131437,-0.257746616652203,0.22360094125665056,0.36097002131392514,0.35418677255653847,-0.08439298104227094,-0.6475775332438344,-0.14125327883151229,-0.1781057493664113,-0.4579174986478331,-0.632834588424933,-0.1474557687191013
0.0,1.0,0.0,0.0,0.0,1.0,0.0,0.0,1.0,0.0,0.0,0.0,0.0,0.0,0.0,1.0,0.0,1.5055862533712838,-0.6779830583570697,0.8106860535262146,0.4580711233163813,-0.583248129338173,-0.2605524363076309,-0.6475775332438344,-0.14125327883151229,-0.1781057493664113,-1.0423794638962574,1.580191756725731,-0.1474557687191013
1.0,0.0,0.0,0.0,0.0,1.0,0.0,0.0,0.0,0.0,0.0,0.0,1.0,0.0,1.0,0.0,0.0,-1.076026873206884,-0.6779830583570697,0.6149910161030265,-0.3187376927032675,0.9159887084899244,-0.3218252903129736,-0.6475775332438344,-0.14125327883151229,-0.1781057493664113,1.0032374144732275,-0.632834588424933,-0.1474557687191013
0.0,1.0,0.0,0.0,0.0,1.0,0.0,0.0,0.0,0.0,1.0,0.0,0.0,1.0,0.0,0.0,0.0,0.07135673860563499,0.5659168090893361,-0.4613316897245075,0.555172225318837,-0.1944350593080291,0.3368578902444594,2.982042410406906,-0.14125327883151229,-0.1781057493664113,-0.4579174986478331,-0.632834588424933,-0.1474557687191013
0.0,0.0,1.0,0.0,0.0,1.0,1.0,0.0,0.0,0.0,0.0,0.0,0.0,1.0,0.0,0.0,0.0,0.7884714959884594,1.4316038790013617,0.32144845996824456,0.06966671530655688,0.7990152848791607,1.409132835337955,0.9096095719186287,-0.14125327883151229,-0.1781057493664113,0.12654446660059115,-0.632834588424933,-0.1474557687191013
0.0,1.0,0.0,0.0,0.0,1.0,0.0,0.0,0.0,0.0,0.0,0.0,1.0,1.0,0.0,0.0,0.0,0.21477969008219988,0.6583688262644065,-1.2441118394172594,2.108789857358134,0.6836893742769994,-0.023120127036928357,3.3827890918825405,-0.14125327883151229,-0.1781057493664113,-0.4579174986478331,-0.632834588424933,-0.1474557687191013
0.0,0.0,1.0,0.0,0.0,1.0,0.0,0.0,0.0,0.0,0.0,0.0,1.0,1.0,0.0,0.0,0.0,0.3582026415587648,1.9442923378812993,-1.0973405613498686,-0.22163659070081138,0.9011610914125037,1.102768565311242,2.638545254856363,-0.14125327883151229,-0.1781057493664113,0.41877544922480325,-0.632834588424933,-0.1474557687191013
0.0,0.0,0.0,1.0,1.0,0.0,0.0,0.0,0.0,1.0,0.0,0.0,0.0,0.0,1.0,0.0,0.0,-1.362872776160014,-1.0646005847255473,1.7891612406421546,-0.02743438669589927,-2.187925799716818,-0.35246171731564485,-0.6475775332438344,-0.14125327883151229,2.8987186341006645,1.5876993797216516,1.580191756725731,-0.03784798278079583
0.0,1.0,0.0,0.0,0.0,1.0,0.0,0.0,0.0,0.0,0.0,0.0,1.0,1.0,0.0,0.0,0.0,0.3582026415587648,0.4902742495824598,-2.1247395078216056,0.06966671530655688,0.6326164710103279,-0.9651902573690708,2.982042410406906,-0.14125327883151229,-0.1781057493664113,-0.7501484812720451,-0.632834588424933,-0.1474557687191013
0.0,1.0,0.0,0.0,0.0,1.0,0.0,0.0,0.0,0.0,0.0,0.0,1.0,0.0,1.0,0.0,0.0,-1.6497186791131437,0.5070837072506548,1.2509998877283877,-0.1245354886983552,-1.4794952060178268,0.9189500032952143,-0.6475775332438344,-0.14125327883151229,-0.1781057493664113,-0.4579174986478331,-0.632834588424933,-0.1474557687191013
0.0,0.0,1.0,0.0,0.0,1.0,0.0,1.0,0.0,0.0,0.0,0.0,0.0,0.0,0.0,1.0,0.0,1.5055862533712838,1.4316038790013617,0.6639147754588236,-1.2897487127278282,0.6062562628726911,1.539337650099308,-0.6475775332438344,-0.14125327883151229,-0.1781057493664113,0.41877544922480325,-0.632834588424933,-0.1474557687191013
0.0,0.0,1.0,0.0,0.0,1.0,0.0,0.0,0.0,0.0,1.0,0.0,0.0,1.0,0.0,0.0,0.0,0.21477969008219988,1.2719140311535122,0.3703722193240416,0.4580711233163813,-0.7117541440091528,1.2942462340779375,1.4248553052444435,-0.14125327883151229,-0.1781057493664113,0.41877544922480325,-0.632834588424933,-0.1474557687191013
0.0,0.0,0.0,1.0,0.0,1.0,0.0,0.0,0.0,0.0,0.0,1.0,0.0,0.0,0.0,0.0,1.0,-0.7891809702537543,-2.039549129480838,-0.2656366523013195,-0.8042432027155477,0.9258737865415383,-1.77705557293986,-0.6475775332438344,-0.14125327883151229,-0.1781057493664113,-1.6268414291446816,-0.632834588424933,-0.1474557687191013
1.0,0.0,0.0,0.0,0.0,1.0,0.0,0.0,0.0,0.0,0.0,0.0,1.0,0.0,0.0,1.0,0.0,1.362163301894719,0.8516775894486454,-0.06994161487813147,-0.6100409987106356,0.9258737865415383,0.7581087615311898,-0.6475775332438344,-0.14125327883151229,-0.1781057493664113,0.7110064318490154,-0.632834588424933,-0.1474557687191013
0.0,0.0,0.0,1.0,0.0,1.0,0.0,0.0,0.0,0.0,0.0,1.0,0.0,0.0,0.0,0.0,1.0,-0.7891809702537543,-2.0899775024854224,-0.5591792084361015,0.7493744293237493,0.881390935309276,-1.922578601202549,-0.6475775332438344,-0.14125327883151229,-0.1781057493664113,1.5876993797216516,-0.632834588424933,-0.1474557687191013
1.0,0.0,0.0,0.0,0.0,1.0,0.0,0.0,1.0,0.0,0.0,0.0,0.0,1.0,0.0,0.0,0.0,0.21477969008219988,0.38941750357329186,1.4956186845073727,3.176901979385151,0.9258737865415383,0.8806544695418751,0.06231658822728846,0.31590634773155957,-0.1781057493664113,1.0032374144732275,1.580191756725731,0.30924333935717147
1.0,0.0,0.0,0.0,0.0,1.0,0.0,0.0,0.0,0.0,0.0,1.0,0.0,0.0,0.0,0.0,1.0,-0.5023350673006246,-1.0730053135596445,-0.2656366523013195,-0.8042432027155477,0.8780959092920714,-0.9498720438677353,-0.5903280073187437,-0.14125327883151229,-0.1781057493664113,1.2954683970974397,-0.632834588424933,-0.1474557687191013
1.0,0.0,0.0,0.0,0.0,1.0,0.0,1.0,0.0,0.0,0.0,0.0,0.0,0.0,0.0,1.0,0.0,1.5055862533712838,-0.03081893813157497,0.07682966318925954,-1.6781531207376523,-1.2488433848135043,0.06113004722041769,-0.6475775332438344,-0.14125327883151229,-0.1781057493664113,1.0032374144732275,-0.632834588424933,-0.1474557687191013
1.0,0.0,0.0,0.0,0.0,1.0,0.0,0.0,0.0,0.0,0.0,0.0,1.0,1.0,0.0,0.0,0.0,0.5016255930353297,1.2298903869830253,-0.8527217645708836,-0.1245354886983552,0.8748008832748668,0.6815176940245116,1.6195036933897513,-0.14125327883151229,-0.1781057493664113,0.7110064318490154,-0.632834588424933,-0.1474557687191013
0.0,1.0,0.0,0.0,0.0,1.0,0.0,0.0,0.0,0.0,0.0,0.0,1.0,0.0,0.0,0.0,1.0,-0.7891809702537543,-0.34179390499317636,1.3488474064399816,0.263868919311469,-1.6409514808608527,0.18367575523110294,-0.6475775332438344,-0.14125327883151229,-0.1781057493664113,-0.7501484812720451,-0.632834588424933,-0.1474557687191013
1.0,0.0,0.0,0.0,0.0,1.0,1.0,0.0,0.0,0.0,0.0,0.0,0.0,0.0,1.0,0.0,0.0,-1.5062957276365787,0.465060063080168,0.3703722193240416,-0.02743438669589927,0.9258737865415383,0.5972675197671654,-0.6475775332438344,-0.14125327883151229,-0.1781057493664113,1.0032374144732275,-0.632834588424933,-0.1474557687191013
0.0,1.0,0.0,0.0,0.0,1.0,1.0,0.0,0.0,0.0,0.0,0.0,0.0,1.0,0.0,0.0,0.0,0.7884714959884594,-0.5687215835138044,-0.4124079303687105,2.5942953673704148,-1.204360533581242,-0.5822349198356795,0.0852163985973247,-0.14125327883151229,-0.1781057493664113,-0.7501484812720451,-0.632834588424933,-0.1474557687191013
0.0,1.0,0.0,0.0,0.0,1.0,0.0,1.0,0.0,0.0,0.0,0.0,0.0,0.0,1.0,0.0,0.0,-1.5062957276365787,-0.4594601086705391,0.17467718190085355,-0.5129398967081796,0.7364097905522732,-0.2758706498089666,-0.6475775332438344,-0.14125327883151229,-0.1781057493664113,-0.7501484812720451,-0.632834588424933,-0.1474557687191013
0.0,0.0,0.0,1.0,0.0,1.0,0.0,0.0,0.0,1.0,0.0,0.0,0.0,0.0,0.0,1.0,0.0,1.0753173989415892,-1.5688843147713871,-0.9505692832824775,-0.6100409987106356,0.9258737865415383,-1.6545098649291752,-0.6475775332438344,-0.14125327883151229,-0.1781057493664113,1.5876993797216516,1.580191756725731,-0.1474557687191013
0.0,1.0,0.0,0.0,0.0,1.0,0.0,0.0,1.0,0.0,0.0,0.0,0.0,0.0,1.0,0.0,0.0,-1.219449824683449,0.09525199437988507,0.17467718190085355,-0.3187376927032675,-1.4086521466479278,0.2066530754831064,-0.6475775332438344,-0.14125327883151229,-0.1781057493664113,-0.7501484812720451,1.580191756725731,-0.1474557687191013
0.0,0.0,1.0,0.0,0.0,1.0,1.0,0.0,0.0,0.0,0.0,0.0,0.0,0.0,1.0,0.0,0.0,-1.362872776160014,0.465060063080168,1.2509998877283877,0.7493744293237493,-1.3493416783382448,0.8806544695418751,-0.6475775332438344,-0.14125327883151229,-0.1781057493664113,-0.16568651602362097,-0.632834588424933,-0.1474557687191013
1.0,0.0,0.0,0.0,0.0,1.0,1.0,0.0,0.0,0.0,0.0,0.0,0.0,0.0,0.0,0.0,1.0,-0.5023350673006246,0.3221796729005131,0.6639147754588236,-0.41583879470572344,0.9258737865415383,0.574290199515162,-0.6017779125037619,0.1330424971063308,-0.1781057493664113,1.0032374144732275,-0.632834588424933,0.12656369612666235
0.0,0.0,1.0,0.0,0.0,1.0,0.0,0.0,1.0,0.0,0.0,0.0,0.0,0.0,0.0,1.0,0.0,1.6490092048478489,0.7928444876099641,0.9085335722378086,0.9435766333286616,-1.7167370792565588,1.0644730315579027,-0.6475775332438344,-0.14125327883151229,-0.1781057493664113,-0.16568651602362097,1.580191756725731,-0.1474557687191013
0.0,1.0,0.0,0.0,0.0,1.0,0.0,1.0,0.0,0.0,0.0,0.0,0.0,0.0,0.0,1.0,0.0,1.6490092048478489,0.2717512998959292,0.5660672567472296,-0.9984454067204599,-0.23891791054029132,0.4976991320084838,-0.6475775332438344,-0.14125327883151229,-0.1781057493664113,-0.4579174986478331,-0.632834588424933,-0.1474557687191013
0.0,0.0,1.0,0.0,0.0,1.0,0.0,0.0,1.0,0.0,0.0,0.0,0.0,0.0,0.0,1.0,0.0,1.0753173989415892,1.1878667428125387,-0.5102554490803045,-0.3187376927032675,0.9159887084899244,0.8346998290378681,0.005067062302197861,-0.14125327883151229,-0.1781057493664113,-0.16568651602362097,1.580191756725731,-0.1474557687191013
0.0,0.0,1.0,0.0,0.0,1.0,0.0,0.0,1.0,0.0,0.0,0.0,0.0,1.0,0.0,0.0,0.0,0.5016255930353297,1.3139376753239989,-0.8037980052150865,-0.41583879470572344,0.9258737865415383,0.7810860817831934,2.7644942118915625,-0.14125327883151229,-0.1781057493664113,0.12654446660059115,1.580191756725731,-0.1474557687191013
0.0,0.0,0.0,1.0,0.0,1.0,1.0,0.0,0.0,0.0,0.0,0.0,0.0,0.0,0.0,1.0,0.0,1.6490092048478489,-1.661336331946458,-1.0973405613498686,-0.41583879470572344,0.6309689580017257,-1.8076919999425316,-0.6475775332438344,-0.14125327883151229,-0.1781057493664113,-1.6268414291446816,-0.632834588424933,-0.1474557687191013
0.0,0.0,1.0,0.0,0.0,1.0,0.0,1.0,0.0,0.0,0.0,0.0,0.0,0.0,0.0,1.0,0.0,1.6490092048478489,0.7760350299417694,0.027905903833462538,-0.6100409987106356,0.7479423816124893,0.7274723345285187,-0.6475775332438344,-0.14125327883151229,-0.1781057493664113,-0.16568651602362097,-0.632834588424933,-0.1474557687191013
1.0,0.0,0.0,0.0,0.0,1.0,1.0,0.0,0.0,0.0,0.0,0.0,0.0,0.0,0.0,0.0,1.0,-0.2154891643474948,-0.9889580252186712,-1.5376543955520416,-0.8042432027155477,0.6886319133028064,-1.5243050501678221,0.646261752663212,-0.14125327883151229,-0.1781057493664113,1.2954683970974397,-0.632834588424933,-0.1474557687191013
0.0,1.0,0.0,0.0,0.0,1.0,0.0,0.0,0.0,0.0,0.0,0.0,1.0,1.0,0.0,0.0,0.0,0.21477969008219988,0.34739385940280515,1.8380849999979516,-0.8042432027155477,-1.9160861532974378,0.9342682167965498,-0.3498799984333635,3.5160237336730624,-0.1781057493664113,-0.4579174986478331,-0.632834588424933,3.5061370958910802
0.0,0.0,0.0,1.0,0.0,1.0,0.0,0.0,0.0,1.0,0.0,0.0,0.0,1.0,0.0,0.0,0.0,0.7884714959884594,-1.4175991957576355,-1.2930355987730566,3.3711041833900635,0.9258737865415383,-1.7157827189345178,-0.3613299036183816,-0.14125327883151229,-0.1781057493664113,-1.6268414291446816,1.580191756725731,-0.1474557687191013
0.0,0.0,1.0,0.0,0.0,1.0,0.0,1.0,0.0,0.0,0.0,0.0,0.0,1.0,0.0,0.0,0.0,0.3582026415587648,1.8686497783744227,-0.8527217645708836,-0.41583879470572344,0.9258737865415383,1.2023369530699237,1.6538534089448054,-0.14125327883151229,-0.1781057493664113,0.12654446660059115,-0.632834588424933,-0.1474557687191013
1.0,0.0,0.0,0.0,0.0,1.0,0.0,1.0,0.0,0.0,0.0,0.0,0.0,0.0,0.0,0.0,1.0,-0.6457580187771894,-0.13167568414074293,1.1042286096609966,-0.9013443047180038,-0.7875397424048588,0.30622146324178817,-0.6475775332438344,-0.14125327883151229,-0.1781057493664113,1.0032374144732275,-0.632834588424933,-0.1474557687191013
0.0,1.0,0.0,0.0,0.0,1.0,0.0,0.0,0.0,0.0,0.0,0.0,1.0,0.0,0.0,1.0,0.0,0.9318944474650244,0.5154884360847519,-0.2656366523013195,0.6522733273212932,0.9258737865415383,0.38281253074846644,0.01651696748721598,-0.14125327883151229,-0.1781057493664113,-1.0423794638962574,-0.632834588424933,-0.1474557687191013
1.0,0.0,0.0,0.0,0.0,1.0,0.0,0.0,1.0,0.0,0.0,0.0,0.0,0.0,0.0,1.0,0.0,1.6490092048478489,0.6415593685962119,-0.31456041165711646,-0.3187376927032675,0.9258737865415383,0.4670627050058125,-0.6475775332438344,-0.14125327883151229,-0.1781057493664113,0.7110064318490154,1.580191756725731,-0.1474557687191013
0.0,1.0,0.0,0.0,0.0,1.0,0.0,0.0,0.0,1.0,0.0,0.0,0.0,1.0,0.0,0.0,0.0,0.5016255930353297,0.666773555098504,-1.4887306361962445,-0.02743438669589927,0.9258737865415383,-0.19927958230228832,0.6806114682182663,-0.14125327883151229,-0.1781057493664113,-0.4579174986478331,1.580191756725731,-0.1474557687191013
0.0,0.0,0.0,1.0,0.0,1.0,0.0,0.0,1.0,0.0,0.0,0.0,0.0,0.0,0.0,0.0,1.0,-0.7891809702537543,-1.6445268742782635,0.4192959786798386,-0.9984454067204599,-0.4333244455553633,-1.217940780141109,-0.6475775332438344,-0.14125327883151229,-0.1781057493664113,-1.6268414291446816,1.580191756725731,-0.1474557687191013
1.0,0.0,0.0,0.0,0.0,1.0,0.0,1.0,0.0,0.0,0.0,0.0,0.0,1.0,0.0,0.0,0.0,0.7884714959884594,-0.10646149763845088,-0.7548742458592895,0.06966671530655688,0.4069071888318122,-0.35246171731564485,-0.25828075695321856,-0.14125327883151229,-0.1781057493664113,1.2954683970974397,-0.632834588424933,-0.1474557687191013
1.0,0.0,0.0,0.0,0.0,1.0,0.0,0.0,0.0,0.0,0.0,1.0,0.0,0.0,1.0,0.0,0.0,-0.9326039217303193,-0.24093715898400836,0.5660672567472296,-0.22163659070081138,0.13342002940382958,0.045811833719082096,-0.6475775332438344,-0.14125327883151229,-0.1781057493664113,1.0032374144732275,-0.632834588424933,-0.1474557687191013
0.0,0.0,1.0,0.0,0.0,1.0,0.0,0.0,0.0,0.0,0.0,1.0,0.0,0.0,1.0,0.0,0.0,-1.076026873206884,1.263509302319415,0.6149910161030265,-1.2897487127278282,0.9258737865415383,1.3784964083352838,-0.6475775332438344,-0.14125327883151229,-0.1781057493664113,0.41877544922480325,-0.632834588424933,-0.1474557687191013
0.0,0.0,0.0,1.0,0.0,1.0,0.0,0.0,0.0,0.0,1.0,0.0,0.0,0.0,1.0,0.0,0.0,-1.076026873206884,-0.9637438387163793,1.6423899625747636,-0.9984454067204599,-2.1730981826393974,-0.2988479700609701,-0.6475775332438344,-0.14125327883151229,2.1295125382338953,1.5876993797216516,-0.632834588424933,-0.0652499292653722
1.0,0.0,0.0,0.0,0.0,1.0,0.0,0.0,0.0,0.0,1.0,0.0,0.0,0.0,1.0,0.0,0.0,-1.6497186791131437,-0.43424592216824703,-0.2656366523013195,-0.8042432027155477,0.9258737865415383,-0.4137345713209875,-0.6475775332438344,-0.14125327883151229,-0.1781057493664113,1.0032374144732275,-0.632834588424933,-0.1474557687191013
0.0,1.0,0.0,0.0,0.0,1.0,0.0,0.0,0.0,1.0,0.0,0.0,0.0,1.0,0.0,0.0,0.0,0.21477969008219988,0.03641889254120378,-0.6081029677918985,1.6232843473458538,-0.18619749426501755,-0.17630226205028487,2.4553467718960733,-0.14125327883151229,-0.1781057493664113,-0.7501484812720451,1.580191756725731,-0.1474557687191013
0.0,0.0,0.0,1.0,0.0,1.0,0.0,0.0,0.0,0.0,1.0,0.0,0.0,0.0,0.0,1.0,0.0,0.9318944474650244,-1.1402431442324232,-1.5865781549078386,-0.02743438669589927,0.924226273532936,-1.6851462919318463,-0.4758289554685627,-0.14125327883151229,-0.1781057493664113,-1.3346104465204693,-0.632834588424933,-0.1474557687191013
0.0,0.0,0.0,1.0,0.0,1.0,0.0,0.0,1.0,0.0,0.0,0.0,0.0,1.0,0.0,0.0,0.0,0.5016255930353297,-0.535102668177415,-1.6844256736194325,0.9435766333286616,0.16142775055006878,-1.2792136341464517,1.585153977834697,-0.14125327883151229,-0.1781057493664113,-1.3346104465204693,1.580191756725731,-0.1474557687191013
0.0,0.0,1.0,0.0,0.0,1.0,0.0,0.0,0.0,0.0,0.0,0.0,1.0,1.0,0.0,0.0,0.0,0.07135673860563499,0.9609390642919108,-0.11886537423392847,0.555172225318837,-0.56677299925215,0.8270407222872002,1.3447059689493168,-0.14125327883151229,-0.1781057493664113,-0.16568651602362097,-0.632834588424933,-0.1474557687191013
1.0,0.0,0.0,0.0,0.0,1.0,0.0,1.0,0.0,0.0,0.0,0.0,0.0,0.0,1.0,0.0,0.0,-1.362872776160014,0.6079404532598227,1.1042286096609966,0.16676781730901283,-0.3361211780478273,0.964904643799221,-0.6475775332438344,-0.049821353518897916,-0.1781057493664113,0.7110064318490154,-0.632834588424933,-0.05611594710384673
0.0,0.0,1.0,0.0,0.0,1.0,0.0,0.0,0.0,0.0,0.0,1.0,0.0,0.0,0.0,0.0,1.0,-0.3589121158240597,0.6751782839326015,0.07682966318925954,-0.8042432027155477,0.9225787605243336,0.666199480523176,1.8485017970901139,-0.14125327883151229,-0.1781057493664113,-0.16568651602362097,-0.632834588424933,-0.1474557687191013
0.0,1.0,0.0,0.0,0.0,1.0,0.0,1.0,0.0,0.0,0.0,0.0,0.0,0.0,0.0,1.0,0.0,1.2187403504181542,0.4314411477437785,0.32144845996824456,0.06966671530655688,0.205910601782331,0.5513128792631585,-0.6475775332438344,-0.14125327883151229,-0.1781057493664113,-0.7501484812720451,-0.632834588424933,-0.1474557687191013
1.0,0.0,0.0,0.0,0.0,1.0,0.0,0.0,0.0,1.0,0.0,0.0,0.0,0.0,0.0,1.0,0.0,1.6490092048478489,0.08684726554578777,-0.2656366523013195,0.36097002131392514,0.9258737865415383,0.022834513467078568,-0.6475775332438344,-0.14125327883151229,-0.1781057493664113,0.7110064318490154,1.580191756725731,-0.1474557687191013
0.0,0.0,1.0,0.0,0.0,1.0,1.0,0.0,0.0,0.0,0.0,0.0,0.0,0.0,1.0,0.0,0.0,-1.076026873206884,1.1962714716466363,1.2999236470841846,-0.1245354886983552,-1.263671001890925,1.5469967568499758,-0.6475775332438344,-0.14125327883151229,-0.1781057493664113,0.12654446660059115,-0.632834588424933,-0.1474557687191013
0.0,0.0,0.0,1.0,0.0,1.0,0.0,1.0,0.0,0.0,0.0,0.0,0.0,0.0,0.0,0.0,1.0,-0.3589121158240597,-2.0311444006467405,-0.9994930426382745,0.6522733273212932,0.8352605710684115,-2.06044252271457,-0.15523161028805563,-0.14125327883151229,-0.1781057493664113,-1.3346104465204693,-0.632834588424933,-0.1474557687191013
0.0,0.0,0.0,1.0,0.0,1.0,0.0,0.0,0.0,0.0,1.0,0.0,0.0,0.0,0.0,1.0,0.0,1.0753173989415892,-1.2495046190756887,-1.2930355987730566,-0.22163659070081138,0.9258737865415383,-1.5779187974224969,-0.6475775332438344,-0.14125327883151229,-0.1781057493664113,-1.3346104465204693,-0.632834588424933,-0.1474557687191013
0.0,0.0,1.0,0.0,0.0,1.0,0.0,0.0,1.0,0.0,0.0,0.0,0.0,0.0,0.0,1.0,0.0,1.5055862533712838,1.37277077716268,-0.16778913358972547,-0.3187376927032675,0.9258737865415383,1.1563823125659167,-0.6475775332438344,-0.14125327883151229,-0.1781057493664113,0.12654446660059115,1.580191756725731,-0.1474557687191013
0.0,0.0,1.0,0.0,0.0,1.0,0.0,1.0,0.0,0.0,0.0,0.0,0.0,1.0,0.0,0.0,0.0,0.3582026415587648,0.8600823182827427,1.8380849999979516,-1.3868498147302841,-1.6541315849296712,1.4014737285872874,-0.04073255843787449,-0.14125327883151229,-0.1781057493664113,0.12654446660059115,-0.632834588424933,-0.1474557687191013
0.0,0.0,0.0,1.0,0.0,1.0,0.0,0.0,0.0,0.0,0.0,0.0,1.0,0.0,0.0,0.0,1.0,-0.6457580187771894,-0.6359594141865831,0.027905903833462538,1.0406777353311174,-1.631066402809239,-0.4673483185756622,-0.6475775332438344,-0.14125327883151229,-0.1781057493664113,-1.3346104465204693,-0.632834588424933,-0.1474557687191013
1.0,0.0,0.0,0.0,1.0,0.0,0.0,0.0,0.0,0.0,0.0,1.0,0.0,1.0,0.0,0.0,0.0,0.6450485445118945,0.4986789784165573,-0.9505692832824775,-0.3187376927032675,0.9258737865415383,0.03049362021774643,0.37146402822277746,-0.14125327883151229,-0.1781057493664113,1.0032374144732275,-0.632834588424933,-0.1474557687191013
0.0,0.0,0.0,1.0,0.0,1.0,0.0,0.0,0.0,0.0,1.0,0.0,0.0,0.0,1.0,0.0,0.0,-1.076026873206884,-1.2999329920802727,-0.021017855522334466,-1.3868498147302841,0.9258737865415383,-1.0570995383770847,-0.6475775332438344,-0.14125327883151229,-0.1781057493664113,-1.3346104465204693,-0.632834588424933,-0.1474557687191013
0.0,1.0,0.0,0.0,0.0,1.0,0.0,0.0,0.0,1.0,0.0,0.0,0.0,1.0,0.0,0.0,0.0,0.21477969008219988,0.28015602873002643,1.7402374812863577,-0.8042432027155477,0.8385555970856161,0.8500180425392037,0.24551507118757826,-0.14125327883151229,-0.1781057493664113,-0.4579174986478331,1.580191756725731,-0.1474557687191013
0.0,0.0,0.0,1.0,1.0,0.0,0.0,1.0,0.0,0.0,0.0,0.0,0.0,0.0,0.0,0.0,1.0,-0.5023350673006246,-1.5100512129327062,-0.7059504865034925,1.2348799393360297,0.9258737865415383,-1.5013277299158185,-0.6475775332438344,-0.14125327883151229,-0.1781057493664113,1.5876993797216516,-0.632834588424933,-0.1474557687191013
0.0,0.0,1.0,0.0,0.0,1.0,0.0,0.0,1.0,0.0,0.0,0.0,0.0,0.0,0.0,0.0,1.0,-0.5023350673006246,0.8684870471168399,1.1042286096609966,-1.192647610725372,-1.8534806589705501,1.1946778463192558,-0.22393104139816428,-0.14125327883151229,-0.1781057493664113,-0.16568651602362097,1.580191756725731,-0.1474557687191013
0.0,0.0,0.0,1.0,0.0,1.0,0.0,1.0,0.0,0.0,0.0,0.0,0.0,0.0,0.0,0.0,1.0,-0.2154891643474948,-1.409194466923538,1.3977711657957785,-0.7071421007130917,-1.4778476930092246,-0.7507352683503716,-0.61322781768878,-0.14125327883151229,12.129191784501892,1.5876993797216516,-0.632834588424933,0.2909753750341205
1.0,0.0,0.0,0.0,0.0,1.0,0.0,0.0,1.0,0.0,0.0,0.0,0.0,0.0,0.0,0.0,1.0,-0.6457580187771894,0.24653711339363718,0.5660672567472296,-0.6100409987106356,0.9258737865415383,0.47472181175648026,-0.5216285762086351,-0.14125327883151229,-0.1781057493664113,0.7110064318490154,1.580191756725731,-0.1474557687191013
1.0,0.0,0.0,0.0,0.0,1.0,0.0,1.0,0.0,0.0,0.0,0.0,0.0,0.0,0.0,0.0,1.0,-0.5023350673006246,0.4902742495824598,0.9085335722378086,-1.095546508722916,-0.5420603041231155,0.7964042952845289,-0.006382842882820132,-0.14125327883151229,-0.1781057493664113,0.7110064318490154,-0.632834588424933,-0.1474557687191013
0.0,1.0,0.0,0.0,0.0,1.0,0.0,0.0,0.0,1.0,0.0,0.0,0.0,1.0,0.0,0.0,0.0,0.5016255930353297,0.30537021523231844,-0.9994930426382745,1.3319810413384858,-1.9325612833834607,-0.1609840485489492,1.9515509437552765,-0.14125327883151229,-0.1781057493664113,-1.0423794638962574,1.580191756725731,-0.1474557687191013
0.0,1.0,0.0,0.0,0.0,1.0,0.0,0.0,0.0,0.0,0.0,1.0,0.0,0.0,1.0,0.0,0.0,-1.076026873206884,-0.46786483750463637,-0.5102554490803045,-0.7071421007130917,0.03292173587908898,-0.5439393860823405,-0.6475775332438344,-0.14125327883151229,-0.1781057493664113,-0.7501484812720451,-0.632834588424933,-0.1474557687191013
0.0,0.0,1.0,0.0,0.0,1.0,0.0,1.0,0.0,0.0,0.0,0.0,0.0,0.0,0.0,0.0,1.0,-0.07206621287092989,0.7508208434394773,1.8380849999979516,-0.1245354886983552,-1.377349399484484,1.3019053408286054,-0.2353809465831824,0.31590634773155957,-0.1781057493664113,0.41877544922480325,-0.632834588424933,0.30924333935717147
0.0,1.0,0.0,0.0,0.0,1.0,1.0,0.0,0.0,0.0,0.0,0.0,0.0,1.0,0.0,0.0,0.0,0.21477969008219988,0.6079404532598227,-1.5376543955520416,-0.3187376927032675,0.04280681393070281,-0.2835297565596344,2.638545254856363,-0.14125327883151229,-0.1781057493664113,-1.0423794638962574,-0.632834588424933,-0.1474557687191013
0.0,0.0,0.0,1.0,0.0,1.0,0.0,0.0,0.0,0.0,0.0,0.0,1.0,1.0,0.0,0.0,0.0,0.5016255930353297,-0.3670080914954684,-0.5102554490803045,2.302992061363046,-1.1055097530651037,-0.4596892118249944,1.276006537839208,-0.14125327883151229,-0.1781057493664113,-1.3346104465204693,-0.632834588424933,-0.1474557687191013
0.0,0.0,0.0,1.0,0.0,1.0,0.0,0.0,0.0,1.0,0.0,0.0,0.0,0.0,1.0,0.0,0.0,-1.076026873206884,-2.039549129480838,-0.5591792084361015,0.555172225318837,0.9258737865415383,-1.88428306744921,-0.6475775332438344,-0.14125327883151229,-0.1781057493664113,-1.3346104465204693,1.580191756725731,-0.1474557687191013
1.0,0.0,0.0,0.0,0.0,1.0,0.0,0.0,0.0,1.0,0.0,0.0,0.0,0.0,0.0,0.0,1.0,-0.2154891643474948,0.6415593685962119,0.17467718190085355,-0.41583879470572344,0.3970221107801984,0.6738585872738436,0.966859097843719,-0.14125327883151229,-0.1781057493664113,0.7110064318490154,1.580191756725731,-0.1474557687191013
0.0,1.0,0.0,0.0,0.0,1.0,0.0,0.0,0.0,0.0,0.0,1.0,0.0,0.0,0.0,1.0,0.0,1.0753173989415892,0.019609434873009167,-1.0484168019940716,-0.5129398967081796,0.9258737865415383,-0.4137345713209875,-0.510178671023617,-0.14125327883151229,-0.1781057493664113,-0.7501484812720451,-0.632834588424933,-0.1474557687191013
0.0,1.0,0.0,0.0,0.0,1.0,0.0,0.0,0.0,1.0,0.0,0.0,0.0,0.0,0.0,0.0,1.0,-0.3589121158240597,-0.37541282032956574,0.3703722193240416,-0.02743438669589927,-0.9176932700844409,-0.13800672829694574,0.6806114682182663,-0.14125327883151229,-0.1781057493664113,-0.7501484812720451,1.580191756725731,-0.1474557687191013
1.0,0.0,0.0,0.0,0.0,1.0,0.0,0.0,0.0,0.0,0.0,0.0,1.0,0.0,0.0,1.0,0.0,0.9318944474650244,-0.6443641430206805,-0.021017855522334466,-1.4839509167327403,0.9258737865415383,-0.49798474557833355,-0.6475775332438344,-0.14125327883151229,-0.1781057493664113,1.2954683970974397,-0.632834588424933,-0.1474557687191013
1.0,0.0,0.0,0.0,0.0,1.0,1.0,0.0,0.0,0.0,0.0,0.0,0.0,0.0,0.0,1.0,0.0,1.362163301894719,-0.14008041297484025,0.7617622941704176,0.16676781730901283,-1.5486907523791238,0.1989939687324386,-0.6475775332438344,-0.14125327883151229,-0.1781057493664113,1.2954683970974397,-0.632834588424933,-0.1474557687191013
1.0,0.0,0.0,0.0,0.0,1.0,0.0,0.0,1.0,0.0,0.0,0.0,0.0,1.0,0.0,0.0,0.0,0.6450485445118945,1.2298903869830253,-1.2930355987730566,-0.3187376927032675,0.9258737865415383,0.3904716374991342,1.699653029684878,-0.14125327883151229,-0.1781057493664113,0.7110064318490154,1.580191756725731,-0.1474557687191013
0.0,1.0,0.0,0.0,0.0,1.0,0.0,1.0,0.0,0.0,0.0,0.0,0.0,1.0,0.0,0.0,0.0,0.21477969008219988,0.2969654863982213,-1.3908831174846505,0.555172225318837,0.7215821734748524,-0.4060754645703196,3.0278420311469785,-0.14125327883151229,-0.1781057493664113,-0.7501484812720451,-0.632834588424933,-0.1474557687191013
0.0,1.0,0.0,0.0,0.0,1.0,0.0,0.0,0.0,0.0,1.0,0.0,0.0,0.0,1.0,0.0,0.0,-1.076026873206884,0.1456803673844692,1.2999236470841846,-0.9984454067204599,-1.5816410125511697,0.6049266265178332,-0.6475775332438344,-0.14125327883151229,-0.1781057493664113,-0.4579174986478331,-0.632834588424933,-0.1474557687191013
0.0,1.0,0.0,0.0,0.0,1.0,0.0,0.0,0.0,0.0,1.0,0.0,0.0,1.0,0.0,0.0,0.0,0.3582026415587648,0.6247499109280173,-2.0268919891100117,1.3319810413384858,0.12188743834361344,-0.743076161599704,2.5927456341162904,-0.14125327883151229,-0.1781057493664113,-0.7501484812720451,-0.632834588424933,-0.1474557687191013
0.0,0.0,0.0,1.0,0.0,1.0,0.0,0.0,0.0,0.0,0.0,1.0,0.0,0.0,1.0,0.0,0.0,-1.5062957276365787,-1.257909347909786,0.5171434973914326,3.176901979385151,-1.0659694408586484,-0.8503036561090535,-0.6475775332438344,-0.14125327883151229,2.3859145701894855,-1.6268414291446816,-0.632834588424933,-0.05611594710384673
0.0,0.0,0.0,1.0,0.0,1.0,0.0,0.0,0.0,0.0,1.0,0.0,0.0,0.0,0.0,1.0,0.0,0.9318944474650244,-1.1822667884029099,-1.4887306361962445,0.16676781730901283,0.9258737865415383,-1.6468507581785072,-0.5559782917636894,-0.14125327883151229,-0.1781057493664113,-1.3346104465204693,-0.632834588424933,-0.1474557687191013
0.0,0.0,0.0,1.0,0.0,1.0,0.0,1.0,0.0,0.0,0.0,0.0,0.0,0.0,0.0,0.0,1.0,-0.5023350673006246,-1.157052601900618,-1.2930355987730566,-1.192647610725372,0.9110461694641175,-1.5013277299158185,-0.6475775332438344,-0.14125327883151229,-0.1781057493664113,-1.6268414291446816,-0.632834588424933,-0.1474557687191013
1.0,0.0,0.0,0.0,1.0,0.0,0.0,1.0,0.0,0.0,0.0,0.0,0.0,1.0,0.0,0.0,0.0,0.07135673860563499,0.6079404532598227,-1.1951880800614625,0.8464755313262055,0.9258737865415383,-0.03077923378759619,2.615645444486327,-0.14125327883151229,-0.1781057493664113,0.7110064318490154,-0.632834588424933,-0.1474557687191013
0.0,1.0,0.0,0.0,0.0,1.0,0.0,0.0,0.0,0.0,1.0,0.0,0.0,1.0,0.0,0.0,0.0,0.21477969008219988,-0.535102668177415,0.32144845996824456,1.429082143340942,0.3508917465393338,-0.29118886331030225,1.367605779319353,-0.14125327883151229,-0.1781057493664113,-1.0423794638962574,-0.632834588424933,-0.1474557687191013
0.0,1.0,0.0,0.0,0.0,1.0,0.0,0.0,0.0,0.0,0.0,0.0,1.0,0.0,1.0,0.0,0.0,-1.5062957276365787,-0.14848514180893754,-0.021017855522334466,-0.41583879470572344,0.9258737865415383,-0.07673387429160315,-0.6475775332438344,-0.14125327883151229,-0.1781057493664113,-0.4579174986478331,-0.632834588424933,-0.1474557687191013
0.0,0.0,0.0,1.0,0.0,1.0,0.0,0.0,0.0,0.0,0.0,1.0,0.0,1.0,0.0,0.0,0.0,0.6450485445118945,-1.9470971123057674,-1.1951880800614625,2.497194265367958,0.9258737865415383,-2.0910789497172413,0.19971545044750577,-0.14125327883151229,2.3859145701894855,-1.6268414291446816,-0.632834588424933,-0.05611594710384673
0.0,0.0,0.0,1.0,0.0,1.0,0.0,0.0,0.0,0.0,1.0,0.0,0.0,0.0,0.0,0.0,1.0,-0.07206621287092989,-0.9049107368776979,0.5171434973914326,-0.02743438669589927,-1.3345140612608242,-0.5439393860823405,0.07376649341230658,-0.14125327883151229,1.3603064423671265,1.5876993797216516,-0.632834588424933,-0.09265187574994856
1.0,0.0,0.0,0.0,0.0,1.0,0.0,0.0,0.0,0.0,0.0,0.0,1.0,0.0,0.0,1.0,0.0,1.2187403504181542,-0.07284258230206166,-0.5591792084361015,-0.6100409987106356,0.9258737865415383,-0.23757511605562745,-0.6475775332438344,-0.14125327883151229,-0.1781057493664113,1.0032374144732275,-0.632834588424933,-0.1474557687191013
0.0,1.0,0.0,0.0,0.0,1.0,1.0,0.0,0.0,0.0,0.0,0.0,0.0,0.0,0.0,0.0,1.0,-0.5023350673006246,-0.8796965503754058,0.9085335722378086,-0.41583879470572344,-1.4350123547855647,-0.4060754645703196,-0.40712952435845406,-0.14125327883151229,-0.1781057493664113,-1.0423794638962574,-0.632834588424933,-0.1474557687191013
0.0,0.0,1.0,0.0,0.0,1.0,0.0,1.0,0.0,0.0,0.0,0.0,0.0,0.0,0.0,0.0,1.0,-0.6457580187771894,1.1542478274761496,0.027905903833462538,-0.6100409987106356,0.9258737865415383,1.0568139248072352,-0.32698018806332724,-0.14125327883151229,-0.1781057493664113,0.12654446660059115,-0.632834588424933,-0.1474557687191013
1.0,0.0,0.0,0.0,0.0,1.0,1.0,0.0,0.0,0.0,0.0,0.0,0.0,0.0,1.0,0.0,0.0,-0.9326039217303193,-0.5182932105092204,0.3703722193240416,-1.192647610725372,-1.2191881506586628,-0.2605524363076309,-0.6475775332438344,-0.14125327883151229,-0.1781057493664113,1.2954683970974397,-0.632834588424933,-0.1474557687191013
0.0,1.0,0.0,0.0,0.0,1.0,0.0,0.0,0.0,1.0,0.0,0.0,0.0,0.0,0.0,0.0,1.0,-0.2154891643474948,-0.3922222779977603,0.32144845996824456,0.06966671530655688,-1.9918717516931437,-0.16864315529961704,1.26455663265419,-0.14125327883151229,-0.1781057493664113,-1.0423794638962574,1.580191756725731,-0.1474557687191013
1.0,0.0,0.0,0.0,0.0,1.0,0.0,0.0,0.0,0.0,1.0,0.0,0.0,1.0,0.0,0.0,0.0,0.7884714959884594,0.5154884360847519,-1.0973405613498686,-0.9984454067204599,0.3377116424705154,-0.04609744728893182,-0.21248113621314615,-0.14125327883151229,-0.1781057493664113,1.0032374144732275,-0.632834588424933,-0.1474557687191013
0.0,0.0,0.0,1.0,0.0,1.0,1.0,0.0,0.0,0.0,0.0,0.0,0.0,0.0,1.0,0.0,0.0,-1.219449824683449,-1.0225769405550604,1.8870087593537486,-0.5129398967081796,-1.9688065695727115,-0.2988479700609701,-0.6475775332438344,3.2417279577352196,10.334377560812763,-1.3346104465204693,-0.632834588424933,3.6066108996678605
0.0,1.0,0.0,0.0,0.0,1.0,1.0,0.0,0.0,0.0,0.0,0.0,0.0,1.0,0.0,0.0,0.0,0.5016255930353297,0.465060063080168,-2.1247395078216056,-0.8042432027155477,0.9110461694641175,-0.9805084708704065,0.2798647867426326,-0.14125327883151229,-0.1781057493664113,-0.7501484812720451,-0.632834588424933,-0.1474557687191013
0.0,1.0,0.0,0.0,0.0,1.0,0.0,0.0,0.0,1.0,0.0,0.0,0.0,0.0,0.0,1.0,0.0,1.2187403504181542,-0.3249844473249817,0.3703722193240416,-0.6100409987106356,-1.5239780572500892,-0.09205208779293877,-0.6475775332438344,-0.14125327883151229,-0.1781057493664113,-1.0423794638962574,1.580191756725731,-0.1474557687191013
1.0,0.0,0.0,0.0,0.0,1.0,0.0,0.0,1.0,0.0,0.0,0.0,0.0,0.0,0.0,1.0,0.0,1.0753173989415892,0.12887090971627443,-0.5102554490803045,0.16676781730901283,0.9225787605243336,-0.053756554039599655,-0.6475775332438344,-0.14125327883151229,-0.1781057493664113,1.0032374144732275,1.580191756725731,-0.1474557687191013
0.0,0.0,1.0,0.0,1.0,0.0,0.0,0.0,0.0,0.0,0.0,0.0,1.0,0.0,0.0,0.0,1.0,-0.5023350673006246,0.6835830127666986,0.027905903833462538,-0.5129398967081796,-1.0610269018328415,0.6508812670218403,0.646261752663212,-0.14125327883151229,-0.1781057493664113,-0.16568651602362097,-0.632834588424933,-0.1474557687191013
1.0,0.0,0.0,0.0,0.0,1.0,0.0,0.0,1.0,0.0,0.0,0.0,0.0,1.0,0.0,0.0,0.0,0.6450485445118945,0.9525343354578133,0.7617622941704176,-1.095546508722916,0.919283734507129,1.1563823125659167,-0.49872876583859893,-0.14125327883151229,-0.1781057493664113,0.7110064318490154,1.580191756725731,-0.1474557687191013
0.0,0.0,0.0,1.0,0.0,1.0,0.0,0.0,1.0,0.0,0.0,0.0,0.0,1.0,0.0,0.0,0.0,0.21477969008219988,-0.8628870927072111,-1.3419593581288536,2.20589095936059,-0.7760071513446427,-1.2945318476477874,0.9783090030287371,-0.14125327883151229,-0.1781057493664113,-1.3346104465204693,1.580191756725731,-0.1474557687191013
0.0,1.0,0.0,0.0,0.0,1.0,0.0,0.0,0.0,0.0,0.0,0.0,1.0,0.0,1.0,0.0,0.0,-1.362872776160014,0.4986789784165573,1.0553048503051996,-0.1245354886983552,-1.799112729686674,0.8500180425392037,-0.6475775332438344,-0.14125327883151229,-0.1781057493664113,-0.4579174986478331,-0.632834588424933,-0.1474557687191013
0.0,0.0,1.0,0.0,0.0,1.0,1.0,0.0,0.0,0.0,0.0,0.0,0.0,0.0,0.0,0.0,1.0,-0.2154891643474948,1.0281768949646894,-0.6570267271476955,-0.41583879470572344,-0.11041189586931155,0.6279039467698369,2.157649237085603,-0.14125327883151229,-0.1781057493664113,-0.16568651602362097,-0.632834588424933,-0.1474557687191013
0.0,1.0,0.0,0.0,0.0,1.0,1.0,0.0,0.0,0.0,0.0,0.0,0.0,0.0,0.0,1.0,0.0,0.9318944474650244,0.338989130568708,-1.1462643207056655,1.6232843473458538,0.8616207792060483,-0.2222569025542918,0.623361942293176,-0.14125327883151229,-0.1781057493664113,-0.4579174986478331,-0.632834588424933,-0.1474557687191013
1.0,0.0,0.0,0.0,0.0,1.0,0.0,0.0,0.0,0.0,0.0,1.0,0.0,0.0,0.0,0.0,1.0,-0.6457580187771894,-1.05619585589145,-0.2656366523013195,-0.6100409987106356,0.9258737865415383,-0.9345538303663996,-0.6475775332438344,-0.14125327883151229,-0.1781057493664113,1.2954683970974397,-0.632834588424933,-0.1474557687191013
0.0,0.0,1.0,0.0,0.0,1.0,0.0,0.0,0.0,0.0,0.0,1.0,0.0,0.0,0.0,0.0,1.0,-0.3589121158240597,1.2130809293148308,0.07682966318925954,0.4580711233163813,-0.3064659438929858,1.1257458855632454,1.1729573911740452,-0.14125327883151229,-0.1781057493664113,0.12654446660059115,-0.632834588424933,-0.1474557687191013
1.0,0.0,0.0,0.0,0.0,1.0,0.0,0.0,1.0,0.0,0.0,0.0,0.0,0.0,1.0,0.0,0.0,-1.5062957276365787,0.2633465710618318,0.6149910161030265,-0.8042432027155477,0.9258737865415383,0.5053582387591516,-0.6475775332438344,-0.14125327883151229,-0.1781057493664113,0.7110064318490154,1.580191756725731,-0.1474557687191013
0.0,1.0,0.0,0.0,0.0,1.0,0.0,1.0,0.0,0.0,0.0,0.0,0.0,1.0,0.0,0.0,0.0,0.07135673860563499,0.5827262667575306,0.17467718190085355,0.06966671530655688,-1.6640166629812851,0.6202448400191689,2.0774999007904755,-0.14125327883151229,-0.1781057493664113,-0.4579174986478331,-0.632834588424933,-0.1474557687191013
0.0,1.0,0.0,0.0,0.0,1.0,0.0,1.0,0.0,0.0,0.0,0.0,0.0,0.0,1.0,0.0,0.0,-1.5062957276365787,-0.8544823638731138,-0.36348417101291347,-0.9013443047180038,-0.5255851740370924,-0.8043490156050466,-0.6475775332438344,-0.14125327883151229,-0.1781057493664113,-1.0423794638962574,-0.632834588424933,-0.1474557687191013
0.0,1.0,0.0,0.0,0.0,1.0,0.0,1.0,0.0,0.0,0.0,0.0,0.0,0.0,1.0,0.0,0.0,-0.9326039217303193,-1.0393863982232554,1.8380849999979516,-0.7071421007130917,-2.029764550890997,-0.3218252903129736,-0.6475775332438344,-0.14125327883151229,-0.1781057493664113,-0.7501484812720451,-0.632834588424933,-0.1474557687191013
0.0,0.0,1.0,0.0,0.0,1.0,0.0,0.0,0.0,1.0,0.0,0.0,0.0,0.0,0.0,0.0,1.0,-0.7891809702537543,0.6163451820939199,1.4466949251515757,-1.095546508722916,-0.6161983895102191,1.0721321383085707,-0.6475775332438344,-0.14125327883151229,-0.1781057493664113,0.41877544922480325,1.580191756725731,-0.1474557687191013
0.0,0.0,1.0,0.0,0.0,1.0,0.0,0.0,0.0,1.0,0.0,0.0,0.0,0.0,1.0,0.0,0.0,-1.6497186791131437,0.7508208434394773,1.1042286096609966,-0.1245354886983552,-1.7529823654458094,1.0874503518099063,-0.6475775332438344,-0.14125327883151229,-0.1781057493664113,-0.16568651602362097,1.580191756725731,-0.1474557687191013
0.0,0.0,1.0,0.0,0.0,1.0,0.0,0.0,1.0,0.0,0.0,0.0,0.0,0.0,0.0,1.0,0.0,1.0753173989415892,1.0617958103010787,-0.5591792084361015,0.06966671530655688,0.9258737865415383,0.7044950142765151,-0.6017779125037619,-0.14125327883151229,-0.1781057493664113,-0.16568651602362097,1.580191756725731,-0.1474557687191013
0.0,0.0,1.0,0.0,0.0,1.0,0.0,0.0,0.0,0.0,1.0,0.0,0.0,1.0,0.0,0.0,0.0,0.21477969008219988,1.2298903869830253,0.8596098128820115,0.8464755313262055,-0.296580865841372,1.4321101555899585,0.4974129852579766,-0.14125327883151229,-0.1781057493664113,0.12654446660059115,-0.632834588424933,-0.1474557687191013
0.0,0.0,0.0,1.0,0.0,1.0,0.0,0.0,0.0,1.0,0.0,0.0,0.0,0.0,0.0,0.0,1.0,-0.2154891643474948,-1.207480974905202,-1.0484168019940716,-0.9013443047180038,-0.6063133114586053,-1.4094184489078048,-0.10943198954798321,-0.14125327883151229,-0.1781057493664113,-1.6268414291446816,1.580191756725731,-0.1474557687191013
1.0,0.0,0.0,0.0,0.0,1.0,0.0,0.0,1.0,0.0,0.0,0.0,0.0,1.0,0.0,0.0,0.0,0.21477969008219988,1.070200539135176,0.32144845996824456,-0.7071421007130917,0.919283734507129,1.102768565311242,0.6348118474781941,-0.14125327883151229,-0.1781057493664113,0.7110064318490154,1.580191756725731,-0.1474557687191013
1.0,0.0,0.0,0.0,0.0,1.0,0.0,0.0,1.0,0.0,0.0,0.0,0.0,0.0,0.0,1.0,0.0,0.9318944474650244,-0.8796965503754058,1.3488474064399816,-0.6100409987106356,-0.9951263814887493,-0.2988479700609701,-0.6475775332438344,-0.14125327883151229,8.795965369079227,1.2954683970974397,1.580191756725731,0.1722336069342896
1.0,0.0,0.0,0.0,0.0,1.0,1.0,0.0,0.0,0.0,0.0,0.0,0.0,0.0,1.0,0.0,0.0,-1.362872776160014,0.24653711339363718,-0.11886537423392847,-0.22163659070081138,0.9258737865415383,0.22197128898444207,-0.6475775332438344,-0.14125327883151229,-0.1781057493664113,0.7110064318490154,-0.632834588424933,-0.1474557687191013
1.0,0.0,0.0,0.0,0.0,1.0,1.0,0.0,0.0,0.0,0.0,0.0,0.0,0.0,1.0,0.0,0.0,-1.219449824683449,0.666773555098504,0.8596098128820115,-0.9984454067204599,0.9176362214985267,0.9419273235472178,-0.6475775332438344,-0.14125327883151229,-0.1781057493664113,0.7110064318490154,-0.632834588424933,-0.1474557687191013
0.0,0.0,0.0,1.0,0.0,1.0,0.0,0.0,0.0,1.0,0.0,0.0,0.0,0.0,0.0,0.0,1.0,-0.3589121158240597,-1.081410042393742,1.5445424438631696,-0.7071421007130917,-1.8666607630393686,-0.4213936780716553,-0.6475775332438344,1.3216575261703176,10.847181624723943,1.5876993797216516,1.580191756725731,1.706742610070566
0.0,0.0,1.0,0.0,0.0,1.0,1.0,0.0,0.0,0.0,0.0,0.0,0.0,1.0,0.0,0.0,0.0,0.21477969008219988,1.6249126421856002,-0.21671289294552248,0.6522733273212932,-1.2027130205726397,1.3402008745819447,2.214898763010693,-0.14125327883151229,-0.1781057493664113,0.12654446660059115,-0.632834588424933,-0.1474557687191013
1.0,0.0,0.0,0.0,0.0,1.0,0.0,0.0,0.0,0.0,0.0,0.0,1.0,1.0,0.0,0.0,0.0,0.6450485445118945,1.0533910814669816,-0.8527217645708836,-0.5129398967081796,0.25698350504900247,0.535994665761823,0.09666630378234282,-0.14125327883151229,-0.1781057493664113,0.7110064318490154,-0.632834588424933,-0.1474557687191013
0.0,0.0,1.0,0.0,0.0,1.0,0.0,0.0,0.0,0.0,0.0,0.0,1.0,0.0,0.0,1.0,0.0,0.9318944474650244,1.0029627084623973,0.5171434973914326,-0.22163659070081138,-0.5157000959854785,1.1180867788125775,-0.05218246362289261,-0.14125327883151229,-0.1781057493664113,-0.16568651602362097,-0.632834588424933,-0.1474557687191013
1.0,0.0,0.0,0.0,0.0,1.0,0.0,0.0,0.0,1.0,0.0,0.0,0.0,0.0,1.0,0.0,0.0,-1.219449824683449,0.3642033170709998,-0.06994161487813147,-1.095546508722916,0.9258737865415383,0.3368578902444594,-0.6475775332438344,-0.14125327883151229,-0.1781057493664113,0.7110064318490154,1.580191756725731,-0.1474557687191013
0.0,0.0,0.0,1.0,0.0,1.0,0.0,0.0,0.0,0.0,0.0,0.0,1.0,0.0,0.0,0.0,1.0,-0.07206621287092989,-1.2242904325733965,-0.6081029677918985,0.7493744293237493,0.7710075637329216,-1.217940780141109,-0.006382842882820132,-0.14125327883151229,7.513955209301278,-1.6268414291446816,-0.632834588424933,0.12656369612666235
0.0,1.0,0.0,0.0,0.0,1.0,0.0,0.0,0.0,1.0,0.0,0.0,0.0,1.0,0.0,0.0,0.0,0.3582026415587648,0.6415593685962119,-1.2930355987730566,-0.22163659070081138,0.919283734507129,-0.07673387429160315,0.14246592452241516,-0.14125327883151229,-0.1781057493664113,-0.7501484812720451,1.580191756725731,-0.1474557687191013
0.0,0.0,0.0,1.0,0.0,1.0,1.0,0.0,0.0,0.0,0.0,0.0,0.0,0.0,1.0,0.0,0.0,-0.9326039217303193,-1.7285741626192368,0.27252470061244755,-0.8042432027155477,-0.739761865155392,-1.3328273814011264,-0.6475775332438344,-0.14125327883151229,-0.1781057493664113,1.5876993797216516,-0.632834588424933,-0.1474557687191013
0.0,0.0,0.0,1.0,0.0,1.0,0.0,0.0,0.0,0.0,0.0,0.0,1.0,0.0,0.0,0.0,1.0,-0.2154891643474948,-1.2915282632461753,0.22360094125665056,-0.02743438669589927,-0.25045050160050747,-0.9728493641197388,-0.39567961917343597,-0.14125327883151229,8.026759273212457,-1.6268414291446816,-0.632834588424933,0.14483166044971327
0.0,0.0,0.0,1.0,0.0,1.0,0.0,1.0,0.0,0.0,0.0,0.0,0.0,0.0,0.0,0.0,1.0,-0.3589121158240597,-1.4596228399281221,1.4956186845073727,-0.7071421007130917,-2.2719489631555354,-0.7737125886023752,-0.6475775332438344,1.3216575261703176,10.077975528857175,1.5876993797216516,-0.632834588424933,1.6793406635859895
1.0,0.0,0.0,0.0,0.0,1.0,0.0,0.0,1.0,0.0,0.0,0.0,0.0,0.0,0.0,1.0,0.0,1.362163301894719,-0.8796965503754058,1.2999236470841846,-0.6100409987106356,-1.258728462865118,-0.3065070768116379,-0.6475775332438344,-0.14125327883151229,8.026759273212457,1.2954683970974397,1.580191756725731,0.14483166044971327
0.0,0.0,0.0,1.0,0.0,1.0,0.0,0.0,0.0,0.0,0.0,1.0,0.0,1.0,0.0,0.0,0.0,0.5016255930353297,-0.6443641430206805,-1.9779682297542145,1.9145876533532222,0.8270230060253999,-1.6315325446771716,1.4363052104294618,-0.14125327883151229,-0.1781057493664113,-1.3346104465204693,-0.632834588424933,-0.1474557687191013
0.0,0.0,0.0,1.0,0.0,1.0,0.0,0.0,0.0,1.0,0.0,0.0,0.0,1.0,0.0,0.0,0.0,0.3582026415587648,-0.6443641430206805,-1.9779682297542145,-0.5129398967081796,0.7990152848791607,-1.6315325446771716,0.4516133645179042,-0.14125327883151229,-0.1781057493664113,-1.6268414291446816,1.580191756725731,-0.1474557687191013
0.0,0.0,1.0,0.0,0.0,1.0,0.0,1.0,0.0,0.0,0.0,0.0,0.0,0.0,0.0,0.0,1.0,-0.3589121158240597,0.7676303011076719,-0.5102554490803045,-0.02743438669589927,0.7429998425866824,0.4823809185071481,1.379055684504371,-0.14125327883151229,-0.1781057493664113,-0.16568651602362097,-0.632834588424933,-0.1474557687191013
0.0,0.0,1.0,0.0,0.0,1.0,0.0,0.0,0.0,0.0,1.0,0.0,0.0,0.0,0.0,1.0,0.0,1.0753173989415892,0.6583688262644065,1.8870087593537486,-0.7071421007130917,0.5090529953651551,1.2253142733219273,-0.43002933472849025,-0.14125327883151229,-0.1781057493664113,-0.16568651602362097,-0.632834588424933,-0.1474557687191013
0.0,0.0,1.0,0.0,0.0,1.0,1.0,0.0,0.0,0.0,0.0,0.0,0.0,0.0,0.0,1.0,0.0,1.362163301894719,0.8432728606145482,-0.21671289294552248,0.36097002131392514,0.9258737865415383,0.6815176940245116,-0.6475775332438344,-0.14125327883151229,-0.1781057493664113,0.12654446660059115,-0.632834588424933,-0.1474557687191013
0.0,1.0,0.0,0.0,0.0,1.0,0.0,0.0,0.0,1.0,0.0,0.0,0.0,0.0,0.0,1.0,0.0,1.6490092048478489,0.40622696124148644,-0.2656366523013195,0.16676781730901283,0.5535358465974173,0.29090324974045245,-0.6475775332438344,-0.14125327883151229,-0.1781057493664113,-0.4579174986478331,1.580191756725731,-0.1474557687191013
0.0,1.0,0.0,0.0,0.0,1.0,0.0,0.0,0.0,0.0,0.0,1.0,0.0,0.0,0.0,0.0,1.0,-0.6457580187771894,0.1877040115549559,0.07682966318925954,0.263868919311469,0.9258737865415383,0.2449486092364455,-0.24683085176820052,-0.14125327883151229,-0.1781057493664113,-0.4579174986478331,-0.632834588424933,-0.1474557687191013
0.0,0.0,1.0,0.0,0.0,1.0,0.0,0.0,1.0,0.0,0.0,0.0,0.0,0.0,0.0,0.0,1.0,-0.3589121158240597,1.1710572851443442,0.5660672567472296,-0.6100409987106356,-0.07416660968006084,1.278928020576602,0.6691615630332481,-0.14125327883151229,-0.1781057493664113,0.12654446660059115,1.580191756725731,-0.1474557687191013
0.0,0.0,0.0,1.0,0.0,1.0,0.0,0.0,0.0,0.0,0.0,1.0,0.0,0.0,1.0,0.0,0.0,-1.5062957276365787,-0.9973627540527686,0.27252470061244755,-0.9984454067204599,-1.6195338117490228,-0.6971215210956969,-0.6475775332438344,-0.14125327883151229,-0.1781057493664113,-1.6268414291446816,-0.632834588424933,-0.1474557687191013
1.0,0.0,0.0,0.0,0.0,1.0,0.0,0.0,0.0,0.0,0.0,1.0,0.0,1.0,0.0,0.0,0.0,0.3582026415587648,0.16248982505266382,-1.0484168019940716,-0.1245354886983552,0.4365624229866537,-0.2988479700609701,1.4363052104294618,-0.14125327883151229,-0.1781057493664113,1.2954683970974397,-0.632834588424933,-0.1474557687191013
0.0,0.0,1.0,0.0,0.0,1.0,0.0,0.0,0.0,0.0,0.0,0.0,1.0,0.0,0.0,0.0,1.0,-0.6457580187771894,0.9441296066237161,0.7617622941704176,-1.095546508722916,0.924226273532936,1.148723205815249,-0.5330784813936532,-0.14125327883151229,-0.1781057493664113,0.41877544922480325,-0.632834588424933,-0.1474557687191013
0.0,1.0,0.0,0.0,0.0,1.0,0.0,0.0,0.0,1.0,0.0,0.0,0.0,0.0,0.0,0.0,1.0,-0.6457580187771894,-0.2661513454863003,0.027905903833462538,-0.9984454067204599,0.4431524750210629,-0.1609840485489492,-0.3613299036183816,-0.14125327883151229,-0.1781057493664113,-0.7501484812720451,1.580191756725731,-0.1474557687191013
1.0,0.0,0.0,0.0,0.0,1.0,0.0,0.0,0.0,0.0,1.0,0.0,0.0,0.0,0.0,1.0,0.0,1.6490092048478489,-0.4174364645000524,-0.06994161487813147,-0.9984454067204599,-1.1302224481941383,-0.32948439706364135,-0.6475775332438344,-0.14125327883151229,-0.1781057493664113,1.2954683970974397,-0.632834588424933,-0.1474557687191013
0.0,0.0,1.0,0.0,0.0,1.0,0.0,0.0,1.0,0.0,0.0,0.0,0.0,1.0,0.0,0.0,0.0,0.07135673860563499,1.7257693881947684,0.17467718190085355,0.16676781730901283,-1.0181915636091816,1.6082696108553185,0.8981596667336106,-0.14125327883151229,-0.1781057493664113,0.12654446660059115,1.580191756725731,-0.1474557687191013
0.0,0.0,0.0,1.0,0.0,1.0,0.0,0.0,1.0,0.0,0.0,0.0,0.0,1.0,0.0,0.0,0.0,0.3582026415587648,-0.7031972448593619,-1.2930355987730566,0.4580711233163813,0.8402031100942183,-1.141349712634431,0.5661124163680854,-0.14125327883151229,-0.1781057493664113,1.5876993797216516,1.580191756725731,-0.1474557687191013
0.0,0.0,0.0,1.0,0.0,1.0,0.0,0.0,0.0,0.0,1.0,0.0,0.0,0.0,0.0,1.0,0.0,1.2187403504181542,-2.073168044817227,-0.4613316897245075,0.06966671530655688,0.8484406751372299,-1.8689648539478743,-0.6475775332438344,-0.14125327883151229,-0.1781057493664113,-1.6268414291446816,-0.632834588424933,-0.1474557687191013
0.0,1.0,0.0,0.0,0.0,1.0,0.0,0.0,0.0,0.0,0.0,1.0,0.0,0.0,1.0,0.0,0.0,-1.5062957276365787,-1.0309816693891578,0.4192959786798386,-0.9013443047180038,0.9258737865415383,-0.6818033075943614,-0.6475775332438344,-0.14125327883151229,-0.1781057493664113,-1.0423794638962574,-0.632834588424933,-0.1474557687191013
1.0,0.0,0.0,0.0,0.0,1.0,0.0,1.0,0.0,0.0,0.0,0.0,0.0,0.0,1.0,0.0,0.0,-1.362872776160014,-0.7031972448593619,1.1042286096609966,-0.7071421007130917,0.7907777198361492,-0.19927958230228832,-0.6475775332438344,-0.14125327883151229,-0.1781057493664113,1.0032374144732275,-0.632834588424933,-0.1474557687191013
0.0,1.0,0.0,0.0,0.0,1.0,0.0,0.0,0.0,0.0,1.0,0.0,0.0,1.0,0.0,0.0,0.0,0.7884714959884594,-0.46786483750463637,0.27252470061244755,2.497194265367958,-1.4827902320350315,-0.24523422280629528,0.3600141230377593,-0.14125327883151229,-0.1781057493664113,-1.0423794638962574,-0.632834588424933,-0.1474557687191013
1.0,0.0,0.0,0.0,0.0,1.0,0.0,0.0,0.0,0.0,1.0,0.0,0.0,1.0,0.0,0.0,0.0,0.5016255930353297,0.8684870471168399,-1.1462643207056655,-0.3187376927032675,0.9258737865415383,0.2066530754831064,0.9439592874736829,-0.14125327883151229,-0.1781057493664113,0.7110064318490154,-0.632834588424933,-0.1474557687191013
1.0,0.0,0.0,0.0,0.0,1.0,0.0,0.0,1.0,0.0,0.0,0.0,0.0,0.0,0.0,0.0,1.0,-0.6457580187771894,-1.0309816693891578,0.9085335722378086,-0.8042432027155477,-0.2273853194800752,-0.5362802793316727,-0.6475775332438344,-0.14125327883151229,-0.1781057493664113,1.2954683970974397,1.580191756725731,-0.1474557687191013
1.0,0.0,0.0,0.0,0.0,1.0,0.0,0.0,1.0,0.0,0.0,0.0,0.0,0.0,0.0,1.0,0.0,1.0753173989415892,1.238295115817123,-0.5102554490803045,-0.6100409987106356,0.9258737865415383,0.8729953627912072,-0.5559782917636894,-0.14125327883151229,-0.1781057493664113,0.7110064318490154,1.580191756725731,-0.1474557687191013
1.0,0.0,0.0,0.0,1.0,0.0,0.0,0.0,0.0,0.0,0.0,0.0,1.0,0.0,1.0,0.0,0.0,-1.362872776160014,0.011204706038911709,0.9085335722378086,-0.5129398967081796,0.8797434223006737,0.3751534239977985,-0.6475775332438344,-0.14125327883151229,-0.1781057493664113,1.0032374144732275,-0.632834588424933,-0.1474557687191013
0.0,0.0,1.0,0.0,0.0,1.0,1.0,0.0,0.0,0.0,0.0,0.0,0.0,0.0,1.0,0.0,0.0,-1.362872776160014,0.8180586741122561,-0.4124079303687105,-0.3187376927032675,0.9258737865415383,0.574290199515162,-0.6475775332438344,-0.14125327883151229,-0.1781057493664113,0.41877544922480325,-0.632834588424933,-0.1474557687191013
1.0,0.0,0.0,0.0,0.0,1.0,0.0,0.0,0.0,0.0,1.0,0.0,0.0,0.0,0.0,0.0,1.0,-0.5023350673006246,-0.207318243647619,1.4956186845073727,-0.22163659070081138,-1.2340157677360835,0.34451699699512733,-0.6246777228737981,-0.14125327883151229,-0.1781057493664113,1.2954683970974397,-0.632834588424933,-0.1474557687191013
0.0,0.0,1.0,0.0,0.0,1.0,0.0,1.0,0.0,0.0,0.0,0.0,0.0,0.0,0.0,0.0,1.0,-0.6457580187771894,0.6499640974303094,1.9359325187095457,-1.192647610725372,-1.8765458410909823,1.232973380072595,-0.6246777228737981,1.6873852274207748,-0.1781057493664113,0.41877544922480325,-0.632834588424933,1.6793406635859895
0.0,0.0,1.0,0.0,0.0,1.0,0.0,0.0,1.0,0.0,0.0,0.0,0.0,0.0,1.0,0.0,0.0,-1.5062957276365787,1.0365816237987866,1.2999236470841846,-0.3187376927032675,0.3706619026425615,1.4014737285872874,-0.6475775332438344,-0.14125327883151229,-0.1781057493664113,0.12654446660059115,1.580191756725731,-0.1474557687191013
1.0,0.0,0.0,0.0,0.0,1.0,0.0,0.0,1.0,0.0,0.0,0.0,0.0,0.0,0.0,0.0,1.0,-0.2154891643474948,0.7676303011076719,-0.7548742458592895,-0.8042432027155477,0.746294868603887,0.3598352104964629,1.7454526504249503,-0.14125327883151229,-0.1781057493664113,0.7110064318490154,1.580191756725731,-0.1474557687191013
0.0,0.0,0.0,1.0,0.0,1.0,0.0,0.0,1.0,0.0,0.0,0.0,0.0,0.0,0.0,1.0,0.0,1.6490092048478489,-1.7705978067897234,-0.8527217645708836,0.4580711233163813,0.9258737865415383,-1.77705557293986,-0.6475775332438344,-0.14125327883151229,-0.1781057493664113,1.5876993797216516,1.580191756725731,-0.1474557687191013
1.0,0.0,0.0,0.0,0.0,1.0,1.0,0.0,0.0,0.0,0.0,0.0,0.0,0.0,1.0,0.0,0.0,-1.076026873206884,-0.5771263123479017,0.6149910161030265,-0.6100409987106356,0.9258737865415383,-0.22991600930495965,-0.6475775332438344,-0.14125327883151229,-0.1781057493664113,1.0032374144732275,-0.632834588424933,-0.1474557687191013
0.0,1.0,0.0,0.0,0.0,1.0,0.0,0.0,0.0,0.0,1.0,0.0,0.0,1.0,0.0,0.0,0.0,0.7884714959884594,0.6415593685962119,-1.3908831174846505,1.5261832453433977,0.0724620480855443,-0.14566583504761357,1.047008434138846,-0.14125327883151229,-0.1781057493664113,-0.7501484812720451,-0.632834588424933,-0.1474557687191013
1.0,0.0,0.0,0.0,0.0,1.0,0.0,0.0,0.0,1.0,0.0,0.0,0.0,1.0,0.0,0.0,0.0,0.07135673860563499,0.2717512998959292,-1.2441118394172594,1.1377788373335735,0.15154267249845493,-0.32948439706364135,1.791252271165023,-0.14125327883151229,-0.1781057493664113,1.2954683970974397,1.580191756725731,-0.1474557687191013
0.0,1.0,0.0,0.0,0.0,1.0,0.0,0.0,0.0,1.0,0.0,0.0,0.0,0.0,0.0,1.0,0.0,1.362163301894719,-0.29136553198859233,0.3703722193240416,-0.02743438669589927,0.6787468352511925,-0.06141566079026748,-0.6475775332438344,-0.14125327883151229,-0.1781057493664113,-0.7501484812720451,1.580191756725731,-0.1474557687191013
1.0,0.0,0.0,0.0,0.0,1.0,0.0,1.0,0.0,0.0,0.0,0.0,0.0,0.0,0.0,0.0,1.0,-0.6457580187771894,0.9105106912873266,0.6149910161030265,-1.2897487127278282,0.9258737865415383,1.0721321383085707,-0.6246777228737981,-0.14125327883151229,-0.1781057493664113,0.7110064318490154,-0.632834588424933,-0.1474557687191013
0.0,1.0,0.0,0.0,0.0,1.0,0.0,1.0,0.0,0.0,0.0,0.0,0.0,1.0,0.0,0.0,0.0,0.6450485445118945,0.9609390642919108,-0.9994930426382745,0.4580711233163813,0.7660650247071147,0.3751534239977985,0.6119120371081578,-0.14125327883151229,-0.1781057493664113,-0.4579174986478331,-0.632834588424933,-0.1474557687191013
1.0,0.0,0.0,0.0,0.0,1.0,0.0,0.0,1.0,0.0,0.0,0.0,0.0,0.0,1.0,0.0,0.0,-1.362872776160014,0.7256066569371853,0.9574573315936056,-0.7071421007130917,0.9258737865415383,1.018518391053896,-0.6475775332438344,-0.14125327883151229,-0.1781057493664113,0.7110064318490154,1.580191756725731,-0.1474557687191013
0.0,0.0,1.0,0.0,0.0,1.0,0.0,0.0,0.0,0.0,0.0,1.0,0.0,1.0,0.0,0.0,0.0,0.5016255930353297,0.7087971992689907,1.8870087593537486,-1.095546508722916,-1.8567756849877548,1.271268913825934,-0.40712952435845406,3.973183360236134,-0.1781057493664113,-0.16568651602362097,-0.632834588424933,3.9628362039673535
1.0,0.0,0.0,0.0,0.0,1.0,0.0,0.0,0.0,1.0,0.0,0.0,0.0,0.0,0.0,0.0,1.0,-0.5023350673006246,0.12887090971627443,0.6149910161030265,-0.7071421007130917,0.7545324336468985,0.38281253074846644,-0.15523161028805563,-0.14125327883151229,-0.1781057493664113,1.0032374144732275,1.580191756725731,-0.1474557687191013
0.0,0.0,0.0,1.0,0.0,1.0,0.0,0.0,0.0,0.0,0.0,1.0,0.0,0.0,0.0,1.0,0.0,0.9318944474650244,-2.06476331598313,-0.7548742458592895,0.6522733273212932,0.9258737865415383,-1.9838514552078916,-0.5903280073187437,-0.14125327883151229,2.1295125382338953,-1.6268414291446816,-0.632834588424933,-0.0652499292653722
0.0,1.0,0.0,0.0,0.0,1.0,0.0,0.0,0.0,0.0,0.0,0.0,1.0,1.0,0.0,0.0,0.0,0.5016255930353297,0.8348681317804507,-1.4398068768404475,1.1377788373335735,0.7215821734748524,-0.03077923378759619,2.913342979296798,-0.14125327883151229,-0.1781057493664113,-0.4579174986478331,-0.632834588424933,-0.1474557687191013
0.0,0.0,1.0,0.0,0.0,1.0,0.0,0.0,0.0,0.0,0.0,0.0,1.0,1.0,0.0,0.0,0.0,0.7884714959884594,1.5240558961764321,-0.11886537423392847,1.6232843473458538,0.8319655450512069,1.3019053408286054,1.4363052104294618,-0.14125327883151229,-0.1781057493664113,0.12654446660059115,-0.632834588424933,-0.1474557687191013
0.0,0.0,1.0,0.0,0.0,1.0,1.0,0.0,0.0,0.0,0.0,0.0,0.0,0.0,0.0,0.0,1.0,-0.7891809702537543,0.9861532507942028,1.2509998877283877,-0.6100409987106356,-0.019798680396184775,1.3478599813326124,-0.6475775332438344,-0.14125327883151229,-0.1781057493664113,0.12654446660059115,-0.632834588424933,-0.1474557687191013
0.0,0.0,0.0,1.0,0.0,1.0,0.0,1.0,0.0,0.0,0.0,0.0,0.0,0.0,0.0,1.0,0.0,1.5055862533712838,-1.5436701282690954,-0.6570267271476955,0.7493744293237493,0.9258737865415383,-1.5013277299158185,-0.6475775332438344,-0.14125327883151229,-0.1781057493664113,1.5876993797216516,-0.632834588424933,-0.1474557687191013
0.0,0.0,0.0,1.0,0.0,1.0,0.0,0.0,0.0,0.0,1.0,0.0,0.0,0.0,0.0,1.0,0.0,0.9318944474650244,-0.7704350755321404,-0.11886537423392847,2.20589095936059,-0.7150491700263575,-0.6358486670903543,-0.44147923991350835,-0.14125327883151229,-0.1781057493664113,-1.3346104465204693,-0.632834588424933,-0.1474557687191013
0.0,0.0,1.0,0.0,0.0,1.0,1.0,0.0,0.0,0.0,0.0,0.0,0.0,0.0,0.0,1.0,0.0,1.2187403504181542,1.4820322520059455,0.7128385348146206,1.0406777353311174,-0.21091018939405215,1.6006105041046506,-0.6017779125037619,-0.14125327883151229,-0.1781057493664113,0.12654446660059115,-0.632834588424933,-0.1474557687191013
1.0,0.0,0.0,0.0,0.0,1.0,0.0,1.0,0.0,0.0,0.0,0.0,0.0,0.0,1.0,0.0,0.0,-0.9326039217303193,-0.30817498965678697,0.32144845996824456,-0.9013443047180038,0.3640718506081523,-0.09205208779293877,-0.6475775332438344,-0.14125327883151229,-0.1781057493664113,1.0032374144732275,-0.632834588424933,-0.1474557687191013
0.0,1.0,0.0,0.0,0.0,1.0,0.0,0.0,0.0,1.0,0.0,0.0,0.0,0.0,1.0,0.0,0.0,-1.076026873206884,-0.5939357700160964,1.2509998877283877,-0.02743438669589927,-0.8023673594822796,-0.06907476754093532,-0.6475775332438344,-0.14125327883151229,-0.1781057493664113,-0.7501484812720451,1.580191756725731,-0.1474557687191013
0.0,0.0,0.0,1.0,0.0,1.0,0.0,0.0,0.0,0.0,1.0,0.0,0.0,0.0,0.0,0.0,1.0,-0.5023350673006246,-1.9723112988080598,-0.21671289294552248,-0.6100409987106356,-0.009913602344570945,-1.700464505433182,-0.6361276280588162,-0.14125327883151229,-0.1781057493664113,1.5876993797216516,-0.632834588424933,-0.1474557687191013
0.0,0.0,0.0,1.0,0.0,1.0,0.0,0.0,0.0,1.0,0.0,0.0,0.0,0.0,0.0,0.0,1.0,-0.2154891643474948,-1.81262145096021,-1.3419593581288536,-0.22163659070081138,0.9209312475157313,-2.06044252271457,0.01651696748721598,-0.14125327883151229,-0.1781057493664113,1.5876993797216516,1.580191756725731,-0.1474557687191013
0.0,0.0,1.0,0.0,0.0,1.0,0.0,1.0,0.0,0.0,0.0,0.0,0.0,0.0,0.0,1.0,0.0,1.362163301894719,0.8684870471168399,1.9359325187095457,-1.2897487127278282,-0.659033727733879,1.4321101555899585,-0.6475775332438344,0.7730659742946313,-0.1781057493664113,0.12654446660059115,-0.632834588424933,0.7659424474334442
0.0,1.0,0.0,0.0,0.0,1.0,0.0,0.0,0.0,0.0,1.0,0.0,0.0,0.0,0.0,1.0,0.0,1.362163301894719,0.028014163707106472,-2.1247395078216056,0.9435766333286616,0.9258737865415383,-1.3021909543984551,-0.6475775332438344,-0.14125327883151229,-0.1781057493664113,-0.7501484812720451,-0.632834588424933,-0.1474557687191013
0.0,0.0,1.0,0.0,0.0,1.0,0.0,1.0,0.0,0.0,0.0,0.0,0.0,0.0,0.0,1.0,0.0,1.0753173989415892,1.490436980840043,-0.16778913358972547,0.16676781730901283,-0.44156201059837485,1.2559507003245984,-0.5788781021337256,-0.14125327883151229,-0.1781057493664113,0.41877544922480325,-0.632834588424933,-0.1474557687191013
0.0,1.0,0.0,0.0,0.0,1.0,0.0,0.0,0.0,0.0,1.0,0.0,0.0,0.0,1.0,0.0,0.0,-1.362872776160014,-0.014009480463380209,1.2020761283725907,-0.1245354886983552,-1.761219930488821,0.43642627800314115,-0.6475775332438344,-0.14125327883151229,-0.1781057493664113,-1.0423794638962574,-0.632834588424933,-0.1474557687191013
0.0,0.0,1.0,0.0,0.0,1.0,0.0,0.0,0.0,0.0,1.0,0.0,0.0,0.0,1.0,0.0,0.0,-1.362872776160014,0.9777485219601053,1.8380849999979516,-0.7071421007130917,-1.8139403467640949,1.5087012230966368,-0.6475775332438344,5.801821866488422,-0.1781057493664113,0.41877544922480325,-0.632834588424933,5.789632636272445
0.0,0.0,1.0,0.0,0.0,1.0,0.0,0.0,0.0,0.0,0.0,1.0,0.0,0.0,1.0,0.0,0.0,-1.5062957276365787,1.2551045734853175,0.12575342254505653,2.108789857358134,0.7446473555952847,1.1793596328179201,-0.6475775332438344,-0.14125327883151229,-0.1781057493664113,0.41877544922480325,-0.632834588424933,-0.1474557687191013
0.0,1.0,0.0,0.0,0.0,1.0,0.0,0.0,0.0,0.0,0.0,0.0,1.0,0.0,0.0,0.0,1.0,-0.7891809702537543,-0.6107452276842911,-0.16778913358972547,-1.3868498147302841,0.9258737865415383,-0.520962065830337,-0.6475775332438344,-0.14125327883151229,-0.1781057493664113,-0.7501484812720451,-0.632834588424933,-0.1474557687191013
1.0,0.0,0.0,0.0,0.0,1.0,0.0,0.0,1.0,0.0,0.0,0.0,0.0,0.0,0.0,0.0,1.0,-0.2154891643474948,0.9525343354578133,0.32144845996824456,-0.1245354886983552,0.8797434223006737,0.9955410708018925,0.9783090030287371,-0.14125327883151229,-0.1781057493664113,0.7110064318490154,1.580191756725731,-0.1474557687191013
0.0,0.0,1.0,0.0,0.0,1.0,0.0,0.0,0.0,1.0,0.0,0.0,0.0,0.0,1.0,0.0,0.0,-0.9326039217303193,1.145843098642052,0.8106860535262146,-1.3868498147302841,0.7133446084318409,1.3402008745819447,-0.6475775332438344,-0.14125327883151229,-0.1781057493664113,0.12654446660059115,1.580191756725731,-0.1474557687191013
1.0,0.0,0.0,0.0,0.0,1.0,0.0,0.0,0.0,1.0,0.0,0.0,0.0,0.0,1.0,0.0,0.0,-1.362872776160014,0.42303641890968136,-0.06994161487813147,-1.3868498147302841,0.9258737865415383,0.3904716374991342,-0.6475775332438344,-0.14125327883151229,-0.1781057493664113,0.7110064318490154,1.580191756725731,-0.1474557687191013
0.0,0.0,0.0,1.0,0.0,1.0,1.0,0.0,0.0,0.0,0.0,0.0,0.0,0.0,0.0,1.0,0.0,0.9318944474650244,-1.358766093918954,-1.2441118394172594,-0.5129398967081796,0.9258737865415383,-1.6391916514278395,-0.6475775332438344,-0.14125327883151229,-0.1781057493664113,1.5876993797216516,-0.632834588424933,-0.1474557687191013
0.0,1.0,0.0,0.0,0.0,1.0,0.0,0.0,1.0,0.0,0.0,0.0,0.0,0.0,0.0,1.0,0.0,1.362163301894719,-0.6779830583570697,0.7128385348146206,0.4580711233163813,-0.4366194715725679,-0.29118886331030225,-0.6475775332438344,-0.14125327883151229,-0.1781057493664113,-1.0423794638962574,1.580191756725731,-0.1474557687191013
0.0,1.0,0.0,0.0,0.0,1.0,0.0,0.0,0.0,0.0,1.0,0.0,0.0,0.0,1.0,0.0,0.0,-1.6497186791131437,-0.6611736006888751,1.2020761283725907,-0.22163659070081138,-1.161525195357582,-0.13800672829694574,-0.6475775332438344,0.31590634773155957,-0.1781057493664113,-1.0423794638962574,-0.632834588424933,0.30924333935717147
0.0,0.0,0.0,1.0,1.0,0.0,0.0,0.0,0.0,1.0,0.0,0.0,0.0,1.0,0.0,0.0,0.0,0.7884714959884594,-0.9553391098822819,-1.3908831174846505,1.1377788373335735,0.9258737865415383,-1.4017593421571368,-0.39567961917343597,-0.14125327883151229,-0.1781057493664113,1.5876993797216516,1.580191756725731,-0.1474557687191013
0.0,1.0,0.0,0.0,0.0,1.0,0.0,0.0,1.0,0.0,0.0,0.0,0.0,0.0,1.0,0.0,0.0,-0.9326039217303193,-0.9637438387163793,0.17467718190085355,3.0798008773826955,-0.10876438286070923,-0.7047806278463649,-0.6475775332438344,-0.14125327883151229,-0.1781057493664113,-0.7501484812720451,1.580191756725731,-0.1474557687191013
0.0,0.0,1.0,0.0,0.0,1.0,0.0,1.0,0.0,0.0,0.0,0.0,0.0,0.0,1.0,0.0,0.0,-1.362872776160014,0.5911309955916281,-0.4613316897245075,-0.9013443047180038,0.8896285003522876,0.3598352104964629,-0.6475775332438344,-0.14125327883151229,-0.1781057493664113,-0.16568651602362097,-0.632834588424933,-0.1474557687191013
1.0,0.0,0.0,0.0,0.0,1.0,0.0,0.0,0.0,0.0,1.0,0.0,0.0,0.0,0.0,1.0,0.0,1.5055862533712838,0.8180586741122561,0.5660672567472296,-0.7071421007130917,0.9258737865415383,0.972563750549889,-0.6475775332438344,-0.14125327883151229,-0.1781057493664113,0.7110064318490154,-0.632834588424933,-0.1474557687191013
1.0,0.0,0.0,0.0,0.0,1.0,0.0,0.0,1.0,0.0,0.0,0.0,0.0,0.0,0.0,1.0,0.0,0.9318944474650244,-0.5014837528410258,-0.9016455239266805,-1.095546508722916,0.9176362214985267,-0.7583943751010396,-0.6361276280588162,-0.14125327883151229,-0.1781057493664113,1.2954683970974397,1.580191756725731,-0.1474557687191013
1.0,0.0,0.0,0.0,0.0,1.0,0.0,0.0,0.0,0.0,1.0,0.0,0.0,0.0,0.0,1.0,0.0,1.5055862533712838,-0.3670080914954684,-0.2656366523013195,-1.2897487127278282,-1.1104522920909106,-0.35246171731564485,-0.6475775332438344,-0.14125327883151229,-0.1781057493664113,1.2954683970974397,-0.632834588424933,-0.1474557687191013
0.0,0.0,0.0,1.0,0.0,1.0,0.0,0.0,0.0,0.0,0.0,0.0,1.0,0.0,1.0,0.0,0.0,-1.362872776160014,-1.753788349121529,0.46821973803563555,-0.8042432027155477,0.3360641294619131,-1.2945318476477874,-0.6475775332438344,-0.14125327883151229,4.949934889745381,1.5876993797216516,-0.632834588424933,0.03522387451140782
0.0,1.0,0.0,0.0,0.0,1.0,1.0,0.0,0.0,0.0,0.0,0.0,0.0,1.0,0.0,0.0,0.0,0.6450485445118945,0.465060063080168,-1.3908831174846505,3.274003081387607,0.746294868603887,-0.2835297565596344,2.2034488578256752,-0.14125327883151229,-0.1781057493664113,-0.4579174986478331,-0.632834588424933,-0.1474557687191013
0.0,1.0,0.0,0.0,0.0,1.0,0.0,0.0,0.0,1.0,0.0,0.0,0.0,0.0,0.0,0.0,1.0,-0.3589121158240597,0.5407026225870439,-0.7548742458592895,-0.22163659070081138,0.18119790665329644,-0.32948439706364135,0.5203127956280129,-0.14125327883151229,-0.1781057493664113,-0.4579174986478331,1.580191756725731,-0.1474557687191013
0.0,1.0,0.0,0.0,0.0,1.0,0.0,0.0,0.0,0.0,0.0,0.0,1.0,0.0,0.0,1.0,0.0,1.6490092048478489,0.28015602873002643,1.0553048503051996,-0.22163659070081138,-1.3114488791403918,0.6585403737725081,-0.6475775332438344,-0.14125327883151229,-0.1781057493664113,-0.4579174986478331,-0.632834588424933,-0.1474557687191013
0.0,0.0,1.0,0.0,0.0,1.0,0.0,1.0,0.0,0.0,0.0,0.0,0.0,0.0,0.0,0.0,1.0,-0.6457580187771894,0.6331546397621147,0.8596098128820115,-1.192647610725372,-1.07420700590166,0.9112908965445463,-0.30408037769329105,-0.14125327883151229,-0.1781057493664113,-0.16568651602362097,-0.632834588424933,-0.1474557687191013
0.0,0.0,1.0,0.0,0.0,1.0,0.0,1.0,0.0,0.0,0.0,0.0,0.0,0.0,0.0,0.0,1.0,-0.2154891643474948,1.4063896924990695,-0.21671289294552248,0.06966671530655688,0.49257786527913205,1.1563823125659167,2.031700280050403,-0.14125327883151229,-0.1781057493664113,0.12654446660059115,-0.632834588424933,-0.1474557687191013
1.0,0.0,0.0,0.0,0.0,1.0,0.0,0.0,0.0,0.0,0.0,0.0,1.0,0.0,0.0,1.0,0.0,1.0753173989415892,-0.6695783295229725,-0.4124079303687105,-0.9984454067204599,0.9258737865415383,-0.6664850940930258,-0.6475775332438344,-0.14125327883151229,-0.1781057493664113,1.2954683970974397,-0.632834588424933,-0.1474557687191013
1.0,0.0,0.0,0.0,0.0,1.0,1.0,0.0,0.0,0.0,0.0,0.0,0.0,1.0,0.0,0.0,0.0,0.07135673860563499,0.07003780787759316,-0.4124079303687105,2.302992061363046,0.8665633182318553,-0.053756554039599655,1.8027021763500413,-0.14125327883151229,-0.1781057493664113,1.2954683970974397,-0.632834588424933,-0.1474557687191013
1.0,0.0,0.0,0.0,0.0,1.0,1.0,0.0,0.0,0.0,0.0,0.0,0.0,0.0,1.0,0.0,0.0,-1.219449824683449,0.6751782839326015,0.8106860535262146,0.06966671530655688,0.18614044567910334,0.926609110045882,-0.6475775332438344,-0.14125327883151229,-0.1781057493664113,0.7110064318490154,-0.632834588424933,-0.1474557687191013
0.0,1.0,0.0,0.0,0.0,1.0,0.0,0.0,0.0,0.0,1.0,0.0,0.0,0.0,0.0,1.0,0.0,1.2187403504181542,0.04482362137530108,1.1531523690167935,0.36097002131392514,-1.512445466189873,0.47472181175648026,-0.6246777228737981,-0.14125327883151229,-0.1781057493664113,-0.4579174986478331,-0.632834588424933,-0.1474557687191013
0.0,0.0,0.0,1.0,0.0,1.0,0.0,0.0,0.0,0.0,1.0,0.0,0.0,1.0,0.0,0.0,0.0,0.6450485445118945,-0.7956492620344325,-0.8037980052150865,0.6522733273212932,-0.9143982440672364,-0.9498720438677353,-0.3155302828783092,-0.14125327883151229,-0.1781057493664113,-1.6268414291446816,-0.632834588424933,-0.1474557687191013
1.0,0.0,0.0,0.0,0.0,1.0,0.0,0.0,0.0,0.0,0.0,1.0,0.0,0.0,1.0,0.0,0.0,-1.362872776160014,-0.8796965503754058,-0.6081029677918985,-0.22163659070081138,0.6144938279157026,-0.9268947236157318,-0.6475775332438344,-0.14125327883151229,-0.1781057493664113,1.2954683970974397,-0.632834588424933,-0.1474557687191013
1.0,0.0,0.0,0.0,0.0,1.0,0.0,0.0,0.0,0.0,0.0,1.0,0.0,0.0,1.0,0.0,0.0,-1.219449824683449,0.6331546397621147,1.8870087593537486,-1.4839509167327403,-1.5453957263619191,1.2099960598205917,-0.6475775332438344,-0.14125327883151229,-0.1781057493664113,0.7110064318490154,-0.632834588424933,-0.1474557687191013
0.0,0.0,0.0,1.0,0.0,1.0,0.0,0.0,1.0,0.0,0.0,0.0,0.0,0.0,0.0,0.0,1.0,-0.07206621287092989,-1.5016464840986088,0.5660672567472296,-0.7071421007130917,-0.3196460479618043,-1.049440431626417,-0.40712952435845406,-0.14125327883151229,1.3603064423671265,-1.6268414291446816,1.580191756725731,-0.09265187574994856
0.0,0.0,1.0,0.0,0.0,1.0,0.0,0.0,0.0,0.0,1.0,0.0,0.0,0.0,0.0,0.0,1.0,-0.2154891643474948,0.7508208434394773,0.5171434973914326,0.263868919311469,-1.5651658824651469,0.8959726830432108,1.68820312449986,-0.14125327883151229,-0.1781057493664113,-0.16568651602362097,-0.632834588424933,-0.1474557687191013
0.0,0.0,1.0,0.0,0.0,1.0,0.0,0.0,1.0,0.0,0.0,0.0,0.0,0.0,0.0,0.0,1.0,-0.3589121158240597,0.9441296066237161,-1.0484168019940716,-0.6100409987106356,0.8253754930167977,0.32919878349379156,0.8523600459935381,-0.14125327883151229,-0.1781057493664113,-0.16568651602362097,1.580191756725731,-0.1474557687191013
1.0,0.0,0.0,0.0,0.0,1.0,1.0,0.0,0.0,0.0,0.0,0.0,0.0,0.0,0.0,1.0,0.0,0.9318944474650244,0.9525343354578133,-1.1951880800614625,0.6522733273212932,0.9258737865415383,0.2449486092364455,0.3142145022976868,-0.14125327883151229,-0.1781057493664113,0.7110064318490154,-0.632834588424933,-0.1474557687191013
0.0,0.0,1.0,0.0,0.0,1.0,1.0,0.0,0.0,0.0,0.0,0.0,0.0,0.0,1.0,0.0,0.0,-1.362872776160014,0.5659168090893361,1.0553048503051996,-0.22163659070081138,-1.7595724174802188,0.9112908965445463,-0.6475775332438344,-0.14125327883151229,-0.1781057493664113,-0.16568651602362097,-0.632834588424933,-0.1474557687191013
0.0,0.0,1.0,0.0,0.0,1.0,1.0,0.0,0.0,0.0,0.0,0.0,0.0,1.0,0.0,0.0,0.0,0.5016255930353297,1.767793032365255,-0.6570267271476955,0.6522733273212932,-0.5404127911145131,1.232973380072595,2.6499951600413807,-0.14125327883151229,-0.1781057493664113,0.12654446660059115,-0.632834588424933,-0.1474557687191013
0.0,0.0,1.0,0.0,0.0,1.0,1.0,0.0,0.0,0.0,0.0,0.0,0.0,0.0,0.0,1.0,0.0,1.0753173989415892,1.1542478274761496,-1.1462643207056655,0.16676781730901283,0.9258737865415383,0.43642627800314115,-0.02928265325285637,-0.14125327883151229,-0.1781057493664113,-0.16568651602362097,-0.632834588424933,-0.1474557687191013
0.0,0.0,0.0,1.0,0.0,1.0,0.0,0.0,0.0,0.0,0.0,0.0,1.0,0.0,0.0,1.0,0.0,1.6490092048478489,-0.8712918215413086,0.7617622941704176,-0.9013443047180038,-1.8897259451598007,-0.4367118915729909,-0.6475775332438344,-0.14125327883151229,-0.1781057493664113,-1.6268414291446816,-0.632834588424933,-0.1474557687191013
0.0,0.0,0.0,1.0,0.0,1.0,0.0,0.0,0.0,0.0,0.0,1.0,0.0,0.0,0.0,0.0,1.0,-0.2154891643474948,-0.8208634485367244,-0.5591792084361015,-0.9984454067204599,-1.021486589626386,-0.8579627628597214,-0.39567961917343597,-0.14125327883151229,-0.1781057493664113,-1.3346104465204693,-0.632834588424933,-0.1474557687191013
0.0,0.0,1.0,0.0,0.0,1.0,0.0,0.0,1.0,0.0,0.0,0.0,0.0,0.0,0.0,1.0,0.0,1.2187403504181542,1.4400086078354588,0.3703722193240416,1.0406777353311174,0.9258737865415383,1.4397692623406264,-0.6246777228737981,-0.14125327883151229,-0.1781057493664113,0.41877544922480325,1.580191756725731,-0.1474557687191013
1.0,0.0,0.0,0.0,0.0,1.0,0.0,0.0,0.0,1.0,0.0,0.0,0.0,1.0,0.0,0.0,0.0,0.07135673860563499,1.2130809293148308,-0.7548742458592895,-0.3187376927032675,0.8583257531888437,0.7198132277778507,2.5011463926361457,-0.14125327883151229,-0.1781057493664113,0.7110064318490154,1.580191756725731,-0.1474557687191013
0.0,0.0,0.0,1.0,0.0,1.0,0.0,0.0,1.0,0.0,0.0,0.0,0.0,0.0,0.0,0.0,1.0,-0.7891809702537543,-1.6361221454441663,0.027905903833462538,-1.095546508722916,-0.9078081920328271,-1.3328273814011264,-0.6475775332438344,-0.14125327883151229,-0.1781057493664113,-1.6268414291446816,1.580191756725731,-0.1474557687191013
0.0,0.0,0.0,1.0,0.0,1.0,0.0,0.0,1.0,0.0,0.0,0.0,0.0,0.0,1.0,0.0,0.0,-1.076026873206884,-0.9385296522140871,0.7617622941704176,-0.5129398967081796,-1.522330544241487,-0.49798474557833355,-0.6475775332438344,-0.14125327883151229,-0.1781057493664113,-1.3346104465204693,1.580191756725731,-0.1474557687191013
0.0,0.0,0.0,1.0,0.0,1.0,0.0,0.0,0.0,0.0,0.0,0.0,1.0,1.0,0.0,0.0,0.0,0.5016255930353297,-0.6947925160252644,1.3977711657957785,1.1377788373335735,-1.8551281719791524,-0.11502940804494227,-0.5559782917636894,3.973183360236134,-0.1781057493664113,-1.3346104465204693,-0.632834588424933,3.9628362039673535
0.0,1.0,0.0,0.0,0.0,1.0,1.0,0.0,0.0,0.0,0.0,0.0,0.0,1.0,0.0,0.0,0.0,0.21477969008219988,0.666773555098504,-1.0973405613498686,-0.7071421007130917,-0.45144708864998867,0.07644826072175336,2.7759441170765804,-0.14125327883151229,-0.1781057493664113,-0.7501484812720451,-0.632834588424933,-0.1474557687191013
0.0,0.0,1.0,0.0,0.0,1.0,0.0,0.0,0.0,1.0,0.0,0.0,0.0,0.0,0.0,0.0,1.0,-0.5023350673006246,0.691987741600796,0.9574573315936056,-0.9984454067204599,-1.7908751646436625,0.9955410708018925,-0.06363236880791073,-0.14125327883151229,-0.1781057493664113,-0.16568651602362097,1.580191756725731,-0.1474557687191013
0.0,0.0,0.0,1.0,0.0,1.0,0.0,1.0,0.0,0.0,0.0,0.0,0.0,0.0,0.0,1.0,0.0,1.0753173989415892,-1.3419566362507593,-1.2930355987730566,1.429082143340942,0.9258737865415383,-1.6545098649291752,-0.6475775332438344,-0.14125327883151229,-0.1781057493664113,1.5876993797216516,-0.632834588424933,-0.1474557687191013
0.0,1.0,0.0,0.0,0.0,1.0,1.0,0.0,0.0,0.0,0.0,0.0,0.0,0.0,0.0,1.0,0.0,1.2187403504181542,0.2633465710618318,-1.7822731923310267,-0.8042432027155477,0.9258737865415383,-0.7507352683503716,-0.6475775332438344,-0.14125327883151229,-0.1781057493664113,-0.7501484812720451,-0.632834588424933,-0.1474557687191013
0.0,0.0,0.0,1.0,0.0,1.0,1.0,0.0,0.0,0.0,0.0,0.0,0.0,0.0,0.0,0.0,1.0,-0.2154891643474948,-1.5436701282690954,-0.7059504865034925,1.0406777353311174,0.12847749037802267,-1.5243050501678221,0.07376649341230658,-0.14125327883151229,-0.1781057493664113,1.5876993797216516,-0.632834588424933,-0.1474557687191013
0.0,0.0,1.0,0.0,0.0,1.0,0.0,0.0,0.0,0.0,0.0,0.0,1.0,0.0,0.0,0.0,1.0,-0.3589121158240597,0.5827262667575306,1.8380849999979516,-0.1245354886983552,-1.89631599719421,1.148723205815249,-0.20103123102812803,-0.14125327883151229,-0.1781057493664113,-0.16568651602362097,-0.632834588424933,-0.1474557687191013
1.0,0.0,0.0,0.0,0.0,1.0,0.0,1.0,0.0,0.0,0.0,0.0,0.0,0.0,0.0,0.0,1.0,-0.7891809702537543,0.4734647919142652,0.27252470061244755,-0.8042432027155477,0.9258737865415383,0.5666310927644941,-0.6475775332438344,-0.14125327883151229,-0.1781057493664113,0.7110064318490154,-0.632834588424933,-0.1474557687191013
0.0,0.0,1.0,0.0,0.0,1.0,0.0,1.0,0.0,0.0,0.0,0.0,0.0,0.0,1.0,0.0,0.0,-1.5062957276365787,0.7928444876099641,1.0553048503051996,-0.6100409987106356,-1.3493416783382448,1.11042767206191,-0.6475775332438344,-0.14125327883151229,-0.1781057493664113,-0.16568651602362097,-0.632834588424933,-0.1474557687191013
0.0,0.0,1.0,0.0,0.0,1.0,0.0,0.0,0.0,1.0,0.0,0.0,0.0,0.0,0.0,0.0,1.0,-0.2154891643474948,1.1122241833056628,-0.2656366523013195,-0.1245354886983552,0.9258737865415383,0.8883135762925428,1.8599517022751317,-0.14125327883151229,-0.1781057493664113,0.41877544922480325,1.580191756725731,-0.1474557687191013
0.0,0.0,1.0,0.0,0.0,1.0,0.0,0.0,0.0,0.0,0.0,1.0,0.0,1.0,0.0,0.0,0.0,0.21477969008219988,1.9611017955494936,-0.8527217645708836,-0.41583879470572344,0.35748179857374307,1.278928020576602,2.627095349671345,-0.14125327883151229,-0.1781057493664113,0.12654446660059115,-0.632834588424933,-0.1474557687191013
0.0,0.0,0.0,1.0,0.0,1.0,0.0,0.0,0.0,0.0,1.0,0.0,0.0,1.0,0.0,0.0,0.0,0.07135673860563499,-0.6947925160252644,-0.5591792084361015,0.8464755313262055,-0.10711686985210693,-0.7507352683503716,1.3218061585792804,-0.14125327883151229,-0.1781057493664113,-1.3346104465204693,-0.632834588424933,-0.1474557687191013
0.0,0.0,0.0,1.0,0.0,1.0,0.0,1.0,0.0,0.0,0.0,0.0,0.0,0.0,0.0,1.0,0.0,1.6490092048478489,-1.8882640104670863,-0.8527217645708836,-0.1245354886983552,0.9258737865415383,-1.876623960698542,-0.6475775332438344,-0.14125327883151229,-0.1781057493664113,-1.6268414291446816,-0.632834588424933,-0.1474557687191013
1.0,0.0,0.0,0.0,0.0,1.0,0.0,0.0,1.0,0.0,0.0,0.0,0.0,0.0,1.0,0.0,0.0,-0.9326039217303193,0.6751782839326015,1.1531523690167935,-0.9013443047180038,0.9258737865415383,1.0338366045552316,-0.6475775332438344,-0.14125327883151229,-0.1781057493664113,0.7110064318490154,1.580191756725731,-0.1474557687191013
0.0,0.0,1.0,0.0,0.0,1.0,1.0,0.0,0.0,0.0,0.0,0.0,0.0,0.0,0.0,0.0,1.0,-0.7891809702537543,0.48186952074836265,0.9574573315936056,0.263868919311469,-0.29493335283276967,0.8040634020351969,-0.6361276280588162,-0.14125327883151229,-0.1781057493664113,-0.16568651602362097,-0.632834588424933,-0.1474557687191013
0.0,0.0,1.0,0.0,0.0,1.0,0.0,0.0,0.0,0.0,1.0,0.0,0.0,0.0,0.0,1.0,0.0,1.2187403504181542,0.8012492164440614,0.7617622941704176,-0.5129398967081796,0.25698350504900247,1.0261774978045637,-0.6361276280588162,-0.14125327883151229,-0.1781057493664113,-0.16568651602362097,-0.632834588424933,-0.1474557687191013
0.0,1.0,0.0,0.0,0.0,1.0,1.0,0.0,0.0,0.0,0.0,0.0,0.0,0.0,1.0,0.0,0.0,-1.5062957276365787,0.3221796729005131,0.12575342254505653,-0.7071421007130917,-0.9786512514027262,0.38281253074846644,-0.6475775332438344,-0.14125327883151229,-0.1781057493664113,-0.4579174986478331,-0.632834588424933,-0.1474557687191013
0.0,0.0,1.0,0.0,1.0,0.0,0.0,0.0,0.0,0.0,0.0,0.0,1.0,1.0,0.0,0.0,0.0,0.5016255930353297,2.045149083890467,-0.9994930426382745,-0.3187376927032675,0.9258737865415383,1.2482915935739307,1.3218061585792804,-0.14125327883151229,-0.1781057493664113,0.41877544922480325,-0.632834588424933,-0.1474557687191013
1.0,0.0,0.0,0.0,0.0,1.0,0.0,0.0,0.0,0.0,1.0,0.0,0.0,0.0,0.0,1.0,0.0,1.0753173989415892,0.28015602873002643,-0.5591792084361015,-0.7071421007130917,0.42173480590923296,0.05347094046974989,-0.6475775332438344,-0.14125327883151229,-0.1781057493664113,1.0032374144732275,-0.632834588424933,-0.1474557687191013
0.0,0.0,1.0,0.0,0.0,1.0,1.0,0.0,0.0,0.0,0.0,0.0,0.0,1.0,0.0,0.0,0.0,0.07135673860563499,0.9525343354578133,-0.4124079303687105,-0.1245354886983552,0.9258737865415383,0.6815176940245116,2.8675433585567256,-0.14125327883151229,-0.1781057493664113,-0.16568651602362097,-0.632834588424933,-0.1474557687191013
0.0,0.0,1.0,0.0,0.0,1.0,0.0,1.0,0.0,0.0,0.0,0.0,0.0,1.0,0.0,0.0,0.0,0.21477969008219988,1.5240558961764321,-1.0973405613498686,0.263868919311469,-0.685393935871516,0.7657678682818577,2.6843448755964356,-0.14125327883151229,-0.1781057493664113,-0.16568651602362097,-0.632834588424933,-0.1474557687191013
0.0,0.0,1.0,0.0,0.0,1.0,0.0,0.0,0.0,0.0,0.0,1.0,0.0,0.0,0.0,0.0,1.0,-0.7891809702537543,1.1878667428125387,0.6149910161030265,-0.9013443047180038,0.7940727458533539,1.3095644475792731,-0.6246777228737981,-0.14125327883151229,-0.1781057493664113,0.12654446660059115,-0.632834588424933,-0.1474557687191013
0.0,0.0,1.0,0.0,0.0,1.0,0.0,0.0,0.0,1.0,0.0,0.0,0.0,0.0,0.0,1.0,0.0,1.5055862533712838,1.5660795403469188,-0.36348417101291347,-0.3187376927032675,0.5008154303221436,1.2253142733219273,-0.6475775332438344,-0.14125327883151229,-0.1781057493664113,0.12654446660059115,1.580191756725731,-0.1474557687191013
0.0,0.0,0.0,1.0,0.0,1.0,0.0,1.0,0.0,0.0,0.0,0.0,0.0,0.0,1.0,0.0,0.0,-1.362872776160014,-1.4512181110940245,-1.1462643207056655,1.6232843473458538,0.9258737865415383,-1.6621689716798427,-0.6475775332438344,-0.14125327883151229,-0.1781057493664113,1.5876993797216516,-0.632834588424933,-0.1474557687191013
0.0,0.0,0.0,1.0,0.0,1.0,0.0,0.0,1.0,0.0,0.0,0.0,0.0,0.0,0.0,1.0,0.0,1.0753173989415892,-1.6025032301077768,-1.2930355987730566,0.6522733273212932,0.9258737865415383,-1.8613057471972063,-0.6475775332438344,-0.14125327883151229,-0.1781057493664113,1.5876993797216516,1.580191756725731,-0.1474557687191013
0.0,1.0,0.0,0.0,0.0,1.0,0.0,0.0,0.0,0.0,0.0,0.0,1.0,0.0,0.0,1.0,0.0,1.5055862533712838,0.1456803673844692,0.027905903833462538,-0.7071421007130917,0.497520404304939,0.19133486198177074,-0.6475775332438344,-0.14125327883151229,-0.1781057493664113,-0.4579174986478331,-0.632834588424933,-0.1474557687191013
0.0,0.0,1.0,0.0,0.0,1.0,0.0,0.0,0.0,0.0,1.0,0.0,0.0,0.0,0.0,0.0,1.0,-0.3589121158240597,0.5070837072506548,1.8380849999979516,-1.095546508722916,-1.9193811793146422,1.0797912450592384,-0.45292914509852644,1.230225600857703,-0.1781057493664113,-0.16568651602362097,-0.632834588424933,1.2226415555097168
0.0,1.0,0.0,0.0,0.0,1.0,0.0,0.0,0.0,0.0,1.0,0.0,0.0,0.0,1.0,0.0,0.0,-0.9326039217303193,-0.24093715898400836,0.7128385348146206,-0.9013443047180038,-0.49592993988225087,0.09176647422308902,-0.6475775332438344,-0.14125327883151229,-0.1781057493664113,-0.7501484812720451,-0.632834588424933,-0.1474557687191013
1.0,0.0,0.0,0.0,0.0,1.0,0.0,0.0,0.0,1.0,0.0,0.0,0.0,1.0,0.0,0.0,0.0,0.21477969008219988,0.8852965047850349,0.3703722193240416,0.36097002131392514,0.4134972408662214,0.9572455370485534,0.3485642178527412,-0.14125327883151229,-0.1781057493664113,0.7110064318490154,1.580191756725731,-0.1474557687191013
0.0,1.0,0.0,0.0,0.0,1.0,0.0,1.0,0.0,0.0,0.0,0.0,0.0,1.0,0.0,0.0,0.0,0.3582026415587648,0.1540850962185665,-1.1951880800614625,1.0406777353311174,-1.7052044881963426,-0.39075725106898396,1.8943014178301862,-0.14125327883151229,-0.1781057493664113,-1.0423794638962574,-0.632834588424933,-0.1474557687191013
0.0,0.0,0.0,1.0,0.0,1.0,0.0,0.0,0.0,0.0,0.0,1.0,0.0,0.0,0.0,0.0,1.0,-0.2154891643474948,-1.283123534412078,-1.0973405613498686,2.302992061363046,0.8105478759393769,-1.4936686231651506,-0.04073255843787449,-0.14125327883151229,-0.1781057493664113,1.5876993797216516,-0.632834588424933,-0.1474557687191013
0.0,1.0,0.0,0.0,0.0,1.0,0.0,0.0,1.0,0.0,0.0,0.0,0.0,0.0,1.0,0.0,0.0,-1.5062957276365787,0.2045134692231505,0.07682966318925954,-0.6100409987106356,-1.285088671002755,0.2602668227377812,-0.6475775332438344,-0.14125327883151229,-0.1781057493664113,-0.7501484812720451,1.580191756725731,-0.1474557687191013
0.0,1.0,0.0,0.0,0.0,1.0,0.0,0.0,0.0,0.0,0.0,1.0,0.0,1.0,0.0,0.0,0.0,0.21477969008219988,1.238295115817123,-1.1951880800614625,-0.22163659070081138,-0.21750024142846136,0.4670627050058125,2.9476926948518525,-0.14125327883151229,-0.1781057493664113,-0.4579174986478331,-0.632834588424933,-0.1474557687191013
0.0,1.0,0.0,0.0,0.0,1.0,1.0,0.0,0.0,0.0,0.0,0.0,0.0,1.0,0.0,0.0,0.0,0.7884714959884594,0.42303641890968136,-1.3908831174846505,2.7884975713753266,0.8023103108963654,-0.3141661835623057,1.4821048311695342,-0.14125327883151229,-0.1781057493664113,-0.4579174986478331,-0.632834588424933,-0.1474557687191013
0.0,1.0,0.0,0.0,0.0,1.0,0.0,0.0,0.0,0.0,0.0,1.0,0.0,0.0,0.0,1.0,0.0,1.2187403504181542,-0.04762839579976958,-1.3419593581288536,2.011688755355678,0.5074054823565528,-0.65116688059169,-0.6475775332438344,-0.14125327883151229,-0.1781057493664113,-0.7501484812720451,-0.632834588424933,-0.1474557687191013
0.0,1.0,0.0,0.0,0.0,1.0,0.0,0.0,1.0,0.0,0.0,0.0,0.0,0.0,0.0,0.0,1.0,-0.2154891643474948,0.13727563855037175,-0.2656366523013195,-0.8042432027155477,-1.000068920514556,0.06878915397108556,1.1729573911740452,-0.14125327883151229,-0.1781057493664113,-1.0423794638962574,1.580191756725731,-0.1474557687191013
0.0,0.0,0.0,1.0,0.0,1.0,0.0,0.0,0.0,0.0,0.0,1.0,0.0,0.0,0.0,0.0,1.0,-0.07206621287092989,-1.4764322975963167,-1.4398068768404475,-0.41583879470572344,0.7808926417845354,-1.8459875336958707,0.25696497637259635,-0.14125327883151229,-0.1781057493664113,-1.6268414291446816,-0.632834588424933,-0.1474557687191013
1.0,0.0,0.0,0.0,0.0,1.0,0.0,1.0,0.0,0.0,0.0,0.0,0.0,1.0,0.0,0.0,0.0,0.5016255930353297,1.2214856581489282,-0.9994930426382745,-0.3187376927032675,0.9258737865415383,0.5819493062658299,1.7454526504249503,-0.14125327883151229,-0.1781057493664113,0.7110064318490154,-0.632834588424933,-0.1474557687191013
1.0,0.0,0.0,0.0,0.0,1.0,0.0,0.0,0.0,1.0,0.0,0.0,0.0,0.0,0.0,0.0,1.0,-0.6457580187771894,-0.4930790240069284,0.8596098128820115,-1.192647610725372,-0.5354702520887062,-0.08439298104227094,-0.6475775332438344,-0.14125327883151229,-0.1781057493664113,1.0032374144732275,1.580191756725731,-0.1474557687191013
0.0,0.0,1.0,0.0,0.0,1.0,1.0,0.0,0.0,0.0,0.0,0.0,0.0,1.0,0.0,0.0,0.0,0.07135673860563499,1.238295115817123,-0.5591792084361015,1.1377788373335735,0.7693600507243192,0.8500180425392037,2.7759441170765804,-0.14125327883151229,-0.1781057493664113,0.41877544922480325,-0.632834588424933,-0.1474557687191013
1.0,0.0,0.0,0.0,0.0,1.0,0.0,0.0,1.0,0.0,0.0,0.0,0.0,0.0,1.0,0.0,0.0,-1.362872776160014,-0.4258411933341497,0.7617622941704176,-1.192647610725372,0.573306002700645,-0.053756554039599655,-0.6475775332438344,-0.14125327883151229,-0.1781057493664113,1.0032374144732275,1.580191756725731,-0.1474557687191013
0.0,1.0,0.0,0.0,0.0,1.0,0.0,0.0,0.0,0.0,1.0,0.0,0.0,0.0,1.0,0.0,0.0,-0.9326039217303193,-0.13167568414074293,1.0553048503051996,-0.8042432027155477,-0.7644745602844266,0.29090324974045245,-0.6475775332438344,-0.14125327883151229,-0.1781057493664113,-0.4579174986478331,-0.632834588424933,-0.1474557687191013
0.0,1.0,0.0,0.0,0.0,1.0,0.0,0.0,0.0,0.0,0.0,1.0,0.0,0.0,0.0,1.0,0.0,0.9318944474650244,0.4902742495824598,0.46821973803563555,1.5261832453433977,-0.18454998125641525,0.6508812670218403,-0.510178671023617,-0.14125327883151229,-0.1781057493664113,-0.7501484812720451,-0.632834588424933,-0.1474557687191013
0.0,1.0,0.0,0.0,0.0,1.0,0.0,0.0,1.0,0.0,0.0,0.0,0.0,0.0,0.0,0.0,1.0,-0.5023350673006246,-0.7200067025275565,-0.4613316897245075,-1.2897487127278282,-1.4135946856737347,-0.7354170548490361,-0.43002933472849025,-0.14125327883151229,-0.1781057493664113,-1.0423794638962574,1.580191756725731,-0.1474557687191013
0.0,1.0,0.0,0.0,0.0,1.0,0.0,0.0,0.0,0.0,0.0,0.0,1.0,0.0,0.0,1.0,0.0,1.362163301894719,-0.2157229724817163,1.7402374812863577,1.0406777353311174,0.3113514343328785,0.39813074424980205,-0.6475775332438344,0.7730659742946313,-0.1781057493664113,-0.4579174986478331,-0.632834588424933,0.7659424474334442
1.0,0.0,0.0,0.0,0.0,1.0,0.0,0.0,0.0,0.0,1.0,0.0,0.0,1.0,0.0,0.0,0.0,0.7884714959884594,0.05322835020939839,-0.9994930426382745,-0.3187376927032675,-0.912750731058634,-0.35246171731564485,-0.3155302828783092,-0.14125327883151229,-0.1781057493664113,1.2954683970974397,-0.632834588424933,-0.1474557687191013
1.0,0.0,0.0,0.0,0.0,1.0,1.0,0.0,0.0,0.0,0.0,0.0,0.0,0.0,0.0,1.0,0.0,1.362163301894719,-0.207318243647619,0.5660672567472296,0.6522733273212932,0.9258737865415383,0.07644826072175336,-0.6475775332438344,-0.14125327883151229,-0.1781057493664113,1.0032374144732275,-0.632834588424933,-0.1474557687191013
0.0,0.0,0.0,1.0,0.0,1.0,0.0,0.0,0.0,0.0,0.0,1.0,0.0,1.0,0.0,0.0,0.0,0.07135673860563499,-1.0225769405550604,-1.4398068768404475,0.16676781730901283,0.5321181774855873,-1.486009516414483,0.3600141230377593,-0.14125327883151229,-0.1781057493664113,-1.6268414291446816,-0.632834588424933,-0.1474557687191013
0.0,0.0,1.0,0.0,0.0,1.0,0.0,1.0,0.0,0.0,0.0,0.0,0.0,0.0,0.0,1.0,0.0,1.0753173989415892,1.860245049540326,-0.7548742458592895,-0.8042432027155477,0.9258737865415383,1.2559507003245984,-0.16668151547307375,-0.14125327883151229,-0.1781057493664113,0.12654446660059115,-0.632834588424933,-0.1474557687191013
0.0,0.0,0.0,1.0,0.0,1.0,0.0,0.0,0.0,0.0,0.0,0.0,1.0,0.0,1.0,0.0,0.0,-1.5062957276365787,-1.7117647049510423,0.4192959786798386,-0.6100409987106356,0.25533599204040014,-1.2715545273957838,-0.6475775332438344,-0.14125327883151229,4.949934889745381,1.5876993797216516,-0.632834588424933,0.03522387451140782
0.0,1.0,0.0,0.0,0.0,1.0,0.0,0.0,0.0,0.0,0.0,1.0,0.0,0.0,0.0,1.0,0.0,1.2187403504181542,-0.8712918215413086,-0.6570267271476955,1.5261832453433977,0.9258737865415383,-0.9422129371170673,-0.6475775332438344,-0.14125327883151229,-0.1781057493664113,-1.0423794638962574,-0.632834588424933,-0.1474557687191013
1.0,0.0,0.0,0.0,0.0,1.0,0.0,0.0,0.0,0.0,0.0,1.0,0.0,0.0,0.0,1.0,0.0,1.0753173989415892,0.019609434873009167,0.6639147754588236,-0.6100409987106356,-1.9836341866501321,0.30622146324178817,-0.6475775332438344,-0.14125327883151229,-0.1781057493664113,1.2954683970974397,-0.632834588424933,-0.1474557687191013
0.0,0.0,1.0,0.0,0.0,1.0,0.0,0.0,0.0,1.0,0.0,0.0,0.0,0.0,0.0,0.0,1.0,-0.07206621287092989,1.6585315575219894,-0.4613316897245075,1.0406777353311174,0.9258737865415383,1.2482915935739307,2.638545254856363,-0.14125327883151229,-0.1781057493664113,0.41877544922480325,1.580191756725731,-0.1474557687191013
0.0,1.0,0.0,0.0,0.0,1.0,0.0,0.0,0.0,1.0,0.0,0.0,0.0,1.0,0.0,0.0,0.0,0.21477969008219988,-0.19050878597942422,1.2509998877283877,-0.5129398967081796,-1.7101470272221495,0.29090324974045245,-0.1437817051030375,-0.14125327883151229,-0.1781057493664113,-1.0423794638962574,1.580191756725731,-0.1474557687191013
0.0,0.0,0.0,1.0,0.0,1.0,0.0,0.0,1.0,0.0,0.0,0.0,0.0,0.0,0.0,0.0,1.0,-0.07206621287092989,-0.6191499565183884,1.1042286096609966,-0.6100409987106356,-2.052829733011429,-0.1303476215462779,-0.44147923991350835,-0.14125327883151229,-0.1781057493664113,1.5876993797216516,1.580191756725731,-0.1474557687191013
0.0,0.0,1.0,0.0,0.0,1.0,0.0,1.0,0.0,0.0,0.0,0.0,0.0,1.0,0.0,0.0,0.0,0.3582026415587648,0.9105106912873266,-0.5591792084361015,-0.7071421007130917,0.9258737865415383,0.574290199515162,0.4630632697029223,-0.14125327883151229,-0.1781057493664113,-0.16568651602362097,-0.632834588424933,-0.1474557687191013
1.0,0.0,0.0,0.0,0.0,1.0,0.0,0.0,0.0,0.0,1.0,0.0,0.0,0.0,1.0,0.0,0.0,-1.5062957276365787,-0.48467429517283106,0.27252470061244755,-1.3868498147302841,-0.4745122707704209,-0.2605524363076309,-0.6475775332438344,-0.14125327883151229,-0.1781057493664113,1.2954683970974397,-0.632834588424933,-0.1474557687191013
1.0,0.0,0.0,0.0,0.0,1.0,0.0,0.0,0.0,0.0,1.0,0.0,0.0,0.0,1.0,0.0,0.0,-1.6497186791131437,0.7928444876099641,1.2020761283725907,-1.192647610725372,0.25533599204040014,1.1563823125659167,-0.6475775332438344,-0.14125327883151229,-0.1781057493664113,0.7110064318490154,-0.632834588424933,-0.1474557687191013
0.0,0.0,1.0,0.0,0.0,1.0,0.0,1.0,0.0,0.0,0.0,0.0,0.0,0.0,0.0,0.0,1.0,-0.3589121158240597,0.6751782839326015,0.6639147754588236,-0.7071421007130917,0.8962185523866968,0.8806544695418751,-0.05218246362289261,-0.14125327883151229,-0.1781057493664113,0.12654446660059115,-0.632834588424933,-0.1474557687191013
0.0,1.0,0.0,0.0,1.0,0.0,0.0,0.0,0.0,0.0,1.0,0.0,0.0,1.0,0.0,0.0,0.0,0.07135673860563499,-1.05619585589145,-0.6081029677918985,2.885598673377783,-0.4382669845811702,-1.0800768586290883,2.2034488578256752,-0.14125327883151229,-0.1781057493664113,-1.0423794638962574,-0.632834588424933,-0.1474557687191013
0.0,0.0,1.0,0.0,0.0,1.0,0.0,0.0,0.0,0.0,1.0,0.0,0.0,0.0,0.0,0.0,1.0,-0.5023350673006246,1.0449863526328842,0.32144845996824456,-0.8042432027155477,-0.9967738944973515,1.0797912450592384,0.6119120371081578,-0.14125327883151229,-0.1781057493664113,0.12654446660059115,-0.632834588424933,-0.1474557687191013
1.0,0.0,0.0,0.0,0.0,1.0,0.0,0.0,0.0,0.0,0.0,1.0,0.0,0.0,1.0,0.0,0.0,-1.076026873206884,-0.9637438387163793,0.22360094125665056,-1.3868498147302841,0.9258737865415383,-0.6818033075943614,-0.6475775332438344,-0.14125327883151229,-0.1781057493664113,1.0032374144732275,-0.632834588424933,-0.1474557687191013
0.0,0.0,1.0,0.0,0.0,1.0,1.0,0.0,0.0,0.0,0.0,0.0,0.0,1.0,0.0,0.0,0.0,0.7884714959884594,0.9273201489555215,1.4956186845073727,0.16676781730901283,0.9258737865415383,1.363178194833948,0.01651696748721598,-0.14125327883151229,-0.1781057493664113,0.41877544922480325,-0.632834588424933,-0.1474557687191013
1.0,0.0,0.0,0.0,0.0,1.0,0.0,0.0,0.0,0.0,1.0,0.0,0.0,0.0,1.0,0.0,0.0,-1.219449824683449,-0.10646149763845088,1.3488474064399816,-0.1245354886983552,0.627673931984521,0.39813074424980205,-0.6475775332438344,0.31590634773155957,-0.1781057493664113,1.2954683970974397,-0.632834588424933,0.30924333935717147
0.0,0.0,1.0,0.0,0.0,1.0,0.0,0.0,0.0,0.0,1.0,0.0,0.0,0.0,0.0,0.0,1.0,-0.3589121158240597,1.4736275231718483,-0.16778913358972547,-0.6100409987106356,0.9258737865415383,1.2406324868232628,1.0241086237688097,-0.14125327883151229,-0.1781057493664113,0.41877544922480325,-0.632834588424933,-0.1474557687191013
0.0,0.0,0.0,1.0,0.0,1.0,0.0,0.0,0.0,0.0,0.0,0.0,1.0,0.0,0.0,0.0,1.0,-0.07206621287092989,-1.6361221454441663,-0.4613316897245075,2.6913964693728705,0.5288231514683828,-1.5013277299158185,0.33711431266772307,-0.14125327883151229,1.103904410411537,-1.6268414291446816,-0.632834588424933,-0.101785857911474
0.0,1.0,0.0,0.0,0.0,1.0,0.0,0.0,0.0,1.0,0.0,0.0,0.0,0.0,1.0,0.0,0.0,-0.9326039217303193,-0.0644378534679642,0.32144845996824456,-1.192647610725372,-0.5816006163295707,0.11474379447509249,-0.6475775332438344,-0.14125327883151229,-0.1781057493664113,-0.7501484812720451,1.580191756725731,-0.1474557687191013
1.0,0.0,0.0,0.0,0.0,1.0,0.0,0.0,0.0,0.0,0.0,1.0,0.0,0.0,0.0,0.0,1.0,-0.5023350673006246,-0.2241277013158136,0.22360094125665056,-1.095546508722916,-0.11700194790372076,-0.053756554039599655,-0.43002933472849025,-0.14125327883151229,-0.1781057493664113,1.0032374144732275,-0.632834588424933,-0.1474557687191013
0.0,1.0,0.0,0.0,0.0,1.0,0.0,1.0,0.0,0.0,0.0,0.0,0.0,0.0,0.0,0.0,1.0,-0.5023350673006246,0.1456803673844692,1.0553048503051996,-1.3868498147302841,0.7957202588619562,0.535994665761823,-0.29263047250827295,-0.14125327883151229,-0.1781057493664113,-0.4579174986478331,-0.632834588424933,-0.1474557687191013
0.0,1.0,0.0,0.0,0.0,1.0,0.0,0.0,0.0,0.0,0.0,0.0,1.0,1.0,0.0,0.0,0.0,0.5016255930353297,0.4986789784165573,-1.8311969516868236,1.5261832453433977,0.45798009209848367,-0.6205304535890187,2.6499951600413807,-0.14125327883151229,-0.1781057493664113,-0.7501484812720451,-0.632834588424933,-0.1474557687191013
0.0,0.0,0.0,1.0,0.0,1.0,0.0,1.0,0.0,0.0,0.0,0.0,0.0,0.0,0.0,0.0,1.0,-0.5023350673006246,-1.1654573307347154,0.5171434973914326,1.72038544934831,-0.7974248204564727,-0.7660534818517074,-0.6361276280588162,-0.14125327883151229,-0.1781057493664113,1.5876993797216516,-0.632834588424933,-0.1474557687191013
0.0,0.0,0.0,1.0,0.0,1.0,0.0,0.0,0.0,1.0,0.0,0.0,0.0,1.0,0.0,0.0,0.0,0.21477969008219988,-0.9805532963845739,-1.1951880800614625,-0.9013443047180038,-0.07251909667145853,-1.3021909543984551,-0.07508227399292886,-0.14125327883151229,-0.1781057493664113,-1.6268414291446816,1.580191756725731,-0.1474557687191013
1.0,0.0,0.0,0.0,0.0,1.0,0.0,0.0,0.0,0.0,1.0,0.0,0.0,0.0,0.0,0.0,1.0,-0.7891809702537543,0.48186952074836265,1.2999236470841846,-0.3187376927032675,-1.690376871118922,0.9112908965445463,-0.6475775332438344,0.31590634773155957,-0.1781057493664113,0.7110064318490154,-0.632834588424933,0.30924333935717147
0.0,0.0,0.0,1.0,0.0,1.0,0.0,0.0,0.0,1.0,0.0,0.0,0.0,1.0,0.0,0.0,0.0,0.6450485445118945,-0.8796965503754058,-1.2930355987730566,-0.7071421007130917,-0.0939367657832885,-1.2792136341464517,-0.33843009324834533,-0.14125327883151229,-0.1781057493664113,-1.6268414291446816,1.580191756725731,-0.1474557687191013
0.0,0.0,1.0,0.0,0.0,1.0,0.0,0.0,0.0,0.0,0.0,0.0,1.0,1.0,0.0,0.0,0.0,0.7884714959884594,1.0533910814669816,-0.06994161487813147,1.5261832453433977,-0.8550877757575533,0.926609110045882,0.3485642178527412,-0.14125327883151229,-0.1781057493664113,-0.16568651602362097,-0.632834588424933,-0.1474557687191013
0.0,1.0,0.0,0.0,0.0,1.0,0.0,0.0,1.0,0.0,0.0,0.0,0.0,0.0,0.0,0.0,1.0,-0.3589121158240597,-0.46786483750463637,1.7402374812863577,-0.22163659070081138,-1.5355106483103054,0.16835754172976727,-0.4758289554685627,1.230225600857703,-0.1781057493664113,-0.7501484812720451,1.580191756725731,1.2226415555097168
0.0,1.0,0.0,0.0,0.0,1.0,0.0,0.0,1.0,0.0,0.0,0.0,0.0,0.0,1.0,0.0,0.0,-1.5062957276365787,-0.9301249233799899,0.8106860535262146,-0.7071421007130917,-1.285088671002755,-0.47500742532633,-0.6475775332438344,-0.14125327883151229,-0.1781057493664113,-1.0423794638962574,1.580191756725731,-0.1474557687191013
1.0,0.0,0.0,0.0,0.0,1.0,0.0,1.0,0.0,0.0,0.0,0.0,0.0,0.0,0.0,0.0,1.0,-0.5023350673006246,-0.6695783295229725,0.4192959786798386,-1.3868498147302841,0.8945710393780945,-0.3677799308169805,-0.3727798088033997,-0.14125327883151229,-0.1781057493664113,1.0032374144732275,-0.632834588424933,-0.1474557687191013
0.0,0.0,0.0,1.0,0.0,1.0,0.0,1.0,0.0,0.0,0.0,0.0,0.0,0.0,0.0,0.0,1.0,-0.2154891643474948,-0.9889580252186712,-0.7548742458592895,-0.9013443047180038,-0.7694170993102335,-1.0877359653797563,-0.46437905028354454,-0.14125327883151229,-0.1781057493664113,-1.6268414291446816,-0.632834588424933,-0.1474557687191013
1.0,0.0,0.0,0.0,0.0,1.0,0.0,0.0,0.0,0.0,1.0,0.0,0.0,0.0,1.0,0.0,0.0,-1.219449824683449,-0.33338917615907904,1.0063810909494026,-1.4839509167327403,0.4134972408662214,0.09942558097375682,-0.6475775332438344,-0.14125327883151229,-0.1781057493664113,1.0032374144732275,-0.632834588424933,-0.1474557687191013
0.0,1.0,0.0,0.0,0.0,1.0,1.0,0.0,0.0,0.0,0.0,0.0,0.0,0.0,0.0,0.0,1.0,-0.2154891643474948,0.2213229268913451,-1.9779682297542145,-0.1245354886983552,0.8929235263694921,-0.9881675776210743,1.2531067274691718,-0.14125327883151229,-0.1781057493664113,-0.7501484812720451,-0.632834588424933,-0.1474557687191013
0.0,0.0,1.0,0.0,0.0,1.0,0.0,0.0,0.0,1.0,0.0,0.0,0.0,0.0,0.0,0.0,1.0,-0.7891809702537543,0.439845876577876,0.6149910161030265,-0.8042432027155477,0.9258737865415383,0.6585403737725081,-0.6475775332438344,-0.14125327883151229,-0.1781057493664113,-0.16568651602362097,1.580191756725731,-0.1474557687191013
0.0,0.0,0.0,1.0,0.0,1.0,0.0,0.0,1.0,0.0,0.0,0.0,0.0,0.0,0.0,1.0,0.0,1.362163301894719,-1.4428133822599272,1.0063810909494026,-0.9984454067204599,-1.5091504401726683,-0.8809400831117248,-0.6475775332438344,-0.14125327883151229,-0.1781057493664113,-1.6268414291446816,1.580191756725731,-0.1474557687191013
0.0,1.0,0.0,0.0,0.0,1.0,0.0,0.0,0.0,1.0,0.0,0.0,0.0,0.0,0.0,1.0,0.0,1.5055862533712838,-0.35860336266137094,1.0063810909494026,0.263868919311469,-2.034707089916804,0.07644826072175336,-0.6475775332438344,-0.14125327883151229,-0.1781057493664113,-1.0423794638962574,1.580191756725731,-0.1474557687191013
0.0,0.0,0.0,1.0,0.0,1.0,0.0,1.0,0.0,0.0,0.0,0.0,0.0,0.0,0.0,1.0,0.0,1.362163301894719,-1.9218829258034755,-0.8527217645708836,2.108789857358134,0.8418506231028207,-1.9072603877012133,-0.6475775332438344,-0.14125327883151229,-0.1781057493664113,-1.3346104465204693,-0.632834588424933,-0.1474557687191013
0.0,0.0,1.0,0.0,0.0,1.0,0.0,0.0,1.0,0.0,0.0,0.0,0.0,1.0,0.0,0.0,0.0,0.5016255930353297,1.8182214053698393,-0.5102554490803045,1.817486551350766,0.881390935309276,1.3555190880832801,2.180549047455639,-0.14125327883151229,-0.1781057493664113,0.41877544922480325,1.580191756725731,-0.1474557687191013
1.0,0.0,0.0,0.0,0.0,1.0,0.0,0.0,0.0,0.0,0.0,0.0,1.0,0.0,0.0,1.0,0.0,1.0753173989415892,0.061633079043495846,1.1042286096609966,-0.22163659070081138,-1.1170423441253199,0.47472181175648026,-0.6475775332438344,-0.14125327883151229,-0.1781057493664113,1.2954683970974397,-0.632834588424933,-0.1474557687191013
0.0,0.0,1.0,0.0,0.0,1.0,0.0,0.0,0.0,1.0,0.0,0.0,0.0,0.0,0.0,1.0,0.0,1.0753173989415892,0.8684870471168399,-0.16778913358972547,-0.7071421007130917,0.9258737865415383,0.7274723345285187,-0.510178671023617,-0.14125327883151229,-0.1781057493664113,-0.16568651602362097,1.580191756725731,-0.1474557687191013
0.0,0.0,1.0,0.0,1.0,0.0,0.0,0.0,0.0,0.0,0.0,0.0,1.0,0.0,1.0,0.0,0.0,-1.076026873206884,0.5154884360847519,0.46821973803563555,-0.9013443047180038,-0.4234393675037495,0.6738585872738436,-0.6475775332438344,-0.14125327883151229,-0.1781057493664113,-0.16568651602362097,-0.632834588424933,-0.1474557687191013
0.0,0.0,0.0,1.0,0.0,1.0,0.0,0.0,0.0,0.0,1.0,0.0,0.0,0.0,1.0,0.0,0.0,-1.6497186791131437,-2.434571384683413,-0.7548742458592895,2.011688755355678,0.9258737865415383,-2.2902157252346047,-0.6475775332438344,-0.14125327883151229,1.616708474322716,-1.6268414291446816,-0.632834588424933,-0.08351789358842311
0.0,0.0,1.0,0.0,0.0,1.0,0.0,0.0,1.0,0.0,0.0,0.0,0.0,0.0,0.0,0.0,1.0,-0.6457580187771894,0.3305844017346105,0.07682966318925954,-0.6100409987106356,0.9143411954813221,0.3674943172471307,-0.10943198954798321,-0.14125327883151229,-0.1781057493664113,-0.16568651602362097,1.580191756725731,-0.1474557687191013
0.0,1.0,0.0,0.0,0.0,1.0,0.0,0.0,0.0,0.0,0.0,1.0,0.0,0.0,0.0,1.0,0.0,1.6490092048478489,0.028014163707106472,1.1042286096609966,0.8464755313262055,-0.7908347684220635,0.44408538475380893,-0.6475775332438344,-0.14125327883151229,-0.1781057493664113,-1.0423794638962574,-0.632834588424933,-0.1474557687191013
0.0,0.0,0.0,1.0,0.0,1.0,0.0,0.0,0.0,1.0,0.0,0.0,0.0,0.0,0.0,0.0,1.0,-0.6457580187771894,-0.8376729062049192,1.5934662032189666,-0.5129398967081796,-2.1566230525533743,-0.19927958230228832,-0.6475775332438344,-0.14125327883151229,-0.1781057493664113,1.5876993797216516,1.580191756725731,-0.1474557687191013
0.0,0.0,0.0,1.0,0.0,1.0,0.0,0.0,0.0,0.0,1.0,0.0,0.0,0.0,0.0,0.0,1.0,-0.2154891643474948,-1.383980280421246,-1.2441118394172594,-0.41583879470572344,0.7001645043630225,-1.6621689716798427,-0.2697306621382367,-0.14125327883151229,-0.1781057493664113,1.5876993797216516,-0.632834588424933,-0.1474557687191013
0.0,0.0,0.0,1.0,0.0,1.0,0.0,1.0,0.0,0.0,0.0,0.0,0.0,0.0,1.0,0.0,0.0,-1.076026873206884,-1.5520748571031928,1.1042286096609966,-0.9984454067204599,-1.9243237183404491,-0.9498720438677353,-0.6475775332438344,-0.14125327883151229,1.616708474322716,1.5876993797216516,-0.632834588424933,-0.08351789358842311
1.0,0.0,0.0,0.0,0.0,1.0,0.0,0.0,0.0,0.0,0.0,0.0,1.0,0.0,0.0,0.0,1.0,-0.7891809702537543,0.3305844017346105,0.22360094125665056,-0.41583879470572344,0.9258737865415383,0.42110806450180555,-0.6475775332438344,-0.14125327883151229,-0.1781057493664113,0.7110064318490154,-0.632834588424933,-0.1474557687191013
1.0,0.0,0.0,0.0,1.0,0.0,0.0,0.0,0.0,1.0,0.0,0.0,0.0,0.0,0.0,0.0,1.0,-0.7891809702537543,0.28856075756412386,0.7128385348146206,-0.5129398967081796,0.9258737865415383,0.5589719860138264,-0.6475775332438344,-0.14125327883151229,-0.1781057493664113,0.7110064318490154,1.580191756725731,-0.1474557687191013
0.0,0.0,1.0,0.0,0.0,1.0,0.0,1.0,0.0,0.0,0.0,0.0,0.0,0.0,0.0,0.0,1.0,-0.6457580187771894,0.5070837072506548,0.027905903833462538,-0.6100409987106356,0.9258737865415383,0.4976991320084838,-0.21248113621314615,-0.14125327883151229,-0.1781057493664113,-0.16568651602362097,-0.632834588424933,-0.1474557687191013
0.0,0.0,0.0,1.0,0.0,1.0,1.0,0.0,0.0,0.0,0.0,0.0,0.0,1.0,0.0,0.0,0.0,0.7884714959884594,-0.9301249233799899,-1.6355019142636356,0.555172225318837,0.9225787605243336,-1.5549414771704932,-0.25828075695321856,-0.14125327883151229,-0.1781057493664113,-1.3346104465204693,-0.632834588424933,-0.1474557687191013
0.0,0.0,1.0,0.0,0.0,1.0,0.0,0.0,1.0,0.0,0.0,0.0,0.0,1.0,0.0,0.0,0.0,0.3582026415587648,1.9526970667153962,-1.1951880800614625,-0.41583879470572344,0.09058469118016965,1.0414957113058994,2.982042410406906,-0.14125327883151229,-0.1781057493664113,0.12654446660059115,1.580191756725731,-0.1474557687191013
0.0,0.0,0.0,1.0,0.0,1.0,0.0,0.0,0.0,1.0,0.0,0.0,0.0,0.0,0.0,0.0,1.0,-0.3589121158240597,-1.8210261797943073,-1.4887306361962445,-0.22163659070081138,0.573306002700645,-2.152351803722584,-0.08653217917794698,-0.14125327883151229,-0.1781057493664113,-1.3346104465204693,1.580191756725731,-0.1474557687191013
0.0,0.0,1.0,0.0,0.0,1.0,0.0,0.0,0.0,0.0,0.0,0.0,1.0,1.0,0.0,0.0,0.0,0.07135673860563499,1.465222794337751,-0.021017855522334466,0.7493744293237493,0.49916791731354127,1.2942462340779375,1.9401010385702582,-0.14125327883151229,-0.1781057493664113,0.12654446660059115,-0.632834588424933,-0.1474557687191013
0.0,1.0,0.0,0.0,1.0,0.0,0.0,0.0,0.0,0.0,0.0,1.0,0.0,0.0,0.0,0.0,1.0,-0.2154891643474948,0.6415593685962119,-0.16778913358972547,0.06966671530655688,0.42832485794364217,0.535994665761823,0.9897589082137552,-0.14125327883151229,-0.1781057493664113,-0.4579174986478331,-0.632834588424933,-0.1474557687191013
0.0,0.0,0.0,1.0,0.0,1.0,1.0,0.0,0.0,0.0,0.0,0.0,0.0,0.0,1.0,0.0,0.0,-1.362872776160014,-2.409357198181121,-1.2441118394172594,0.4580711233163813,0.9258737865415383,-2.489352500751968,-0.6475775332438344,-0.14125327883151229,1.103904410411537,-1.6268414291446816,-0.632834588424933,-0.101785857911474
0.0,0.0,0.0,1.0,0.0,1.0,0.0,1.0,0.0,0.0,0.0,0.0,0.0,1.0,0.0,0.0,0.0,0.7884714959884594,-1.207480974905202,-1.5865781549078386,3.468205285392519,0.9258737865415383,-1.7311009324358533,-0.44147923991350835,-0.14125327883151229,-0.1781057493664113,1.5876993797216516,-0.632834588424933,-0.1474557687191013
0.0,1.0,0.0,0.0,0.0,1.0,0.0,0.0,0.0,0.0,0.0,1.0,0.0,1.0,0.0,0.0,0.0,0.7884714959884594,0.9105106912873266,0.32144845996824456,0.16676781730901283,-0.021446193404787078,0.964904643799221,0.5203127956280129,-0.14125327883151229,-0.1781057493664113,-0.4579174986478331,-0.632834588424933,-0.1474557687191013
0.0,0.0,1.0,0.0,0.0,1.0,0.0,0.0,0.0,1.0,0.0,0.0,0.0,0.0,0.0,1.0,0.0,1.362163301894719,0.7928444876099641,0.32144845996824456,-0.6100409987106356,0.9258737865415383,0.8576771492898716,-0.6475775332438344,-0.14125327883151229,-0.1781057493664113,0.41877544922480325,1.580191756725731,-0.1474557687191013
0.0,1.0,0.0,0.0,0.0,1.0,0.0,0.0,0.0,1.0,0.0,0.0,0.0,0.0,1.0,0.0,0.0,-1.076026873206884,-0.6527688718547778,1.1531523690167935,-0.7071421007130917,-2.0396496289426107,-0.14566583504761357,-0.6475775332438344,-0.14125327883151229,-0.1781057493664113,-1.0423794638962574,1.580191756725731,-0.1474557687191013
0.0,1.0,0.0,0.0,0.0,1.0,0.0,0.0,0.0,0.0,1.0,0.0,0.0,0.0,1.0,0.0,0.0,-1.219449824683449,-0.9889580252186712,1.3977711657957785,-0.02743438669589927,-1.014896537591977,-0.3754390375676483,-0.6475775332438344,-0.14125327883151229,-0.1781057493664113,-1.0423794638962574,-0.632834588424933,-0.1474557687191013
1.0,0.0,0.0,0.0,0.0,1.0,0.0,0.0,0.0,0.0,0.0,0.0,1.0,1.0,0.0,0.0,0.0,0.7884714959884594,1.0029627084623973,-0.7059504865034925,-0.41583879470572344,0.7331147645350685,0.574290199515162,-0.2353809465831824,-0.14125327883151229,-0.1781057493664113,0.7110064318490154,-0.632834588424933,-0.1474557687191013
0.0,0.0,0.0,1.0,1.0,0.0,0.0,0.0,0.0,1.0,0.0,0.0,0.0,0.0,0.0,1.0,0.0,0.9318944474650244,-1.0393863982232554,-1.3419593581288536,0.555172225318837,0.9258737865415383,-1.4400548759104759,-0.6361276280588162,-0.14125327883151229,-0.1781057493664113,1.5876993797216516,1.580191756725731,-0.1474557687191013
0.0,1.0,0.0,0.0,0.0,1.0,0.0,1.0,0.0,0.0,0.0,0.0,0.0,0.0,1.0,0.0,0.0,-1.6497186791131437,-0.8040539908685298,-0.6081029677918985,-0.6100409987106356,-0.6557387017166745,-0.8656218696103891,-0.6475775332438344,-0.14125327883151229,-0.1781057493664113,-1.0423794638962574,-0.632834588424933,-0.1474557687191013
0.0,0.0,1.0,0.0,0.0,1.0,0.0,1.0,0.0,0.0,0.0,0.0,0.0,1.0,0.0,0.0,0.0,0.5016255930353297,1.7257693881947684,-0.021017855522334466,1.817486551350766,0.016446605793065935,1.5163603298473047,1.6195036933897513,-0.14125327883151229,-0.1781057493664113,0.41877544922480325,-0.632834588424933,-0.1474557687191013
0.0,0.0,1.0,0.0,0.0,1.0,0.0,1.0,0.0,0.0,0.0,0.0,0.0,0.0,1.0,0.0,0.0,-1.076026873206884,0.6499640974303094,1.8870087593537486,-0.7071421007130917,0.9258737865415383,1.2253142733219273,-0.6475775332438344,3.5160237336730624,-0.1781057493664113,0.12654446660059115,-0.632834588424933,3.5061370958910802
0.0,1.0,0.0,0.0,0.0,1.0,0.0,1.0,0.0,0.0,0.0,0.0,0.0,1.0,0.0,0.0,0.0,0.7884714959884594,0.4734647919142652,-1.8311969516868236,0.7493744293237493,0.7133446084318409,-0.6435077738410222,1.2416568222841537,-0.14125327883151229,-0.1781057493664113,-0.7501484812720451,-0.632834588424933,-0.1474557687191013
0.0,1.0,0.0,0.0,0.0,1.0,0.0,0.0,0.0,0.0,0.0,0.0,1.0,0.0,0.0,1.0,0.0,1.6490092048478489,-0.19891351481352168,-0.8037980052150865,-0.8042432027155477,-0.3328261520306227,-0.4596892118249944,-0.6475775332438344,-0.14125327883151229,-0.1781057493664113,-0.7501484812720451,-0.632834588424933,-0.1474557687191013
0.0,0.0,1.0,0.0,0.0,1.0,0.0,0.0,0.0,0.0,0.0,0.0,1.0,0.0,1.0,0.0,0.0,-1.6497186791131437,0.6247499109280173,1.7402374812863577,1.9145876533532222,-0.8929805749554064,1.1563823125659167,-0.6475775332438344,-0.14125327883151229,-0.1781057493664113,-0.16568651602362097,-0.632834588424933,-0.1474557687191013
0.0,1.0,0.0,0.0,0.0,1.0,1.0,0.0,0.0,0.0,0.0,0.0,0.0,1.0,0.0,0.0,0.0,0.07135673860563499,0.5070837072506548,-1.5865781549078386,-0.1245354886983552,0.438209935995256,-0.39075725106898396,2.47824658226611,-0.14125327883151229,-0.1781057493664113,-1.0423794638962574,-0.632834588424933,-0.1474557687191013
0.0,1.0,0.0,0.0,0.0,1.0,0.0,0.0,0.0,0.0,0.0,1.0,0.0,0.0,0.0,1.0,0.0,1.0753173989415892,-0.8292681773708219,-0.6570267271476955,1.9145876533532222,0.9258737865415383,-0.9115765101143961,-0.6246777228737981,-0.14125327883151229,-0.1781057493664113,-1.0423794638962574,-0.632834588424933,-0.1474557687191013
0.0,0.0,1.0,0.0,0.0,1.0,0.0,1.0,0.0,0.0,0.0,0.0,0.0,0.0,0.0,0.0,1.0,-0.3589121158240597,0.666773555098504,1.8870087593537486,-0.41583879470572344,-1.00995399856617,1.232973380072595,-0.4872788606535808,2.6017044805469185,-0.1781057493664113,0.12654446660059115,-0.632834588424933,2.592738879738535
1.0,0.0,0.0,0.0,0.0,1.0,0.0,0.0,0.0,1.0,0.0,0.0,0.0,0.0,0.0,0.0,1.0,-0.6457580187771894,-0.5182932105092204,1.4466949251515757,-0.8042432027155477,0.9110461694641175,0.05347094046974989,-0.6475775332438344,-0.14125327883151229,-0.1781057493664113,1.0032374144732275,1.580191756725731,-0.1474557687191013
1.0,0.0,0.0,0.0,1.0,0.0,0.0,0.0,0.0,0.0,0.0,0.0,1.0,0.0,0.0,0.0,1.0,-0.5023350673006246,-0.10646149763845088,0.7128385348146206,-0.7071421007130917,0.3475967205221292,0.21431218223377418,-0.08653217917794698,-0.14125327883151229,-0.1781057493664113,1.0032374144732275,-0.632834588424933,-0.1474557687191013
0.0,1.0,0.0,0.0,0.0,1.0,0.0,0.0,0.0,0.0,1.0,0.0,0.0,0.0,1.0,0.0,0.0,-1.5062957276365787,0.07003780787759316,0.3703722193240416,-0.7071421007130917,0.8599732661974461,0.25260771598711335,-0.6475775332438344,-0.14125327883151229,-0.1781057493664113,-0.4579174986478331,-0.632834588424933,-0.1474557687191013
0.0,0.0,0.0,1.0,0.0,1.0,0.0,0.0,0.0,1.0,0.0,0.0,0.0,1.0,0.0,0.0,0.0,0.5016255930353297,-0.46786483750463637,-1.8311969516868236,0.9435766333286616,0.7611224856813077,-1.35580470165313,1.8943014178301862,-0.14125327883151229,-0.1781057493664113,-1.3346104465204693,1.580191756725731,-0.1474557687191013
1.0,0.0,0.0,0.0,0.0,1.0,0.0,1.0,0.0,0.0,0.0,0.0,0.0,0.0,0.0,0.0,1.0,-0.3589121158240597,-0.6611736006888751,-0.16778913358972547,-0.3187376927032675,0.5172905604081667,-0.566916706334344,0.11956611415237905,-0.14125327883151229,-0.1781057493664113,1.2954683970974397,-0.632834588424933,-0.1474557687191013
0.0,1.0,0.0,0.0,0.0,1.0,1.0,0.0,0.0,0.0,0.0,0.0,0.0,0.0,0.0,0.0,1.0,-0.6457580187771894,-0.7872445332003352,0.027905903833462538,1.1377788373335735,0.9258737865415383,-0.5975531333370152,-0.6475775332438344,-0.14125327883151229,-0.1781057493664113,-1.0423794638962574,-0.632834588424933,-0.1474557687191013
0.0,1.0,0.0,0.0,0.0,1.0,0.0,0.0,0.0,0.0,1.0,0.0,0.0,0.0,0.0,0.0,1.0,-0.07206621287092989,0.07003780787759316,1.9359325187095457,-0.3187376927032675,-1.8814883801167892,0.7044950142765151,-0.49872876583859893,-0.14125327883151229,-0.1781057493664113,-1.0423794638962574,-0.632834588424933,-0.1474557687191013
1.0,0.0,0.0,0.0,0.0,1.0,0.0,0.0,0.0,0.0,0.0,0.0,1.0,0.0,0.0,1.0,0.0,1.5055862533712838,0.8852965047850349,1.1531523690167935,0.06966671530655688,0.3871370327285845,1.2253142733219273,-0.6475775332438344,-0.14125327883151229,-0.1781057493664113,0.7110064318490154,-0.632834588424933,-0.1474557687191013
0.0,0.0,1.0,0.0,0.0,1.0,0.0,1.0,0.0,0.0,0.0,0.0,0.0,0.0,1.0,0.0,0.0,-1.076026873206884,1.1794620139784415,1.5934662032189666,-0.8042432027155477,-1.4053571206307232,1.6159287176059862,-0.6475775332438344,-0.14125327883151229,-0.1781057493664113,0.41877544922480325,-0.632834588424933,-0.1474557687191013
0.0,1.0,0.0,0.0,0.0,1.0,0.0,0.0,1.0,0.0,0.0,0.0,0.0,0.0,0.0,1.0,0.0,1.5055862533712838,0.6835830127666986,0.07682966318925954,-0.7071421007130917,-0.40531672440912414,0.6738585872738436,-0.6475775332438344,-0.14125327883151229,-0.1781057493664113,-0.4579174986478331,1.580191756725731,-0.1474557687191013
0.0,1.0,0.0,0.0,0.0,1.0,0.0,0.0,0.0,1.0,0.0,0.0,0.0,1.0,0.0,0.0,0.0,0.21477969008219988,-0.207318243647619,-0.7548742458592895,-0.41583879470572344,-1.2076555595984466,-0.4367118915729909,0.5775623215531035,-0.14125327883151229,-0.1781057493664113,-1.0423794638962574,1.580191756725731,-0.1474557687191013
0.0,0.0,1.0,0.0,0.0,1.0,0.0,0.0,1.0,0.0,0.0,0.0,0.0,1.0,0.0,0.0,0.0,0.21477969008219988,1.515651167342335,-1.3908831174846505,-0.22163659070081138,0.9258737865415383,0.5436537725124907,3.062191746702033,-0.14125327883151229,-0.1781057493664113,0.41877544922480325,1.580191756725731,-0.1474557687191013
0.0,0.0,0.0,1.0,0.0,1.0,0.0,0.0,0.0,0.0,0.0,1.0,0.0,0.0,0.0,0.0,1.0,-0.2154891643474948,-0.8712918215413086,0.07682966318925954,-1.192647610725372,-1.723327131290968,-0.6588259873423579,-0.44147923991350835,-0.14125327883151229,-0.1781057493664113,-1.6268414291446816,-0.632834588424933,-0.1474557687191013
0.0,1.0,0.0,0.0,0.0,1.0,1.0,0.0,0.0,0.0,0.0,0.0,0.0,1.0,0.0,0.0,0.0,0.5016255930353297,-0.45105537983644167,-0.36348417101291347,1.1377788373335735,-1.2653185148995272,-0.4673483185756622,0.42871355414786794,-0.14125327883151229,-0.1781057493664113,-1.0423794638962574,-0.632834588424933,-0.1474557687191013
1.0,0.0,0.0,0.0,0.0,1.0,0.0,0.0,1.0,0.0,0.0,0.0,0.0,0.0,0.0,0.0,1.0,-0.7891809702537543,-0.46786483750463637,1.0063810909494026,-1.095546508722916,-0.680451396845709,-0.023120127036928357,-0.6475775332438344,-0.14125327883151229,-0.1781057493664113,1.0032374144732275,1.580191756725731,-0.1474557687191013
0.0,1.0,0.0,0.0,0.0,1.0,0.0,1.0,0.0,0.0,0.0,0.0,0.0,1.0,0.0,0.0,0.0,0.7884714959884594,0.7508208434394773,-0.4613316897245075,1.9145876533532222,0.23721334894577478,0.49004002525781587,0.8180103304384837,-0.14125327883151229,-0.1781057493664113,-0.7501484812720451,-0.632834588424933,-0.1474557687191013
0.0,0.0,1.0,0.0,0.0,1.0,0.0,0.0,0.0,1.0,0.0,0.0,0.0,0.0,0.0,0.0,1.0,-0.7891809702537543,0.4902742495824598,1.2020761283725907,-1.3868498147302841,-1.420184737708144,0.8883135762925428,-0.5903280073187437,-0.14125327883151229,-0.1781057493664113,-0.16568651602362097,1.580191756725731,-0.1474557687191013
1.0,0.0,0.0,0.0,0.0,1.0,0.0,0.0,1.0,0.0,0.0,0.0,0.0,1.0,0.0,0.0,0.0,0.7884714959884594,0.9525343354578133,0.8106860535262146,-1.095546508722916,0.9258737865415383,1.1717005260672526,-0.45292914509852644,-0.14125327883151229,-0.1781057493664113,0.7110064318490154,1.580191756725731,-0.1474557687191013
0.0,1.0,0.0,0.0,0.0,1.0,0.0,0.0,0.0,0.0,0.0,1.0,0.0,0.0,0.0,0.0,1.0,-0.07206621287092989,-0.039223666965672276,-0.4613316897245075,-0.3187376927032675,-0.7414093781639943,-0.16864315529961704,0.3142145022976868,-0.14125327883151229,-0.1781057493664113,-1.0423794638962574,-0.632834588424933,-0.1474557687191013
0.0,1.0,0.0,0.0,0.0,1.0,0.0,0.0,0.0,0.0,0.0,0.0,1.0,0.0,1.0,0.0,0.0,-1.076026873206884,0.439845876577876,1.2509998877283877,-0.8042432027155477,-1.6953194101447289,0.8576771492898716,-0.6475775332438344,-0.14125327883151229,-0.1781057493664113,-0.4579174986478331,-0.632834588424933,-0.1474557687191013
0.0,0.0,0.0,1.0,0.0,1.0,0.0,0.0,0.0,0.0,1.0,0.0,0.0,0.0,0.0,1.0,0.0,1.6490092048478489,-1.0477911270573526,-0.5591792084361015,0.555172225318837,-0.6458536236650606,-1.049440431626417,-0.6475775332438344,-0.14125327883151229,-0.1781057493664113,-1.6268414291446816,-0.632834588424933,-0.1474557687191013
0.0,0.0,0.0,1.0,0.0,1.0,0.0,0.0,1.0,0.0,0.0,0.0,0.0,1.0,0.0,0.0,0.0,0.5016255930353297,-0.9049107368776979,-1.5376543955520416,0.4580711233163813,0.7232296864834548,-1.4630321961624795,0.4058137437778318,-0.14125327883151229,-0.1781057493664113,-1.6268414291446816,1.580191756725731,-0.1474557687191013
0.0,0.0,0.0,1.0,0.0,1.0,0.0,0.0,1.0,0.0,0.0,0.0,0.0,1.0,0.0,0.0,0.0,0.3582026415587648,-0.9133154657117952,-1.6844256736194325,2.6913964693728705,0.4316198839608468,-1.5779187974224969,1.2531067274691718,-0.14125327883151229,-0.1781057493664113,-1.3346104465204693,1.580191756725731,-0.1474557687191013
0.0,1.0,0.0,0.0,0.0,1.0,0.0,0.0,0.0,0.0,0.0,1.0,0.0,0.0,1.0,0.0,0.0,-0.9326039217303193,0.2213229268913451,0.8596098128820115,-1.095546508722916,-1.8254729378243109,0.5436537725124907,-0.6475775332438344,-0.14125327883151229,-0.1781057493664113,-0.4579174986478331,-0.632834588424933,-0.1474557687191013
0.0,0.0,1.0,0.0,0.0,1.0,0.0,0.0,1.0,0.0,0.0,0.0,0.0,1.0,0.0,0.0,0.0,0.3582026415587648,1.2551045734853175,-0.6081029677918985,1.817486551350766,-0.06098650561124239,0.8346998290378681,2.6499951600413807,-0.14125327883151229,-0.1781057493664113,-0.16568651602362097,1.580191756725731,-0.1474557687191013
0.0,0.0,0.0,1.0,0.0,1.0,0.0,0.0,1.0,0.0,0.0,0.0,0.0,0.0,0.0,1.0,0.0,1.5055862533712838,-1.753788349121529,-0.7548742458592895,0.555172225318837,0.6029612368554865,-1.7234418256851853,-0.6475775332438344,-0.14125327883151229,-0.1781057493664113,-1.6268414291446816,1.580191756725731,-0.1474557687191013
1.0,0.0,0.0,0.0,0.0,1.0,0.0,0.0,0.0,0.0,1.0,0.0,0.0,1.0,0.0,0.0,0.0,0.5016255930353297,0.5322978937529464,1.0063810909494026,-0.3187376927032675,0.9258737865415383,0.8653362560405393,-0.2697306621382367,-0.14125327883151229,-0.1781057493664113,0.7110064318490154,-0.632834588424933,-0.1474557687191013
0.0,0.0,0.0,1.0,0.0,1.0,0.0,0.0,0.0,0.0,0.0,0.0,1.0,0.0,0.0,0.0,1.0,-0.7891809702537543,-0.8712918215413086,0.6149910161030265,-0.6100409987106356,-1.9243237183404491,-0.4826665320769979,-0.6475775332438344,-0.14125327883151229,-0.1781057493664113,-1.6268414291446816,-0.632834588424933,-0.1474557687191013
0.0,0.0,0.0,1.0,0.0,1.0,0.0,0.0,0.0,0.0,0.0,1.0,0.0,0.0,0.0,0.0,1.0,-0.3589121158240597,-1.358766093918954,0.3703722193240416,-1.4839509167327403,-0.44485703661557946,-0.9805084708704065,-0.510178671023617,-0.14125327883151229,-0.1781057493664113,-1.6268414291446816,-0.632834588424933,-0.1474557687191013
1.0,0.0,0.0,0.0,0.0,1.0,0.0,0.0,0.0,0.0,0.0,1.0,0.0,0.0,0.0,1.0,0.0,1.5055862533712838,0.04482362137530108,0.6149910161030265,-1.095546508722916,0.03127422287048668,0.313880569992456,-0.6475775332438344,-0.14125327883151229,-0.1781057493664113,1.0032374144732275,-0.632834588424933,-0.1474557687191013
0.0,1.0,0.0,0.0,0.0,1.0,0.0,0.0,0.0,1.0,0.0,0.0,0.0,0.0,0.0,0.0,1.0,-0.07206621287092989,0.2045134692231505,1.8870087593537486,-0.9013443047180038,-1.6129437597146137,0.8193816155365324,-0.1895813258431099,3.0588641071099905,-0.1781057493664113,-0.4579174986478331,1.580191756725731,3.049437987814808
0.0,0.0,1.0,0.0,0.0,1.0,0.0,0.0,0.0,0.0,0.0,0.0,1.0,0.0,1.0,0.0,0.0,-1.219449824683449,0.4566553342460706,0.7128385348146206,-0.7071421007130917,0.8451456491200253,0.7044950142765151,-0.6475775332438344,-0.14125327883151229,-0.1781057493664113,-0.16568651602362097,-0.632834588424933,-0.1474557687191013
0.0,1.0,0.0,0.0,0.0,1.0,0.0,1.0,0.0,0.0,0.0,0.0,0.0,0.0,0.0,0.0,1.0,-0.3589121158240597,0.1708945538867611,0.7617622941704176,-1.095546508722916,-1.6491890459038643,0.4670627050058125,0.22261526081754202,-0.14125327883151229,-0.1781057493664113,-0.4579174986478331,-0.632834588424933,-0.1474557687191013
0.0,0.0,1.0,0.0,0.0,1.0,0.0,0.0,1.0,0.0,0.0,0.0,0.0,1.0,0.0,0.0,0.0,0.6450485445118945,1.24669984465122,0.5171434973914326,-1.192647610725372,-0.9193407830930432,1.324882661080609,0.05086668304227034,-0.14125327883151229,-0.1781057493664113,-0.16568651602362097,1.580191756725731,-0.1474557687191013
0.0,1.0,0.0,0.0,0.0,1.0,0.0,0.0,0.0,0.0,0.0,1.0,0.0,0.0,1.0,0.0,0.0,-1.6497186791131437,-0.34179390499317636,-0.6081029677918985,-0.5129398967081796,-0.29493335283276967,-0.4826665320769979,-0.6475775332438344,-0.14125327883151229,-0.1781057493664113,-0.7501484812720451,-0.632834588424933,-0.1474557687191013
0.0,0.0,0.0,1.0,0.0,1.0,0.0,0.0,0.0,0.0,0.0,0.0,1.0,0.0,1.0,0.0,0.0,-0.9326039217303193,-1.7117647049510423,0.8106860535262146,-0.1245354886983552,0.9258737865415383,-1.1643270328864344,-0.6475775332438344,-0.14125327883151229,1.873110506278306,-1.6268414291446816,-0.632834588424933,-0.07438391142689764
0.0,1.0,0.0,0.0,0.0,1.0,1.0,0.0,0.0,0.0,0.0,0.0,0.0,0.0,0.0,1.0,0.0,1.5055862533712838,0.2717512998959292,-1.6355019142636356,0.263868919311469,0.9258737865415383,-0.6128713468383509,-0.6475775332438344,-0.14125327883151229,-0.1781057493664113,-0.7501484812720451,-0.632834588424933,-0.1474557687191013
0.0,0.0,1.0,0.0,0.0,1.0,0.0,0.0,1.0,0.0,0.0,0.0,0.0,1.0,0.0,0.0,0.0,0.7884714959884594,1.3307471329921934,-0.6570267271476955,-0.3187376927032675,0.9258737865415383,0.8729953627912072,1.5164545467245882,-0.14125327883151229,-0.1781057493664113,0.12654446660059115,1.580191756725731,-0.1474557687191013
0.0,0.0,0.0,1.0,1.0,0.0,0.0,0.0,0.0,1.0,0.0,0.0,0.0,0.0,0.0,0.0,1.0,-0.7891809702537543,-0.6863877871911671,1.2509998877283877,-0.41583879470572344,-2.107197662295305,-0.14566583504761357,-0.6475775332438344,-0.049821353518897916,-0.1781057493664113,1.5876993797216516,1.580191756725731,-0.05611594710384673
1.0,0.0,0.0,0.0,1.0,0.0,0.0,0.0,0.0,1.0,0.0,0.0,0.0,0.0,0.0,1.0,0.0,0.9318944474650244,0.7760350299417694,-0.2656366523013195,0.9435766333286616,0.9258737865415383,0.6049266265178332,-0.1437817051030375,-0.14125327883151229,-0.1781057493664113,0.7110064318490154,1.580191756725731,-0.1474557687191013
0.0,0.0,0.0,1.0,1.0,0.0,0.0,0.0,0.0,1.0,0.0,0.0,0.0,0.0,0.0,1.0,0.0,1.362163301894719,-1.232695161407494,-1.1462643207056655,-0.7071421007130917,0.9258737865415383,-1.486009516414483,-0.6475775332438344,-0.14125327883151229,-0.1781057493664113,1.5876993797216516,1.580191756725731,-0.1474557687191013
0.0,0.0,0.0,1.0,0.0,1.0,0.0,0.0,0.0,1.0,0.0,0.0,0.0,0.0,0.0,0.0,1.0,-0.3589121158240597,-1.3671708227530512,-0.6081029677918985,-0.9013443047180038,-0.571715538277957,-1.3404864881517942,-0.4758289554685627,-0.14125327883151229,-0.1781057493664113,-1.6268414291446816,1.580191756725731,-0.1474557687191013
1.0,0.0,0.0,0.0,0.0,1.0,0.0,0.0,0.0,0.0,0.0,1.0,0.0,1.0,0.0,0.0,0.0,0.5016255930353297,0.2969654863982213,0.46821973803563555,-0.22163659070081138,-0.7957773074478703,0.4823809185071481,1.1271577704339728,-0.14125327883151229,-0.1781057493664113,1.0032374144732275,-0.632834588424933,-0.1474557687191013
0.0,0.0,0.0,1.0,0.0,1.0,0.0,0.0,0.0,0.0,1.0,0.0,0.0,1.0,0.0,0.0,0.0,0.21477969008219988,-1.0309816693891578,-0.6081029677918985,-0.3187376927032675,0.2635735570834117,-1.0570995383770847,0.2684148815576145,-0.14125327883151229,-0.1781057493664113,1.5876993797216516,-0.632834588424933,-0.1474557687191013
0.0,1.0,0.0,0.0,0.0,1.0,0.0,0.0,1.0,0.0,0.0,0.0,0.0,0.0,1.0,0.0,0.0,-1.362872776160014,-0.9049107368776979,-0.11886537423392847,-1.095546508722916,0.9258737865415383,-0.7507352683503716,-0.6475775332438344,-0.14125327883151229,-0.1781057493664113,-1.0423794638962574,1.580191756725731,-0.1474557687191013
0.0,0.0,1.0,0.0,0.0,1.0,1.0,0.0,0.0,0.0,0.0,0.0,0.0,0.0,0.0,0.0,1.0,-0.2154891643474948,1.5240558961764321,0.12575342254505653,0.555172225318837,-0.8847430099123949,1.409132835337955,1.3103562533942623,-0.14125327883151229,-0.1781057493664113,0.12654446660059115,-0.632834588424933,-0.1474557687191013
0.0,0.0,1.0,0.0,0.0,1.0,0.0,1.0,0.0,0.0,0.0,0.0,0.0,1.0,0.0,0.0,0.0,0.3582026415587648,1.4063896924990695,-1.0973405613498686,0.263868919311469,-0.09228925277468619,0.6738585872738436,2.363747530415928,-0.14125327883151229,-0.1781057493664113,-0.16568651602362097,-0.632834588424933,-0.1474557687191013
0.0,0.0,0.0,1.0,0.0,1.0,0.0,1.0,0.0,0.0,0.0,0.0,0.0,1.0,0.0,0.0,0.0,0.3582026415587648,-0.6275546853524858,-0.9994930426382745,-0.1245354886983552,-0.5783055903123662,-0.9115765101143961,0.6119120371081578,-0.14125327883151229,-0.1781057493664113,-1.3346104465204693,-0.632834588424933,-0.1474557687191013
0.0,1.0,0.0,0.0,0.0,1.0,0.0,0.0,0.0,0.0,0.0,0.0,1.0,1.0,0.0,0.0,0.0,0.6450485445118945,0.8432728606145482,-1.9290444703984175,1.3319810413384858,0.7133446084318409,-0.4673483185756622,1.9401010385702582,-0.14125327883151229,-0.1781057493664113,-0.7501484812720451,-0.632834588424933,-0.1474557687191013
0.0,1.0,0.0,0.0,0.0,1.0,0.0,1.0,0.0,0.0,0.0,0.0,0.0,0.0,1.0,0.0,0.0,-1.6497186791131437,-0.40062700683185765,0.027905903833462538,0.36097002131392514,0.7808926417845354,-0.2758706498089666,-0.6475775332438344,-0.14125327883151229,-0.1781057493664113,-0.7501484812720451,-0.632834588424933,-0.1474557687191013
0.0,1.0,0.0,0.0,0.0,1.0,0.0,0.0,0.0,0.0,0.0,0.0,1.0,0.0,1.0,0.0,0.0,-1.362872776160014,-0.3670080914954684,-0.7059504865034925,-0.1245354886983552,0.4052596758232099,-0.5439393860823405,-0.6475775332438344,-0.14125327883151229,-0.1781057493664113,-0.7501484812720451,-0.632834588424933,-0.1474557687191013
0.0,0.0,0.0,1.0,0.0,1.0,0.0,0.0,0.0,0.0,0.0,1.0,0.0,0.0,0.0,1.0,0.0,1.0753173989415892,-1.3671708227530512,-0.6570267271476955,-1.6781531207376523,0.9258737865415383,-1.3634638084037978,-0.6475775332438344,-0.14125327883151229,-0.1781057493664113,1.5876993797216516,-0.632834588424933,-0.1474557687191013
0.0,1.0,0.0,0.0,0.0,1.0,0.0,0.0,0.0,1.0,0.0,0.0,0.0,0.0,0.0,0.0,1.0,-0.2154891643474948,-0.4930790240069284,-0.2656366523013195,-0.1245354886983552,-1.2010655075640373,-0.4596892118249944,-0.13233179991801938,-0.14125327883151229,-0.1781057493664113,-1.0423794638962574,1.580191756725731,-0.1474557687191013
0.0,0.0,1.0,0.0,0.0,1.0,0.0,0.0,0.0,0.0,0.0,0.0,1.0,0.0,0.0,1.0,0.0,0.9318944474650244,1.6081031845174059,-0.021017855522334466,0.7493744293237493,0.18943547169630795,1.4167919420886228,-0.1437817051030375,-0.14125327883151229,-0.1781057493664113,0.12654446660059115,-0.632834588424933,-0.1474557687191013
0.0,1.0,0.0,0.0,0.0,1.0,0.0,1.0,0.0,0.0,0.0,0.0,0.0,0.0,1.0,0.0,0.0,-0.9326039217303193,0.09525199437988507,1.2999236470841846,-1.192647610725372,-0.04286386251661704,0.5666310927644941,-0.6475775332438344,-0.14125327883151229,-0.1781057493664113,-0.4579174986478331,-0.632834588424933,-0.1474557687191013
0.0,0.0,1.0,0.0,0.0,1.0,0.0,0.0,0.0,0.0,0.0,0.0,1.0,1.0,0.0,0.0,0.0,0.3582026415587648,2.1544105587337326,-0.9994930426382745,0.6522733273212932,0.8319655450512069,1.3402008745819447,2.924792884481816,-0.14125327883151229,-0.1781057493664113,0.41877544922480325,-0.632834588424933,-0.1474557687191013
0.0,1.0,0.0,0.0,0.0,1.0,0.0,0.0,0.0,0.0,1.0,0.0,0.0,0.0,0.0,0.0,1.0,-0.07206621287092989,0.13727563855037175,-0.6570267271476955,1.2348799393360297,0.594723671812475,-0.11502940804494227,1.276006537839208,-0.14125327883151229,-0.1781057493664113,-0.4579174986478331,-0.632834588424933,-0.1474557687191013
0.0,1.0,0.0,0.0,0.0,1.0,0.0,0.0,1.0,0.0,0.0,0.0,0.0,1.0,0.0,0.0,0.0,0.6450485445118945,1.3391518618262908,-1.3419593581288536,1.1377788373335735,-0.9045131660156225,0.44408538475380893,1.9401010385702582,-0.14125327883151229,-0.1781057493664113,-0.4579174986478331,1.580191756725731,-0.1474557687191013
0.0,0.0,0.0,1.0,0.0,1.0,0.0,0.0,0.0,0.0,0.0,1.0,0.0,1.0,0.0,0.0,0.0,0.07135673860563499,-1.30833772091437,-1.3419593581288536,0.8464755313262055,0.5601258986318266,-1.6545098649291752,0.5890122267381216,-0.14125327883151229,5.71914098561215,1.5876993797216516,-0.632834588424933,0.06262582099598415
1.0,0.0,0.0,0.0,0.0,1.0,1.0,0.0,0.0,0.0,0.0,0.0,0.0,0.0,0.0,1.0,0.0,1.362163301894719,0.3978222324073893,0.3703722193240416,-0.6100409987106356,0.9258737865415383,0.535994665761823,-0.6475775332438344,-0.14125327883151229,-0.1781057493664113,0.7110064318490154,-0.632834588424933,-0.1474557687191013
0.0,0.0,1.0,0.0,1.0,0.0,0.0,0.0,0.0,0.0,0.0,0.0,1.0,0.0,0.0,1.0,0.0,1.362163301894719,0.7592255722735748,0.6639147754588236,0.7493744293237493,-0.8484977237231441,0.9572455370485534,-0.6475775332438344,-0.14125327883151229,-0.1781057493664113,-0.16568651602362097,-0.632834588424933,-0.1474557687191013
0.0,0.0,0.0,1.0,0.0,1.0,0.0,1.0,0.0,0.0,0.0,0.0,0.0,1.0,0.0,0.0,0.0,0.21477969008219988,-1.6865505184487501,-1.6355019142636356,2.4000931633655025,0.924226273532936,-2.144692696971916,1.974450754125313,-0.14125327883151229,-0.1781057493664113,-1.3346104465204693,-0.632834588424933,-0.1474557687191013
1.0,0.0,0.0,0.0,1.0,0.0,0.0,0.0,0.0,0.0,0.0,1.0,0.0,0.0,0.0,1.0,0.0,1.362163301894719,0.31377494406641593,-0.31456041165711646,-0.1245354886983552,0.9258737865415383,0.19133486198177074,-0.6475775332438344,-0.14125327883151229,-0.1781057493664113,1.0032374144732275,-0.632834588424933,-0.1474557687191013
0.0,0.0,0.0,1.0,0.0,1.0,0.0,0.0,0.0,0.0,1.0,0.0,0.0,0.0,0.0,0.0,1.0,-0.3589121158240597,-1.7621930779556263,-0.5102554490803045,-0.5129398967081796,0.8039578239049677,-1.6315325446771716,-0.4872788606535808,-0.14125327883151229,-0.1781057493664113,-1.6268414291446816,-0.632834588424933,-0.1474557687191013
0.0,0.0,0.0,1.0,0.0,1.0,0.0,0.0,0.0,1.0,0.0,0.0,0.0,0.0,1.0,0.0,0.0,-1.076026873206884,-0.8040539908685298,0.7128385348146206,-0.7071421007130917,-0.6227884415446283,-0.39075725106898396,-0.6475775332438344,-0.14125327883151229,-0.1781057493664113,1.5876993797216516,1.580191756725731,-0.1474557687191013
0.0,1.0,0.0,0.0,0.0,1.0,0.0,0.0,0.0,0.0,0.0,0.0,1.0,0.0,0.0,0.0,1.0,-0.7891809702537543,0.40622696124148644,1.6913137219305607,-0.8042432027155477,-2.036354602925406,0.9495864302978855,-0.6475775332438344,-0.049821353518897916,-0.1781057493664113,-0.4579174986478331,-0.632834588424933,-0.05611594710384673
0.0,0.0,0.0,1.0,1.0,0.0,0.0,0.0,1.0,0.0,0.0,0.0,0.0,0.0,0.0,0.0,1.0,-0.5023350673006246,-1.6949552472828473,-1.3908831174846505,-0.02743438669589927,0.9110461694641175,-1.9915105619585594,-0.6017779125037619,-0.14125327883151229,-0.1781057493664113,-1.3346104465204693,1.580191756725731,-0.1474557687191013
0.0,0.0,0.0,1.0,0.0,1.0,0.0,0.0,0.0,0.0,0.0,0.0,1.0,0.0,0.0,0.0,1.0,-0.6457580187771894,-0.8881012792095032,0.6149910161030265,-0.8042432027155477,-1.8930209711770054,-0.49798474557833355,-0.6475775332438344,-0.14125327883151229,-0.1781057493664113,-1.6268414291446816,-0.632834588424933,-0.1474557687191013
0.0,1.0,0.0,0.0,0.0,1.0,0.0,0.0,1.0,0.0,0.0,0.0,0.0,0.0,0.0,0.0,1.0,-0.7891809702537543,-1.005767482886866,0.9574573315936056,-0.6100409987106356,-1.4827902320350315,-0.5056438523290013,-0.6475775332438344,-0.14125327883151229,-0.1781057493664113,-1.0423794638962574,1.580191756725731,-0.1474557687191013
1.0,0.0,0.0,0.0,0.0,1.0,0.0,1.0,0.0,0.0,0.0,0.0,0.0,1.0,0.0,0.0,0.0,0.7884714959884594,1.1962714716466363,-0.7548742458592895,0.8464755313262055,0.9258737865415383,0.7121541210271828,0.7836606148834294,-0.14125327883151229,-0.1781057493664113,0.7110064318490154,-0.632834588424933,-0.1474557687191013
0.0,1.0,0.0,0.0,0.0,1.0,1.0,0.0,0.0,0.0,0.0,0.0,0.0,0.0,0.0,0.0,1.0,-0.2154891643474948,0.4314411477437785,-1.0973405613498686,-0.7071421007130917,-1.3476941653296426,-0.11502940804494227,1.6309535985747694,-0.14125327883151229,-0.1781057493664113,-0.7501484812720451,-0.632834588424933,-0.1474557687191013
0.0,0.0,1.0,0.0,0.0,1.0,0.0,0.0,0.0,0.0,0.0,1.0,0.0,0.0,0.0,1.0,0.0,1.6490092048478489,0.7424161146053799,-0.11886537423392847,-0.9984454067204599,0.7578274596641031,0.6432221602711724,-0.6475775332438344,-0.14125327883151229,-0.1781057493664113,-0.16568651602362097,-0.632834588424933,-0.1474557687191013
0.0,0.0,1.0,0.0,0.0,1.0,0.0,0.0,0.0,0.0,1.0,0.0,0.0,0.0,0.0,1.0,0.0,0.9318944474650244,1.2130809293148308,0.9085335722378086,0.36097002131392514,0.7561799466555008,1.4321101555899585,-0.12088189473300126,-0.14125327883151229,-0.1781057493664113,0.12654446660059115,-0.632834588424933,-0.1474557687191013
0.0,1.0,0.0,0.0,0.0,1.0,0.0,0.0,0.0,0.0,0.0,1.0,0.0,0.0,0.0,0.0,1.0,-0.07206621287092989,0.4566553342460706,-1.5376543955520416,-0.41583879470572344,0.2833437131866393,-0.39075725106898396,2.3179479096758557,-0.14125327883151229,-0.1781057493664113,-0.7501484812720451,-0.632834588424933,-0.1474557687191013
1.0,0.0,0.0,0.0,0.0,1.0,1.0,0.0,0.0,0.0,0.0,0.0,0.0,0.0,1.0,0.0,0.0,-1.5062957276365787,0.7172019281030881,0.9085335722378086,0.8464755313262055,0.5584783856232243,0.9955410708018925,-0.6475775332438344,-0.14125327883151229,-0.1781057493664113,0.7110064318490154,-0.632834588424933,-0.1474557687191013
0.0,0.0,1.0,0.0,0.0,1.0,0.0,0.0,0.0,0.0,0.0,0.0,1.0,1.0,0.0,0.0,0.0,0.3582026415587648,1.6501268286878925,-0.4613316897245075,-0.22163659070081138,-1.1088047790823083,1.2406324868232628,2.3522976252309102,-0.14125327883151229,-0.1781057493664113,0.12654446660059115,-0.632834588424933,-0.1474557687191013
0.0,0.0,0.0,1.0,0.0,1.0,0.0,0.0,0.0,0.0,0.0,0.0,1.0,0.0,1.0,0.0,0.0,-1.5062957276365787,-1.9555018411398648,-0.31456041165711646,-0.1245354886983552,0.9209312475157313,-1.7234418256851853,-0.6475775332438344,-0.14125327883151229,-0.1781057493664113,1.5876993797216516,-0.632834588424933,-0.1474557687191013
0.0,1.0,0.0,0.0,0.0,1.0,0.0,1.0,0.0,0.0,0.0,0.0,0.0,0.0,0.0,1.0,0.0,1.6490092048478489,-0.29136553198859233,-0.7548742458592895,-0.5129398967081796,-0.17301739019619913,-0.5056438523290013,-0.6475775332438344,-0.14125327883151229,-0.1781057493664113,-0.7501484812720451,-0.632834588424933,-0.1474557687191013
0.0,0.0,0.0,1.0,0.0,1.0,0.0,0.0,1.0,0.0,0.0,0.0,0.0,1.0,0.0,0.0,0.0,0.07135673860563499,-0.8292681773708219,0.27252470061244755,-0.9013443047180038,-1.9440938744436769,-0.5515984928330082,-0.10943198954798321,-0.14125327883151229,-0.1781057493664113,1.5876993797216516,1.580191756725731,-0.1474557687191013
0.0,0.0,0.0,1.0,1.0,0.0,0.0,0.0,0.0,1.0,0.0,0.0,0.0,1.0,0.0,0.0,0.0,0.3582026415587648,-0.8460776350390165,-1.4887306361962445,2.011688755355678,0.8533832141630369,-1.3787820219051332,0.6119120371081578,-0.14125327883151229,-0.1781057493664113,1.5876993797216516,1.580191756725731,-0.1474557687191013
0.0,1.0,0.0,0.0,0.0,1.0,0.0,0.0,0.0,0.0,1.0,0.0,0.0,0.0,0.0,1.0,0.0,1.2187403504181542,0.8432728606145482,-0.021017855522334466,1.1377788373335735,0.843498136111423,0.7657678682818577,-0.5788781021337256,-0.14125327883151229,-0.1781057493664113,-0.4579174986478331,-0.632834588424933,-0.1474557687191013
0.0,0.0,0.0,1.0,0.0,1.0,0.0,0.0,0.0,1.0,0.0,0.0,0.0,0.0,1.0,0.0,0.0,-1.362872776160014,-1.8294309086284049,-0.9016455239266805,1.0406777353311174,0.9258737865415383,-1.8459875336958707,-0.6475775332438344,-0.14125327883151229,-0.1781057493664113,1.5876993797216516,1.580191756725731,-0.1474557687191013
1.0,0.0,0.0,0.0,0.0,1.0,0.0,0.0,0.0,1.0,0.0,0.0,0.0,0.0,0.0,1.0,0.0,1.0753173989415892,0.1540850962185665,-0.6081029677918985,-0.3187376927032675,0.027979196853282068,-0.07673387429160315,-0.6475775332438344,-0.14125327883151229,-0.1781057493664113,1.0032374144732275,1.580191756725731,-0.1474557687191013
1.0,0.0,0.0,0.0,0.0,1.0,0.0,0.0,0.0,0.0,1.0,0.0,0.0,0.0,0.0,0.0,1.0,-0.6457580187771894,0.4146316900755839,1.7891612406421546,-0.1245354886983552,-1.7513348524372072,0.9802228573005569,-0.6475775332438344,1.230225600857703,-0.1781057493664113,0.7110064318490154,-0.632834588424933,1.2226415555097168
0.0,0.0,1.0,0.0,0.0,1.0,0.0,0.0,0.0,0.0,1.0,0.0,0.0,1.0,0.0,0.0,0.0,0.21477969008219988,1.6417220998537951,-0.5591792084361015,0.9435766333286616,0.3344166164533108,1.187018739568588,3.1995906089222506,-0.14125327883151229,-0.1781057493664113,0.12654446660059115,-0.632834588424933,-0.1474557687191013
0.0,0.0,1.0,0.0,0.0,1.0,0.0,1.0,0.0,0.0,0.0,0.0,0.0,0.0,0.0,1.0,0.0,1.2187403504181542,0.6079404532598227,1.7891612406421546,-0.9013443047180038,-0.10876438286070923,1.1563823125659167,-0.6246777228737981,0.7730659742946313,-0.1781057493664113,0.12654446660059115,-0.632834588424933,0.7659424474334442
0.0,0.0,0.0,1.0,0.0,1.0,0.0,1.0,0.0,0.0,0.0,0.0,0.0,1.0,0.0,0.0,0.0,0.07135673860563499,-1.535265399434998,-1.2441118394172594,2.7884975713753266,0.881390935309276,-1.784714679690528,0.7951105200684475,-0.14125327883151229,-0.1781057493664113,1.5876993797216516,-0.632834588424933,-0.1474557687191013
0.0,0.0,1.0,0.0,0.0,1.0,0.0,0.0,0.0,0.0,1.0,0.0,0.0,0.0,0.0,1.0,0.0,1.5055862533712838,1.2551045734853175,0.8596098128820115,-0.22163659070081138,0.1713128286016826,1.455087475841962,-0.6475775332438344,-0.14125327883151229,-0.1781057493664113,0.12654446660059115,-0.632834588424933,-0.1474557687191013
0.0,0.0,0.0,1.0,1.0,0.0,1.0,0.0,0.0,0.0,0.0,0.0,0.0,0.0,0.0,0.0,1.0,-0.7891809702537543,-1.535265399434998,-0.8037980052150865,-0.9984454067204599,0.8929235263694921,-1.5626005839211612,-0.6475775332438344,-0.14125327883151229,-0.1781057493664113,-1.3346104465204693,-0.632834588424933,-0.1474557687191013
0.0,0.0,1.0,0.0,0.0,1.0,0.0,0.0,1.0,0.0,0.0,0.0,0.0,0.0,0.0,1.0,0.0,1.5055862533712838,0.8684870471168399,1.4466949251515757,-0.8042432027155477,-0.469569731744614,1.2942462340779375,-0.6475775332438344,-0.14125327883151229,-0.1781057493664113,-0.16568651602362097,1.580191756725731,-0.1474557687191013
0.0,0.0,0.0,1.0,0.0,1.0,0.0,0.0,0.0,0.0,1.0,0.0,0.0,0.0,0.0,1.0,0.0,1.362163301894719,-1.5016464840986088,-0.6570267271476955,-0.9013443047180038,-0.14336215604135763,-1.4706913029131474,-0.6475775332438344,-0.14125327883151229,-0.1781057493664113,1.5876993797216516,-0.632834588424933,-0.1474557687191013
0.0,0.0,0.0,1.0,0.0,1.0,0.0,0.0,0.0,1.0,0.0,0.0,0.0,0.0,1.0,0.0,0.0,-1.5062957276365787,-1.409194466923538,1.0063810909494026,-0.8042432027155477,-1.647541532895262,-0.8503036561090535,-0.6475775332438344,-0.14125327883151229,-0.1781057493664113,-1.6268414291446816,1.580191756725731,-0.1474557687191013
0.0,1.0,0.0,0.0,0.0,1.0,0.0,0.0,1.0,0.0,0.0,0.0,0.0,0.0,0.0,0.0,1.0,-0.3589121158240597,0.1708945538867611,-0.11886537423392847,-0.02743438669589927,-1.5569283174221353,0.1530393282284316,1.150057580804009,-0.14125327883151229,-0.1781057493664113,-0.7501484812720451,1.580191756725731,-0.1474557687191013
1.0,0.0,0.0,0.0,0.0,1.0,0.0,0.0,1.0,0.0,0.0,0.0,0.0,0.0,1.0,0.0,0.0,-1.219449824683449,0.7172019281030881,1.0553048503051996,-0.5129398967081796,0.9258737865415383,1.0414957113058994,-0.6475775332438344,-0.14125327883151229,-0.1781057493664113,0.7110064318490154,1.580191756725731,-0.1474557687191013
0.0,1.0,0.0,0.0,0.0,1.0,1.0,0.0,0.0,0.0,0.0,0.0,0.0,0.0,0.0,0.0,1.0,-0.2154891643474948,-1.2495046190756887,-1.3908831174846505,0.36097002131392514,0.2800486871694347,-1.6391916514278395,1.1729573911740452,-0.14125327883151229,-0.1781057493664113,-1.0423794638962574,-0.632834588424933,-0.1474557687191013
1.0,0.0,0.0,0.0,0.0,1.0,0.0,0.0,0.0,0.0,0.0,0.0,1.0,0.0,1.0,0.0,0.0,-1.219449824683449,-0.5855310411819992,0.3703722193240416,-1.192647610725372,-0.14995220807576687,-0.3141661835623057,-0.6475775332438344,-0.14125327883151229,-0.1781057493664113,1.2954683970974397,-0.632834588424933,-0.1474557687191013
0.0,0.0,0.0,1.0,0.0,1.0,0.0,0.0,0.0,0.0,1.0,0.0,0.0,0.0,0.0,0.0,1.0,-0.6457580187771894,-1.5184559417668033,-1.3419593581288536,-1.192647610725372,0.9258737865415383,-1.8230102134438673,-0.6475775332438344,-0.14125327883151229,-0.1781057493664113,1.5876993797216516,-0.632834588424933,-0.1474557687191013
0.0,0.0,0.0,1.0,0.0,1.0,0.0,1.0,0.0,0.0,0.0,0.0,0.0,1.0,0.0,0.0,0.0,0.6450485445118945,-0.9469343810481845,0.8596098128820115,-0.9013443047180038,-1.6936718971361266,-0.47500742532633,-0.10943198954798321,-0.14125327883151229,6.74474911343451,1.5876993797216516,-0.632834588424933,0.099161749642086
0.0,0.0,0.0,1.0,0.0,1.0,0.0,0.0,0.0,0.0,0.0,1.0,0.0,0.0,0.0,0.0,1.0,-0.2154891643474948,-1.980716027642157,-0.6570267271476955,1.5261832453433977,0.686984400294204,-1.8689648539478743,0.03941677785725222,-0.14125327883151229,-0.1781057493664113,1.5876993797216516,-0.632834588424933,-0.1474557687191013
0.0,1.0,0.0,0.0,1.0,0.0,0.0,0.0,0.0,0.0,1.0,0.0,0.0,0.0,0.0,1.0,0.0,0.9318944474650244,-1.1654573307347154,-0.9016455239266805,2.885598673377783,-0.014856141370377858,-1.3021909543984551,-0.15523161028805563,-0.14125327883151229,-0.1781057493664113,-1.0423794638962574,-0.632834588424933,-0.1474557687191013
1.0,0.0,0.0,0.0,0.0,1.0,0.0,1.0,0.0,0.0,0.0,0.0,0.0,1.0,0.0,0.0,0.0,0.3582026415587648,0.5995357244257252,-1.6844256736194325,-0.22163659070081138,0.9258737865415383,-0.4060754645703196,1.4134054000594254,-0.14125327883151229,-0.1781057493664113,1.0032374144732275,-0.632834588424933,-0.1474557687191013
1.0,0.0,0.0,0.0,0.0,1.0,0.0,0.0,0.0,0.0,1.0,0.0,0.0,0.0,0.0,1.0,0.0,1.2187403504181542,-0.29977026082268965,-0.4613316897245075,-0.41583879470572344,-0.8567352887661557,-0.3830981443183162,-0.6475775332438344,-0.14125327883151229,-0.1781057493664113,1.2954683970974397,-0.632834588424933,-0.1474557687191013
0.0,0.0,0.0,1.0,0.0,1.0,0.0,0.0,0.0,0.0,1.0,0.0,0.0,1.0,0.0,0.0,0.0,0.6450485445118945,-1.787407264457918,-0.9505692832824775,1.0406777353311174,0.6079037758812934,-1.8383284269452027,0.07376649341230658,-0.14125327883151229,-0.1781057493664113,-1.6268414291446816,-0.632834588424933,-0.1474557687191013
1.0,0.0,0.0,0.0,0.0,1.0,0.0,0.0,1.0,0.0,0.0,0.0,0.0,0.0,0.0,1.0,0.0,1.2187403504181542,0.6163451820939199,-0.31456041165711646,-0.5129398967081796,0.9258737865415383,0.45174449150447676,-0.6475775332438344,-0.14125327883151229,-0.1781057493664113,0.7110064318490154,1.580191756725731,-0.1474557687191013
1.0,0.0,0.0,0.0,1.0,0.0,0.0,1.0,0.0,0.0,0.0,0.0,0.0,1.0,0.0,0.0,0.0,0.5016255930353297,0.7340113857712828,-1.2930355987730566,1.5261832453433977,0.9258737865415383,-0.0001428067849248955,2.1232995215305484,-0.14125327883151229,-0.1781057493664113,0.7110064318490154,-0.632834588424933,-0.1474557687191013
1.0,0.0,0.0,0.0,0.0,1.0,0.0,1.0,0.0,0.0,0.0,0.0,0.0,1.0,0.0,0.0,0.0,0.07135673860563499,1.019772166130592,-0.4124079303687105,-0.02743438669589927,0.4480950140468698,0.7427905480298542,2.5927456341162904,-0.14125327883151229,-0.1781057493664113,0.7110064318490154,-0.632834588424933,-0.1474557687191013
0.0,0.0,0.0,1.0,0.0,1.0,0.0,0.0,0.0,0.0,0.0,1.0,0.0,1.0,0.0,0.0,0.0,0.3582026415587648,-0.5687215835138044,-0.9016455239266805,-0.9013443047180038,-0.8155474635510981,-0.8120081223557143,-0.25828075695321856,-0.14125327883151229,-0.1781057493664113,-1.3346104465204693,-0.632834588424933,-0.1474557687191013
0.0,0.0,0.0,1.0,0.0,1.0,0.0,0.0,0.0,0.0,0.0,1.0,0.0,0.0,0.0,0.0,1.0,-0.6457580187771894,-1.7033599761169447,0.5660672567472296,0.16676781730901283,0.8369080840770138,-1.2255998868917768,-0.6475775332438344,-0.14125327883151229,-0.1781057493664113,-1.3346104465204693,-0.632834588424933,-0.1474557687191013
0.0,0.0,1.0,0.0,0.0,1.0,0.0,0.0,0.0,0.0,0.0,1.0,0.0,0.0,0.0,1.0,0.0,1.0753173989415892,0.9357248777896187,1.7402374812863577,2.885598673377783,-1.9704540825813137,1.4397692623406264,-0.61322781768878,1.230225600857703,-0.1781057493664113,-0.16568651602362097,-0.632834588424933,1.2226415555097168
0.0,0.0,1.0,0.0,0.0,1.0,0.0,0.0,0.0,0.0,0.0,0.0,1.0,0.0,0.0,0.0,1.0,-0.07206621287092989,1.1878667428125387,1.1531523690167935,-0.8042432027155477,-0.5684205122607523,1.4933830095953011,0.4172636489628499,-0.14125327883151229,-0.1781057493664113,0.12654446660059115,-0.632834588424933,-0.1474557687191013
0.0,0.0,1.0,0.0,0.0,1.0,0.0,1.0,0.0,0.0,0.0,0.0,0.0,0.0,0.0,0.0,1.0,-0.3589121158240597,0.9777485219601053,0.027905903833462538,-0.6100409987106356,-1.3542842173640517,0.9036317897938787,1.4134054000594254,-0.14125327883151229,-0.1781057493664113,-0.16568651602362097,-0.632834588424933,-0.1474557687191013
0.0,0.0,1.0,0.0,0.0,1.0,0.0,0.0,0.0,0.0,0.0,1.0,0.0,0.0,0.0,1.0,0.0,1.6490092048478489,0.7172019281030881,1.4956186845073727,2.497194265367958,-1.2191881506586628,1.1793596328179201,-0.6475775332438344,-0.14125327883151229,-0.1781057493664113,-0.16568651602362097,-0.632834588424933,-0.1474557687191013
0.0,0.0,0.0,1.0,0.0,1.0,0.0,1.0,0.0,0.0,0.0,0.0,0.0,0.0,0.0,1.0,0.0,1.6490092048478489,-1.4680275687622195,-0.021017855522334466,0.6522733273212932,0.9258737865415383,-1.2026225666397736,-0.6475775332438344,-0.14125327883151229,-0.1781057493664113,-1.3346104465204693,-0.632834588424933,-0.1474557687191013
0.0,1.0,0.0,0.0,0.0,1.0,0.0,0.0,0.0,0.0,0.0,0.0,1.0,0.0,1.0,0.0,0.0,-0.9326039217303193,-0.29977026082268965,0.32144845996824456,-0.8042432027155477,0.9258737865415383,-0.08439298104227094,-0.6475775332438344,-0.14125327883151229,-0.1781057493664113,-0.4579174986478331,-0.632834588424933,-0.1474557687191013
0.0,0.0,0.0,1.0,0.0,1.0,0.0,0.0,1.0,0.0,0.0,0.0,0.0,0.0,0.0,0.0,1.0,-0.7891809702537543,-2.384143011678829,-0.5591792084361015,-0.9984454067204599,0.7957202588619562,-2.1676700172239194,-0.6475775332438344,-0.14125327883151229,0.5911003465003576,-1.6268414291446816,1.580191756725731,-0.12005382223452492
0.0,0.0,0.0,1.0,0.0,1.0,0.0,0.0,0.0,0.0,0.0,0.0,1.0,0.0,0.0,0.0,1.0,-0.3589121158240597,-1.7453836202874313,0.17467718190085355,1.817486551350766,0.32782656441890157,-1.3787820219051332,-0.49872876583859893,-0.14125327883151229,1.616708474322716,-1.6268414291446816,-0.632834588424933,-0.08351789358842311
0.0,0.0,1.0,0.0,0.0,1.0,0.0,0.0,0.0,1.0,0.0,0.0,0.0,0.0,1.0,0.0,0.0,-1.362872776160014,0.6583688262644065,1.3977711657957785,0.06966671530655688,-2.0034043427533597,1.0951094585605743,-0.6475775332438344,-0.14125327883151229,-0.1781057493664113,-0.16568651602362097,1.580191756725731,-0.1474557687191013
0.0,0.0,0.0,1.0,1.0,0.0,0.0,0.0,1.0,0.0,0.0,0.0,0.0,0.0,0.0,0.0,1.0,-0.07206621287092989,-1.333551907416662,-1.9290444703984175,0.8464755313262055,0.8550307271716391,-2.1063971632185767,1.5393543570946244,-0.14125327883151229,-0.1781057493664113,-1.3346104465204693,1.580191756725731,-0.1474557687191013
0.0,1.0,0.0,0.0,0.0,1.0,0.0,0.0,0.0,0.0,0.0,0.0,1.0,0.0,0.0,0.0,1.0,-0.2154891643474948,0.8180586741122561,1.7891612406421546,-0.02743438669589927,-2.0791899411490657,1.3478599813326124,-0.5903280073187437,0.7730659742946313,-0.1781057493664113,-0.4579174986478331,-0.632834588424933,0.7659424474334442
1.0,0.0,0.0,0.0,0.0,1.0,0.0,0.0,1.0,0.0,0.0,0.0,0.0,0.0,0.0,0.0,1.0,-0.07206621287092989,0.9357248777896187,-0.8527217645708836,-0.22163659070081138,0.6260264189759187,0.44408538475380893,2.3522976252309102,-0.14125327883151229,-0.1781057493664113,0.7110064318490154,1.580191756725731,-0.1474557687191013
0.0,0.0,1.0,0.0,0.0,1.0,1.0,0.0,0.0,0.0,0.0,0.0,0.0,0.0,1.0,0.0,0.0,-0.9326039217303193,0.465060063080168,1.2999236470841846,-0.7071421007130917,-1.7365072353597866,0.8959726830432108,-0.6475775332438344,-0.14125327883151229,-0.1781057493664113,-0.16568651602362097,-0.632834588424933,-0.1474557687191013
0.0,0.0,0.0,1.0,0.0,1.0,0.0,1.0,0.0,0.0,0.0,0.0,0.0,0.0,1.0,0.0,0.0,-1.6497186791131437,-1.0225769405550604,-0.8037980052150865,-0.6100409987106356,-0.27516319672954204,-1.133690605883763,-0.6475775332438344,-0.14125327883151229,-0.1781057493664113,-1.6268414291446816,-0.632834588424933,-0.1474557687191013
0.0,0.0,0.0,1.0,0.0,1.0,0.0,1.0,0.0,0.0,0.0,0.0,0.0,0.0,1.0,0.0,0.0,-1.6497186791131437,-1.7453836202874313,-0.31456041165711646,1.429082143340942,0.8962185523866968,-1.5396232636691578,-0.6475775332438344,-0.14125327883151229,-0.1781057493664113,-1.3346104465204693,-0.632834588424933,-0.1474557687191013
1.0,0.0,0.0,0.0,0.0,1.0,0.0,0.0,0.0,0.0,0.0,0.0,1.0,0.0,0.0,1.0,0.0,1.6490092048478489,-0.560316854679707,0.07682966318925954,0.06966671530655688,0.8105478759393769,-0.39075725106898396,-0.6475775332438344,-0.14125327883151229,-0.1781057493664113,1.0032374144732275,-0.632834588424933,-0.1474557687191013
1.0,0.0,0.0,0.0,0.0,1.0,0.0,1.0,0.0,0.0,0.0,0.0,0.0,1.0,0.0,0.0,0.0,0.6450485445118945,-0.28296080315449507,-0.7548742458592895,0.9435766333286616,-0.701869065957539,-0.49798474557833355,-0.22393104139816428,-0.14125327883151229,-0.1781057493664113,1.2954683970974397,-0.632834588424933,-0.1474557687191013
1.0,0.0,0.0,0.0,0.0,1.0,0.0,0.0,0.0,0.0,0.0,1.0,0.0,0.0,0.0,0.0,1.0,-0.2154891643474948,-0.560316854679707,0.6149910161030265,-0.7071421007130917,-1.7348597223511841,-0.21459779580362398,-0.22393104139816428,-0.14125327883151229,-0.1781057493664113,1.2954683970974397,-0.632834588424933,-0.1474557687191013
0.0,0.0,1.0,0.0,1.0,0.0,0.0,0.0,0.0,0.0,0.0,0.0,1.0,0.0,0.0,0.0,1.0,-0.07206621287092989,1.8770545072085203,-0.7059504865034925,-0.5129398967081796,0.7397048165694777,1.2942462340779375,2.306498004490838,-0.14125327883151229,-0.1781057493664113,0.41877544922480325,-0.632834588424933,-0.1474557687191013
0.0,0.0,0.0,1.0,0.0,1.0,0.0,0.0,0.0,1.0,0.0,0.0,0.0,0.0,0.0,1.0,0.0,1.6490092048478489,-1.6865505184487501,-0.4613316897245075,1.6232843473458538,0.8995135784039013,-1.5472823704198257,-0.6475775332438344,-0.14125327883151229,-0.1781057493664113,-1.3346104465204693,1.580191756725731,-0.1474557687191013
1.0,0.0,0.0,0.0,1.0,0.0,0.0,0.0,0.0,0.0,0.0,0.0,1.0,0.0,0.0,0.0,1.0,-0.7891809702537543,-0.14008041297484025,1.2509998877283877,-1.3868498147302841,0.5008154303221436,0.3368578902444594,-0.6475775332438344,-0.14125327883151229,-0.1781057493664113,1.0032374144732275,-0.632834588424933,-0.1474557687191013
0.0,0.0,0.0,1.0,1.0,0.0,0.0,1.0,0.0,0.0,0.0,0.0,0.0,0.0,1.0,0.0,0.0,-1.6497186791131437,-1.3671708227530512,-0.9016455239266805,-1.192647610725372,-0.1318295649811415,-1.4706913029131474,-0.6475775332438344,-0.14125327883151229,-0.1781057493664113,-1.6268414291446816,-0.632834588424933,-0.1474557687191013
1.0,0.0,0.0,0.0,0.0,1.0,0.0,0.0,0.0,0.0,0.0,1.0,0.0,0.0,1.0,0.0,0.0,-1.5062957276365787,0.5238931649188493,0.6149910161030265,-1.2897487127278282,0.7808926417845354,0.7351314412791863,-0.6475775332438344,-0.14125327883151229,-0.1781057493664113,0.7110064318490154,-0.632834588424933,-0.1474557687191013
0.0,0.0,1.0,0.0,0.0,1.0,0.0,0.0,0.0,0.0,0.0,1.0,0.0,0.0,0.0,0.0,1.0,-0.3589121158240597,1.3643660483285829,0.3703722193240416,-0.6100409987106356,0.9258737865415383,1.3708373015846158,0.5775623215531035,-0.14125327883151229,-0.1781057493664113,0.41877544922480325,-0.632834588424933,-0.1474557687191013
0.0,0.0,1.0,0.0,0.0,1.0,0.0,1.0,0.0,0.0,0.0,0.0,0.0,1.0,0.0,0.0,0.0,0.5016255930353297,0.9525343354578133,1.3977711657957785,-0.22163659070081138,-0.469569731744614,1.3555190880832801,1.0012088133987733,-0.14125327883151229,-0.1781057493664113,0.41877544922480325,-0.632834588424933,-0.1474557687191013
0.0,0.0,1.0,0.0,0.0,1.0,0.0,0.0,0.0,1.0,0.0,0.0,0.0,0.0,1.0,0.0,0.0,-1.362872776160014,1.2298903869830253,0.7128385348146206,-1.2897487127278282,0.649091601096351,1.3861555150859515,-0.6475775332438344,-0.14125327883151229,-0.1781057493664113,0.12654446660059115,1.580191756725731,-0.1474557687191013
1.0,0.0,0.0,0.0,0.0,1.0,1.0,0.0,0.0,0.0,0.0,0.0,0.0,0.0,0.0,1.0,0.0,0.9318944474650244,-0.7031972448593619,-1.1951880800614625,0.16676781730901283,0.3673668766253569,-1.0800768586290883,-0.6475775332438344,-0.14125327883151229,-0.1781057493664113,1.2954683970974397,-0.632834588424933,-0.1474557687191013
1.0,0.0,0.0,0.0,0.0,1.0,0.0,1.0,0.0,0.0,0.0,0.0,0.0,0.0,0.0,0.0,1.0,-0.07206621287092989,0.3305844017346105,-0.6570267271476955,2.6913964693728705,0.8698583442490598,0.045811833719082096,1.68820312449986,-0.14125327883151229,-0.1781057493664113,1.0032374144732275,-0.632834588424933,-0.1474557687191013
0.0,0.0,0.0,1.0,1.0,0.0,0.0,1.0,0.0,0.0,0.0,0.0,0.0,0.0,0.0,1.0,0.0,0.9318944474650244,-1.232695161407494,-1.2441118394172594,0.263868919311469,0.9258737865415383,-1.5396232636691578,-0.6475775332438344,-0.14125327883151229,-0.1781057493664113,1.5876993797216516,-0.632834588424933,-0.1474557687191013
1.0,0.0,0.0,0.0,0.0,1.0,0.0,0.0,0.0,0.0,0.0,1.0,0.0,1.0,0.0,0.0,0.0,0.7884714959884594,0.2213229268913451,0.22360094125665056,1.429082143340942,-0.5272326870456947,0.32919878349379156,-0.20103123102812803,-0.14125327883151229,-0.1781057493664113,1.0032374144732275,-0.632834588424933,-0.1474557687191013
1.0,0.0,0.0,0.0,0.0,1.0,0.0,0.0,1.0,0.0,0.0,0.0,0.0,0.0,1.0,0.0,0.0,-1.076026873206884,-0.29977026082268965,1.3977711657957785,-1.095546508722916,-1.9309137703748585,0.23728950248577774,-0.6475775332438344,-0.14125327883151229,-0.1781057493664113,1.2954683970974397,1.580191756725731,-0.1474557687191013
0.0,0.0,1.0,0.0,0.0,1.0,0.0,0.0,0.0,1.0,0.0,0.0,0.0,1.0,0.0,0.0,0.0,0.5016255930353297,0.7340113857712828,1.8870087593537486,-0.9984454067204599,-1.8353580158759248,1.2942462340779375,-0.4872788606535808,4.887502613362278,-0.1781057493664113,0.12654446660059115,1.580191756725731,4.876234420119899
1.0,0.0,0.0,0.0,0.0,1.0,0.0,1.0,0.0,0.0,0.0,0.0,0.0,0.0,1.0,0.0,0.0,-1.5062957276365787,0.9609390642919108,0.46821973803563555,-1.192647610725372,0.9258737865415383,1.0568139248072352,-0.6475775332438344,-0.14125327883151229,-0.1781057493664113,0.7110064318490154,-0.632834588424933,-0.1474557687191013
1.0,0.0,0.0,0.0,0.0,1.0,0.0,0.0,0.0,0.0,1.0,0.0,0.0,0.0,0.0,1.0,0.0,1.0753173989415892,1.0281768949646894,0.6149910161030265,1.5261832453433977,0.9258737865415383,1.1717005260672526,-0.5903280073187437,-0.14125327883151229,-0.1781057493664113,0.7110064318490154,-0.632834588424933,-0.1474557687191013
1.0,0.0,0.0,0.0,0.0,1.0,0.0,0.0,0.0,0.0,1.0,0.0,0.0,0.0,1.0,0.0,0.0,-0.9326039217303193,0.7256066569371853,1.3977711657957785,-1.095546508722916,-0.9753562253855216,1.1563823125659167,-0.6475775332438344,-0.14125327883151229,-0.1781057493664113,0.7110064318490154,-0.632834588424933,-0.1474557687191013
0.0,0.0,1.0,0.0,0.0,1.0,1.0,0.0,0.0,0.0,0.0,0.0,0.0,0.0,0.0,1.0,0.0,1.362163301894719,1.4484133366695562,0.8106860535262146,-0.6100409987106356,-0.24550796257470053,1.6082696108553185,-0.6475775332438344,-0.14125327883151229,-0.1781057493664113,0.12654446660059115,-0.632834588424933,-0.1474557687191013
0.0,0.0,0.0,1.0,0.0,1.0,0.0,0.0,0.0,1.0,0.0,0.0,0.0,0.0,0.0,1.0,0.0,1.6490092048478489,-1.2158857037392994,-0.7548742458592895,2.497194265367958,0.9258737865415383,-1.2715545273957838,-0.6475775332438344,-0.14125327883151229,-0.1781057493664113,1.5876993797216516,1.580191756725731,-0.1474557687191013
0.0,0.0,1.0,0.0,0.0,1.0,0.0,1.0,0.0,0.0,0.0,0.0,0.0,1.0,0.0,0.0,0.0,0.21477969008219988,0.8012492164440614,1.8870087593537486,-1.095546508722916,-1.7645149565060256,1.3555190880832801,-0.30408037769329105,0.31590634773155957,-0.1781057493664113,0.12654446660059115,-0.632834588424933,0.30924333935717147
1.0,0.0,0.0,0.0,0.0,1.0,0.0,1.0,0.0,0.0,0.0,0.0,0.0,0.0,1.0,0.0,0.0,-1.219449824683449,0.5575120802552386,0.07682966318925954,0.16676781730901283,0.9258737865415383,0.5666310927644941,-0.6475775332438344,-0.14125327883151229,-0.1781057493664113,0.7110064318490154,-0.632834588424933,-0.1474557687191013
0.0,0.0,0.0,1.0,0.0,1.0,0.0,1.0,0.0,0.0,0.0,0.0,0.0,1.0,0.0,0.0,0.0,0.07135673860563499,-0.5182932105092204,-1.4887306361962445,-0.6100409987106356,-0.22573780647147287,-1.1183723923824274,2.0431501852354215,-0.14125327883151229,-0.1781057493664113,-1.3346104465204693,-0.632834588424933,-0.1474557687191013
0.0,1.0,0.0,0.0,0.0,1.0,0.0,0.0,0.0,0.0,0.0,0.0,1.0,0.0,0.0,0.0,1.0,-0.5023350673006246,-0.23253243014991093,0.9085335722378086,-0.9984454067204599,-1.8073502947296856,0.16069843497909947,-0.22393104139816428,-0.14125327883151229,-0.1781057493664113,-1.0423794638962574,-0.632834588424933,-0.1474557687191013
0.0,0.0,0.0,1.0,0.0,1.0,0.0,0.0,0.0,1.0,0.0,0.0,0.0,1.0,0.0,0.0,0.0,0.7884714959884594,-0.7956492620344325,0.32144845996824456,2.497194265367958,-0.6211409285360261,-0.5056438523290013,-0.61322781768878,-0.14125327883151229,0.8475023784559472,1.5876993797216516,1.580191756725731,-0.11091984007299946
0.0,1.0,0.0,0.0,0.0,1.0,0.0,0.0,0.0,1.0,0.0,0.0,0.0,0.0,0.0,0.0,1.0,-0.3589121158240597,0.19610874038905318,1.8870087593537486,-0.9013443047180038,-1.6887293581103195,0.8117225087858646,-0.44147923991350835,0.7730659742946313,-0.1781057493664113,-0.4579174986478331,1.580191756725731,0.7659424474334442
1.0,0.0,0.0,0.0,0.0,1.0,0.0,1.0,0.0,0.0,0.0,0.0,0.0,0.0,1.0,0.0,0.0,-1.362872776160014,-0.10646149763845088,1.1531523690167935,-0.9984454067204599,-0.2899908138069628,0.34451699699512733,-0.6475775332438344,-0.14125327883151229,-0.1781057493664113,1.0032374144732275,-0.632834588424933,-0.1474557687191013
1.0,0.0,0.0,0.0,0.0,1.0,0.0,1.0,0.0,0.0,0.0,0.0,0.0,0.0,1.0,0.0,0.0,-1.6497186791131437,-0.6443641430206805,0.27252470061244755,-0.9013443047180038,0.9258737865415383,-0.39075725106898396,-0.6475775332438344,-0.14125327883151229,-0.1781057493664113,1.2954683970974397,-0.632834588424933,-0.1474557687191013
1.0,0.0,0.0,0.0,0.0,1.0,0.0,0.0,0.0,0.0,1.0,0.0,0.0,0.0,0.0,0.0,1.0,-0.7891809702537543,-0.4594601086705391,1.1531523690167935,-1.3868498147302841,0.8154904149651838,0.03049362021774643,-0.6475775332438344,-0.14125327883151229,-0.1781057493664113,1.0032374144732275,-0.632834588424933,-0.1474557687191013
0.0,0.0,1.0,0.0,0.0,1.0,0.0,0.0,1.0,0.0,0.0,0.0,0.0,0.0,1.0,0.0,0.0,-1.076026873206884,0.3221796729005131,0.22360094125665056,-0.7071421007130917,0.9258737865415383,0.42110806450180555,-0.6475775332438344,-0.14125327883151229,-0.1781057493664113,-0.16568651602362097,1.580191756725731,-0.1474557687191013
0.0,0.0,0.0,1.0,0.0,1.0,1.0,0.0,0.0,0.0,0.0,0.0,0.0,0.0,1.0,0.0,0.0,-1.362872776160014,-1.5772890436054847,0.027905903833462538,-1.3868498147302841,0.8451456491200253,-1.2792136341464517,-0.6475775332438344,-0.14125327883151229,-0.1781057493664113,-1.3346104465204693,-0.632834588424933,-0.1474557687191013
0.0,0.0,1.0,0.0,0.0,1.0,1.0,0.0,0.0,0.0,0.0,0.0,0.0,0.0,1.0,0.0,0.0,-1.6497186791131437,0.9105106912873266,0.8106860535262146,-0.02743438669589927,-0.40531672440912414,1.1334049923139133,-0.6475775332438344,-0.14125327883151229,-0.1781057493664113,0.41877544922480325,-0.632834588424933,-0.1474557687191013
0.0,1.0,0.0,0.0,0.0,1.0,0.0,1.0,0.0,0.0,0.0,0.0,0.0,0.0,1.0,0.0,0.0,-1.219449824683449,0.13727563855037175,1.1531523690167935,-0.9013443047180038,0.6326164710103279,0.5589719860138264,-0.6475775332438344,-0.14125327883151229,-0.1781057493664113,-0.4579174986478331,-0.632834588424933,-0.1474557687191013
0.0,0.0,0.0,1.0,0.0,1.0,0.0,1.0,0.0,0.0,0.0,0.0,0.0,0.0,0.0,1.0,0.0,1.362163301894719,-0.8124587197026272,0.027905903833462538,-0.9013443047180038,-1.593173603611386,-0.6205304535890187,-0.6475775332438344,-0.14125327883151229,-0.1781057493664113,-1.6268414291446816,-0.632834588424933,-0.1474557687191013
1.0,0.0,0.0,0.0,0.0,1.0,0.0,0.0,0.0,0.0,1.0,0.0,0.0,0.0,1.0,0.0,0.0,-1.219449824683449,-1.0477911270573526,-0.8037980052150865,-0.6100409987106356,0.9258737865415383,-1.1566679261357664,-0.6475775332438344,-0.14125327883151229,-0.1781057493664113,1.2954683970974397,-0.632834588424933,-0.1474557687191013
0.0,0.0,1.0,0.0,0.0,1.0,1.0,0.0,0.0,0.0,0.0,0.0,0.0,0.0,0.0,1.0,0.0,1.362163301894719,0.7003924704348932,-0.21671289294552248,-0.22163659070081138,0.9258737865415383,0.5589719860138264,-0.6475775332438344,-0.14125327883151229,-0.1781057493664113,-0.16568651602362097,-0.632834588424933,-0.1474557687191013
0.0,1.0,0.0,0.0,0.0,1.0,0.0,0.0,0.0,0.0,0.0,0.0,1.0,0.0,0.0,1.0,0.0,1.6490092048478489,-0.9721485675504765,1.3488474064399816,-0.5129398967081796,0.09387971719737426,-0.3677799308169805,-0.6475775332438344,-0.14125327883151229,-0.1781057493664113,-1.0423794638962574,-0.632834588424933,-0.1474557687191013
1.0,0.0,0.0,0.0,0.0,1.0,0.0,0.0,1.0,0.0,0.0,0.0,0.0,0.0,0.0,1.0,0.0,1.2187403504181542,-0.6443641430206805,-0.7548742458592895,0.9435766333286616,0.7825401547931378,-0.8043490156050466,-0.6475775332438344,-0.14125327883151229,-0.1781057493664113,1.2954683970974397,1.580191756725731,-0.1474557687191013
0.0,1.0,0.0,0.0,0.0,1.0,0.0,0.0,0.0,0.0,1.0,0.0,0.0,0.0,0.0,0.0,1.0,-0.3589121158240597,0.38101277473919465,-1.3908831174846505,-0.6100409987106356,0.15319018550705724,-0.32948439706364135,1.4019554948744073,-0.14125327883151229,-0.1781057493664113,-0.4579174986478331,-0.632834588424933,-0.1474557687191013
0.0,0.0,0.0,1.0,0.0,1.0,0.0,0.0,0.0,0.0,1.0,0.0,0.0,0.0,0.0,1.0,0.0,1.6490092048478489,-1.0898147712278392,0.22360094125665056,-0.6100409987106356,-0.7166966830349597,-0.7966899088543787,-0.6475775332438344,-0.14125327883151229,-0.1781057493664113,1.5876993797216516,-0.632834588424933,-0.1474557687191013
0.0,1.0,0.0,0.0,0.0,1.0,0.0,0.0,0.0,0.0,0.0,0.0,1.0,0.0,1.0,0.0,0.0,-1.6497186791131437,-0.12327095530664564,-0.06994161487813147,0.16676781730901283,0.9258737865415383,-0.07673387429160315,-0.6475775332438344,-0.14125327883151229,-0.1781057493664113,-0.4579174986478331,-0.632834588424933,-0.1474557687191013
0.0,0.0,0.0,1.0,0.0,1.0,0.0,0.0,0.0,0.0,0.0,1.0,0.0,0.0,0.0,0.0,1.0,-0.7891809702537543,-1.6949552472828473,0.5660672567472296,-0.7071421007130917,0.8879809873436852,-1.217940780141109,-0.6475775332438344,-0.14125327883151229,-0.1781057493664113,-1.3346104465204693,-0.632834588424933,-0.1474557687191013
0.0,0.0,1.0,0.0,0.0,1.0,0.0,1.0,0.0,0.0,0.0,0.0,0.0,1.0,0.0,0.0,0.0,0.07135673860563499,0.6415593685962119,1.2020761283725907,-1.095546508722916,-0.3196460479618043,1.0261774978045637,-0.2811805673232548,-0.14125327883151229,-0.1781057493664113,0.12654446660059115,-0.632834588424933,-0.1474557687191013
0.0,0.0,0.0,1.0,0.0,1.0,0.0,0.0,0.0,0.0,0.0,0.0,1.0,1.0,0.0,0.0,0.0,0.3582026415587648,-1.157052601900618,-1.2441118394172594,0.9435766333286616,0.8995135784039013,-1.4783504096638151,-0.006382842882820132,-0.14125327883151229,6.231945049523329,-1.6268414291446816,-0.632834588424933,0.08089378531903509
0.0,1.0,0.0,0.0,0.0,1.0,0.0,1.0,0.0,0.0,0.0,0.0,0.0,0.0,1.0,0.0,0.0,-1.362872776160014,0.28856075756412386,-0.021017855522334466,-1.3868498147302841,0.5288231514683828,0.29090324974045245,-0.6475775332438344,-0.14125327883151229,-0.1781057493664113,-0.4579174986478331,-0.632834588424933,-0.1474557687191013
0.0,0.0,1.0,0.0,0.0,1.0,1.0,0.0,0.0,0.0,0.0,0.0,0.0,1.0,0.0,0.0,0.0,0.3582026415587648,1.238295115817123,-0.06994161487813147,0.36097002131392514,-1.1170423441253199,1.0797912450592384,2.3522976252309102,-0.14125327883151229,-0.1781057493664113,-0.16568651602362097,-0.632834588424933,-0.1474557687191013
0.0,0.0,1.0,0.0,0.0,1.0,0.0,0.0,0.0,0.0,0.0,0.0,1.0,0.0,0.0,0.0,1.0,-0.6457580187771894,0.5322978937529464,0.5171434973914326,-1.3868498147302841,-0.2652781186779282,0.7044950142765151,-0.16668151547307375,-0.14125327883151229,-0.1781057493664113,-0.16568651602362097,-0.632834588424933,-0.1474557687191013
0.0,1.0,0.0,0.0,0.0,1.0,0.0,0.0,1.0,0.0,0.0,0.0,0.0,1.0,0.0,0.0,0.0,0.07135673860563499,0.4314411477437785,-0.9994930426382745,2.4000931633655025,-0.410259263434931,-0.053756554039599655,2.1118496163455305,-0.14125327883151229,-0.1781057493664113,-1.0423794638962574,1.580191756725731,-0.1474557687191013
1.0,0.0,0.0,0.0,0.0,1.0,0.0,0.0,1.0,0.0,0.0,0.0,0.0,0.0,0.0,0.0,1.0,-0.5023350673006246,-0.3165797184908843,1.2999236470841846,-1.3868498147302841,-1.8534806589705501,0.1989939687324386,-0.5674281969487076,-0.14125327883151229,-0.1781057493664113,1.2954683970974397,1.580191756725731,-0.1474557687191013
0.0,0.0,0.0,1.0,1.0,0.0,0.0,0.0,0.0,1.0,0.0,0.0,0.0,0.0,0.0,0.0,1.0,-0.3589121158240597,-1.257909347909786,1.1531523690167935,-0.1245354886983552,-1.6936718971361266,-0.6741442008436934,-0.4758289554685627,-0.14125327883151229,2.8987186341006645,1.5876993797216516,1.580191756725731,-0.03784798278079583
0.0,1.0,0.0,0.0,0.0,1.0,0.0,0.0,0.0,0.0,0.0,0.0,1.0,0.0,1.0,0.0,0.0,-1.219449824683449,0.8012492164440614,1.4956186845073727,-0.9984454067204599,-1.830415476850118,1.2482915935739307,-0.6475775332438344,0.5902021236694027,-0.1781057493664113,-0.4579174986478331,-0.632834588424933,0.5832628042029351
0.0,0.0,0.0,1.0,0.0,1.0,1.0,0.0,0.0,0.0,0.0,0.0,0.0,0.0,0.0,1.0,0.0,1.6490092048478489,-0.9301249233799899,0.5660672567472296,-0.9984454067204599,-1.2340157677360835,-0.5515984928330082,-0.6475775332438344,-0.14125327883151229,-0.1781057493664113,-1.3346104465204693,-0.632834588424933,-0.1474557687191013
0.0,0.0,1.0,0.0,0.0,1.0,0.0,0.0,0.0,1.0,0.0,0.0,0.0,0.0,0.0,0.0,1.0,-0.5023350673006246,0.7592255722735748,0.7617622941704176,-0.7071421007130917,0.06751950905973739,0.9878819640512246,0.23406516600256014,-0.14125327883151229,-0.1781057493664113,0.41877544922480325,1.580191756725731,-0.1474557687191013
0.0,0.0,0.0,1.0,0.0,1.0,0.0,0.0,0.0,0.0,0.0,0.0,1.0,0.0,1.0,0.0,0.0,-1.6497186791131437,-1.333551907416662,0.9085335722378086,-1.6781531207376523,-1.8238254248157086,-0.8043490156050466,-0.6475775332438344,-0.049821353518897916,0.07829628258917835,1.5876993797216516,-0.632834588424933,-0.046981964942321285
1.0,0.0,0.0,0.0,0.0,1.0,0.0,0.0,0.0,0.0,1.0,0.0,0.0,1.0,0.0,0.0,0.0,0.5016255930353297,1.238295115817123,-0.5102554490803045,1.2348799393360297,0.7281722255092616,0.8729953627912072,0.4172636489628499,-0.14125327883151229,-0.1781057493664113,0.7110064318490154,-0.632834588424933,-0.1474557687191013
0.0,0.0,1.0,0.0,0.0,1.0,1.0,0.0,0.0,0.0,0.0,0.0,0.0,0.0,1.0,0.0,0.0,-1.362872776160014,1.1626525563102468,1.2509998877283877,-0.9013443047180038,-0.7101066310005505,1.5010421163459688,-0.6475775332438344,-0.14125327883151229,-0.1781057493664113,0.41877544922480325,-0.632834588424933,-0.1474557687191013
0.0,0.0,1.0,0.0,0.0,1.0,0.0,1.0,0.0,0.0,0.0,0.0,0.0,0.0,0.0,0.0,1.0,-0.7891809702537543,0.691987741600796,1.1042286096609966,-0.9984454067204599,-1.3740543734672794,1.0338366045552316,-0.5903280073187437,-0.14125327883151229,-0.1781057493664113,-0.16568651602362097,-0.632834588424933,-0.1474557687191013
0.0,1.0,0.0,0.0,1.0,0.0,0.0,0.0,0.0,0.0,0.0,1.0,0.0,1.0,0.0,0.0,0.0,0.7884714959884594,0.465060063080168,1.2509998877283877,0.06966671530655688,-1.5470432393705214,0.8806544695418751,-0.32698018806332724,0.7730659742946313,-0.1781057493664113,-0.4579174986478331,-0.632834588424933,0.7659424474334442
1.0,0.0,0.0,0.0,0.0,1.0,0.0,1.0,0.0,0.0,0.0,0.0,0.0,0.0,0.0,0.0,1.0,-0.5023350673006246,-0.4930790240069284,1.0553048503051996,-0.9013443047180038,-1.5206830312328845,-0.03077923378759619,-0.49872876583859893,-0.14125327883151229,-0.1781057493664113,1.2954683970974397,-0.632834588424933,-0.1474557687191013
0.0,1.0,0.0,0.0,0.0,1.0,1.0,0.0,0.0,0.0,0.0,0.0,0.0,0.0,1.0,0.0,0.0,-1.5062957276365787,-0.28296080315449507,0.22360094125665056,0.36097002131392514,0.2833437131866393,-0.10737030129427444,-0.6475775332438344,-0.14125327883151229,-0.1781057493664113,-0.4579174986478331,-0.632834588424933,-0.1474557687191013
0.0,0.0,0.0,1.0,0.0,1.0,1.0,0.0,0.0,0.0,0.0,0.0,0.0,0.0,1.0,0.0,0.0,-1.076026873206884,-1.5268606706009005,-0.16778913358972547,-0.02743438669589927,-0.2834007617725536,-1.3021909543984551,-0.6475775332438344,-0.14125327883151229,-0.1781057493664113,-1.6268414291446816,-0.632834588424933,-0.1474557687191013
0.0,0.0,0.0,1.0,0.0,1.0,0.0,0.0,0.0,0.0,1.0,0.0,0.0,0.0,0.0,1.0,0.0,1.362163301894719,-1.358766093918954,-0.8527217645708836,0.263868919311469,0.5008154303221436,-1.4400548759104759,-0.6475775332438344,-0.14125327883151229,-0.1781057493664113,-1.6268414291446816,-0.632834588424933,-0.1474557687191013
0.0,1.0,0.0,0.0,0.0,1.0,0.0,1.0,0.0,0.0,0.0,0.0,0.0,0.0,0.0,0.0,1.0,-0.6457580187771894,0.1708945538867611,1.0553048503051996,-0.7071421007130917,-1.3427516263038357,0.5589719860138264,-0.6361276280588162,-0.14125327883151229,-0.1781057493664113,-0.7501484812720451,-0.632834588424933,-0.1474557687191013
0.0,1.0,0.0,0.0,1.0,0.0,0.0,0.0,0.0,0.0,0.0,1.0,0.0,0.0,1.0,0.0,0.0,-1.6497186791131437,0.439845876577876,0.9574573315936056,-0.9013443047180038,-1.7941701906608671,0.7657678682818577,-0.6475775332438344,-0.14125327883151229,-0.1781057493664113,-0.4579174986478331,-0.632834588424933,-0.1474557687191013
1.0,0.0,0.0,0.0,0.0,1.0,0.0,0.0,0.0,0.0,0.0,0.0,1.0,0.0,1.0,0.0,0.0,-0.9326039217303193,-0.3249844473249817,0.9085335722378086,-1.6781531207376523,-0.2636306056693259,0.07644826072175336,-0.6475775332438344,-0.14125327883151229,-0.1781057493664113,1.0032374144732275,-0.632834588424933,-0.1474557687191013
0.0,1.0,0.0,0.0,0.0,1.0,0.0,0.0,0.0,1.0,0.0,0.0,0.0,0.0,1.0,0.0,0.0,-1.219449824683449,-0.9301249233799899,-0.4124079303687105,0.263868919311469,0.9258737865415383,-0.8885991898623926,-0.6475775332438344,-0.14125327883151229,-0.1781057493664113,-0.7501484812720451,1.580191756725731,-0.1474557687191013
0.0,1.0,0.0,0.0,0.0,1.0,0.0,0.0,1.0,0.0,0.0,0.0,0.0,1.0,0.0,0.0,0.0,0.7884714959884594,-0.08124731113615896,-1.1951880800614625,0.7493744293237493,-0.3262360999962135,-0.5822349198356795,0.2798647867426326,-0.14125327883151229,-0.1781057493664113,-1.0423794638962574,1.580191756725731,-0.1474557687191013
1.0,0.0,0.0,0.0,0.0,1.0,0.0,0.0,0.0,1.0,0.0,0.0,0.0,0.0,0.0,1.0,0.0,1.2187403504181542,-0.4762695663387337,-0.4124079303687105,-0.9984454067204599,0.10046976923178348,-0.5056438523290013,-0.6475775332438344,-0.14125327883151229,-0.1781057493664113,1.2954683970974397,1.580191756725731,-0.1474557687191013
0.0,0.0,1.0,0.0,0.0,1.0,0.0,0.0,0.0,1.0,0.0,0.0,0.0,0.0,1.0,0.0,0.0,-1.219449824683449,0.4146316900755839,0.27252470061244755,-0.41583879470572344,0.20096806275652407,0.5130173455098194,-0.6475775332438344,-0.14125327883151229,-0.1781057493664113,-0.16568651602362097,1.580191756725731,-0.1474557687191013
0.0,1.0,0.0,0.0,0.0,1.0,0.0,0.0,0.0,0.0,1.0,0.0,0.0,0.0,0.0,0.0,1.0,-0.2154891643474948,0.6499640974303094,-0.21671289294552248,-0.5129398967081796,-0.5091100439510693,0.5206764522604872,2.157649237085603,-0.14125327883151229,-0.1781057493664113,-0.4579174986478331,-0.632834588424933,-0.1474557687191013
1.0,0.0,0.0,0.0,0.0,1.0,1.0,0.0,0.0,0.0,0.0,0.0,0.0,0.0,0.0,0.0,1.0,-0.3589121158240597,0.2717512998959292,1.2999236470841846,0.06966671530655688,-0.8171949765597003,0.7198132277778507,-0.49872876583859893,0.9559298249198599,-0.1781057493664113,1.0032374144732275,-0.632834588424933,0.9486220906639533
1.0,0.0,0.0,0.0,0.0,1.0,0.0,0.0,0.0,0.0,0.0,1.0,0.0,0.0,0.0,1.0,0.0,1.6490092048478489,0.7256066569371853,0.07682966318925954,-1.192647610725372,0.9258737865415383,0.7044950142765151,-0.6475775332438344,-0.14125327883151229,-0.1781057493664113,0.7110064318490154,-0.632834588424933,-0.1474557687191013
0.0,0.0,1.0,0.0,0.0,1.0,0.0,0.0,1.0,0.0,0.0,0.0,0.0,0.0,1.0,0.0,0.0,-1.5062957276365787,0.5995357244257252,-0.06994161487813147,-1.2897487127278282,-0.016503654378980163,0.5436537725124907,-0.6475775332438344,-0.14125327883151229,-0.1781057493664113,-0.16568651602362097,1.580191756725731,-0.1474557687191013
0.0,0.0,0.0,1.0,0.0,1.0,0.0,0.0,0.0,0.0,0.0,1.0,0.0,0.0,0.0,0.0,1.0,-0.7891809702537543,-0.9973627540527686,0.5171434973914326,-1.095546508722916,-1.6508365589124667,-0.6205304535890187,-0.6475775332438344,-0.14125327883151229,-0.1781057493664113,-1.6268414291446816,-0.632834588424933,-0.1474557687191013
0.0,0.0,1.0,0.0,0.0,1.0,0.0,0.0,0.0,1.0,0.0,0.0,0.0,0.0,1.0,0.0,0.0,-1.362872776160014,1.1542478274761496,0.22360094125665056,-1.095546508722916,0.9258737865415383,1.1334049923139133,-0.6475775332438344,-0.14125327883151229,-0.1781057493664113,0.12654446660059115,1.580191756725731,-0.1474557687191013
0.0,0.0,1.0,0.0,0.0,1.0,0.0,0.0,1.0,0.0,0.0,0.0,0.0,0.0,0.0,1.0,0.0,1.362163301894719,0.893701233619132,0.27252470061244755,-0.02743438669589927,0.4431524750210629,0.926609110045882,-0.6475775332438344,-0.14125327883151229,-0.1781057493664113,-0.16568651602362097,1.580191756725731,-0.1474557687191013
0.0,0.0,1.0,0.0,0.0,1.0,0.0,1.0,0.0,0.0,0.0,0.0,0.0,0.0,0.0,1.0,0.0,1.362163301894719,1.3643660483285829,0.22360094125665056,1.3319810413384858,0.39372708476299373,1.317223554329941,-0.6475775332438344,-0.14125327883151229,-0.1781057493664113,0.41877544922480325,-0.632834588424933,-0.1474557687191013
0.0,1.0,0.0,0.0,0.0,1.0,0.0,1.0,0.0,0.0,0.0,0.0,0.0,0.0,0.0,1.0,0.0,1.5055862533712838,0.3642033170709998,0.3703722193240416,0.555172225318837,0.2092056277995356,0.5053582387591516,-0.6475775332438344,-0.14125327883151229,-0.1781057493664113,-0.7501484812720451,-0.632834588424933,-0.1474557687191013
0.0,0.0,1.0,0.0,0.0,1.0,0.0,0.0,1.0,0.0,0.0,0.0,0.0,1.0,0.0,0.0,0.0,0.21477969008219988,1.24669984465122,-0.8527217645708836,2.108789857358134,0.3475967205221292,0.6968359075258471,1.7340027452399325,-0.14125327883151229,-0.1781057493664113,-0.16568651602362097,1.580191756725731,-0.1474557687191013
1.0,0.0,0.0,0.0,0.0,1.0,1.0,0.0,0.0,0.0,0.0,0.0,0.0,0.0,1.0,0.0,0.0,-1.6497186791131437,-0.4090317356659551,0.12575342254505653,-0.41583879470572344,0.9258737865415383,-0.24523422280629528,-0.6475775332438344,-0.14125327883151229,-0.1781057493664113,1.0032374144732275,-0.632834588424933,-0.1474557687191013
0.0,0.0,0.0,1.0,0.0,1.0,1.0,0.0,0.0,0.0,0.0,0.0,0.0,0.0,0.0,0.0,1.0,-0.6457580187771894,-1.0225769405550604,0.4192959786798386,-1.095546508722916,-1.285088671002755,-0.6741442008436934,-0.6475775332438344,-0.14125327883151229,-0.1781057493664113,1.5876993797216516,-0.632834588424933,-0.1474557687191013
0.0,0.0,1.0,0.0,0.0,1.0,0.0,0.0,0.0,0.0,1.0,0.0,0.0,0.0,1.0,0.0,0.0,-1.5062957276365787,1.2719140311535122,0.5660672567472296,-0.7071421007130917,0.9258737865415383,1.3708373015846158,-0.6475775332438344,-0.14125327883151229,-0.1781057493664113,0.41877544922480325,-0.632834588424933,-0.1474557687191013
0.0,0.0,1.0,0.0,0.0,1.0,0.0,0.0,0.0,1.0,0.0,0.0,0.0,1.0,0.0,0.0,0.0,0.07135673860563499,1.0029627084623973,-0.6081029677918985,0.16676781730901283,0.8319655450512069,0.6279039467698369,2.7072446859664723,-0.14125327883151229,-0.1781057493664113,0.12654446660059115,1.580191756725731,-0.1474557687191013
0.0,1.0,0.0,0.0,0.0,1.0,0.0,0.0,0.0,1.0,0.0,0.0,0.0,1.0,0.0,0.0,0.0,0.3582026415587648,0.7172019281030881,-1.4887306361962445,1.5261832453433977,-0.4382669845811702,-0.1609840485489492,2.7072446859664723,-0.14125327883151229,-0.1781057493664113,-0.7501484812720451,1.580191756725731,-0.1474557687191013
1.0,0.0,0.0,0.0,0.0,1.0,0.0,0.0,0.0,0.0,1.0,0.0,0.0,0.0,0.0,0.0,1.0,-0.2154891643474948,0.44825060541197315,1.5934662032189666,-0.5129398967081796,-1.7200321052737635,0.9572455370485534,-0.3613299036183816,0.31590634773155957,-0.1781057493664113,0.7110064318490154,-0.632834588424933,0.30924333935717147
1.0,0.0,0.0,0.0,0.0,1.0,0.0,0.0,0.0,0.0,0.0,0.0,1.0,0.0,0.0,1.0,0.0,1.0753173989415892,0.011204706038911709,-0.8037980052150865,-0.41583879470572344,0.9258737865415383,-0.29118886331030225,-0.6475775332438344,-0.14125327883151229,-0.1781057493664113,1.0032374144732275,-0.632834588424933,-0.1474557687191013
0.0,0.0,1.0,0.0,0.0,1.0,0.0,0.0,0.0,0.0,1.0,0.0,0.0,0.0,1.0,0.0,0.0,-1.6497186791131437,1.5828889980151135,0.4192959786798386,-0.22163659070081138,0.18449293267050104,1.5852922906033151,-0.6475775332438344,-0.14125327883151229,-0.1781057493664113,0.41877544922480325,-0.632834588424933,-0.1474557687191013
0.0,0.0,0.0,1.0,1.0,0.0,0.0,0.0,0.0,1.0,0.0,0.0,0.0,0.0,0.0,0.0,1.0,-0.5023350673006246,-1.2747188055779806,1.3488474064399816,-0.3187376927032675,-1.7859326256178556,-0.6435077738410222,-0.6475775332438344,-0.14125327883151229,2.8987186341006645,1.5876993797216516,1.580191756725731,-0.03784798278079583
1.0,0.0,0.0,0.0,0.0,1.0,0.0,0.0,0.0,0.0,0.0,0.0,1.0,0.0,1.0,0.0,0.0,-1.5062957276365787,0.5491073514211414,-0.11886537423392847,-0.5129398967081796,0.9258737865415383,0.47472181175648026,-0.6475775332438344,-0.14125327883151229,-0.1781057493664113,0.7110064318490154,-0.632834588424933,-0.1474557687191013
0.0,1.0,0.0,0.0,0.0,1.0,0.0,0.0,0.0,1.0,0.0,0.0,0.0,1.0,0.0,0.0,0.0,0.6450485445118945,0.5070837072506548,-0.31456041165711646,-0.8042432027155477,0.23886086195437709,0.3598352104964629,-0.22393104139816428,-0.14125327883151229,-0.1781057493664113,-0.7501484812720451,1.580191756725731,-0.1474557687191013
0.0,0.0,1.0,0.0,0.0,1.0,0.0,0.0,1.0,0.0,0.0,0.0,0.0,1.0,0.0,0.0,0.0,0.7884714959884594,1.3307471329921934,-1.7822731923310267,0.9435766333286616,0.8682108312404576,0.05347094046974989,1.5622541674646608,-0.14125327883151229,-0.1781057493664113,-0.16568651602362097,1.580191756725731,-0.1474557687191013
0.0,0.0,0.0,1.0,0.0,1.0,0.0,0.0,1.0,0.0,0.0,0.0,0.0,0.0,0.0,0.0,1.0,-0.6457580187771894,-1.56047958593729,-0.11886537423392847,-0.9013443047180038,0.843498136111423,-1.317509167899791,-0.6475775332438344,-0.14125327883151229,-0.1781057493664113,1.5876993797216516,1.580191756725731,-0.1474557687191013
0.0,0.0,1.0,0.0,0.0,1.0,0.0,0.0,1.0,0.0,0.0,0.0,0.0,0.0,0.0,1.0,0.0,0.9318944474650244,1.1122241833056628,-0.16778913358972547,1.429082143340942,-0.5255851740370924,0.9342682167965498,0.0852163985973247,-0.14125327883151229,-0.1781057493664113,-0.16568651602362097,1.580191756725731,-0.1474557687191013
0.0,0.0,0.0,1.0,0.0,1.0,0.0,0.0,0.0,1.0,0.0,0.0,0.0,0.0,0.0,1.0,0.0,1.5055862533712838,-1.1822667884029099,-0.11886537423392847,2.885598673377783,0.9258737865415383,-0.9881675776210743,-0.6475775332438344,-0.14125327883151229,-0.1781057493664113,1.5876993797216516,1.580191756725731,-0.1474557687191013
0.0,0.0,1.0,0.0,0.0,1.0,0.0,0.0,0.0,0.0,0.0,1.0,0.0,0.0,0.0,1.0,0.0,1.2187403504181542,1.3307471329921934,0.27252470061244755,-0.02743438669589927,0.21250065381674021,1.3019053408286054,-0.5330784813936532,-0.14125327883151229,-0.1781057493664113,0.12654446660059115,-0.632834588424933,-0.1474557687191013
0.0,0.0,0.0,1.0,0.0,1.0,0.0,0.0,0.0,0.0,0.0,0.0,1.0,0.0,0.0,1.0,0.0,1.362163301894719,-1.6361221454441663,-1.1951880800614625,-0.5129398967081796,0.9258737865415383,-1.8383284269452027,-0.6475775332438344,-0.14125327883151229,-0.1781057493664113,1.5876993797216516,-0.632834588424933,-0.1474557687191013
1.0,0.0,0.0,0.0,0.0,1.0,0.0,0.0,0.0,0.0,1.0,0.0,0.0,1.0,0.0,0.0,0.0,0.7884714959884594,1.24669984465122,-0.36348417101291347,-0.3187376927032675,0.9258737865415383,0.9572455370485534,0.7149611837733206,-0.14125327883151229,-0.1781057493664113,0.7110064318490154,-0.632834588424933,-0.1474557687191013
0.0,1.0,0.0,0.0,0.0,1.0,1.0,0.0,0.0,0.0,0.0,0.0,0.0,0.0,0.0,1.0,0.0,0.9318944474650244,-0.28296080315449507,-1.0973405613498686,1.817486551350766,-0.8073098985080865,-0.6818033075943614,-0.22393104139816428,-0.14125327883151229,-0.1781057493664113,-1.0423794638962574,-0.632834588424933,-0.1474557687191013
0.0,0.0,0.0,1.0,1.0,0.0,1.0,0.0,0.0,0.0,0.0,0.0,0.0,0.0,0.0,1.0,0.0,0.9318944474650244,-0.6863877871911671,0.22360094125665056,-1.095546508722916,-1.2537859238393112,-0.44437099832365873,-0.6475775332438344,-0.14125327883151229,-0.1781057493664113,1.5876993797216516,-0.632834588424933,-0.1474557687191013
0.0,0.0,1.0,0.0,0.0,1.0,0.0,0.0,0.0,0.0,0.0,0.0,1.0,0.0,0.0,0.0,1.0,-0.6457580187771894,0.9693437931260082,0.9574573315936056,-1.192647610725372,0.9258737865415383,1.2406324868232628,-0.2697306621382367,-0.14125327883151229,-0.1781057493664113,0.12654446660059115,-0.632834588424933,-0.1474557687191013
1.0,0.0,0.0,0.0,0.0,1.0,0.0,0.0,0.0,0.0,0.0,1.0,0.0,0.0,0.0,1.0,0.0,1.0753173989415892,0.8516775894486454,-0.06994161487813147,0.4580711233163813,0.9258737865415383,0.7581087615311898,-0.61322781768878,-0.14125327883151229,-0.1781057493664113,0.7110064318490154,-0.632834588424933,-0.1474557687191013
0.0,0.0,0.0,1.0,0.0,1.0,0.0,1.0,0.0,0.0,0.0,0.0,0.0,0.0,0.0,0.0,1.0,-0.6457580187771894,-1.081410042393742,0.46821973803563555,1.6232843473458538,-1.2125980986242535,-0.7124397345970326,-0.6475775332438344,-0.14125327883151229,-0.1781057493664113,1.5876993797216516,-0.632834588424933,-0.1474557687191013
0.0,0.0,1.0,0.0,0.0,1.0,0.0,0.0,0.0,1.0,0.0,0.0,0.0,1.0,0.0,0.0,0.0,0.21477969008219988,1.6249126421856002,-1.2441118394172594,0.9435766333286616,0.7495898946210916,0.7427905480298542,2.90189307411178,-0.14125327883151229,-0.1781057493664113,0.41877544922480325,1.580191756725731,-0.1474557687191013
1.0,0.0,0.0,0.0,0.0,1.0,0.0,0.0,1.0,0.0,0.0,0.0,0.0,0.0,0.0,1.0,0.0,0.9318944474650244,0.2969654863982213,-0.8527217645708836,0.6522733273212932,0.6144938279157026,-0.08439298104227094,-0.6017779125037619,-0.14125327883151229,-0.1781057493664113,1.0032374144732275,1.580191756725731,-0.1474557687191013
0.0,1.0,0.0,0.0,0.0,1.0,0.0,1.0,0.0,0.0,0.0,0.0,0.0,1.0,0.0,0.0,0.0,0.21477969008219988,0.8600823182827427,-0.6570267271476955,0.06966671530655688,-1.242253332779095,0.4823809185071481,2.741594401521526,-0.14125327883151229,-0.1781057493664113,-0.7501484812720451,-0.632834588424933,-0.1474557687191013
0.0,0.0,1.0,0.0,0.0,1.0,0.0,0.0,0.0,0.0,0.0,0.0,1.0,0.0,1.0,0.0,0.0,-1.076026873206884,0.8852965047850349,1.1042286096609966,-0.9013443047180038,0.8319655450512069,1.2099960598205917,-0.6475775332438344,-0.14125327883151229,-0.1781057493664113,0.41877544922480325,-0.632834588424933,-0.1474557687191013
0.0,0.0,0.0,1.0,0.0,1.0,0.0,0.0,0.0,0.0,0.0,1.0,0.0,0.0,0.0,1.0,0.0,1.362163301894719,-0.736816160195751,-0.11886537423392847,-0.9984454067204599,-1.6541315849296712,-0.6128713468383509,-0.6475775332438344,-0.14125327883151229,-0.1781057493664113,-1.6268414291446816,-0.632834588424933,-0.1474557687191013
0.0,1.0,0.0,0.0,0.0,1.0,0.0,0.0,1.0,0.0,0.0,0.0,0.0,1.0,0.0,0.0,0.0,0.5016255930353297,0.019609434873009167,1.8870087593537486,-0.9013443047180038,-2.0495347069942245,0.6508812670218403,-0.510178671023617,2.6017044805469185,-0.1781057493664113,-0.4579174986478331,1.580191756725731,2.592738879738535
0.0,0.0,0.0,1.0,0.0,1.0,1.0,0.0,0.0,0.0,0.0,0.0,0.0,0.0,1.0,0.0,0.0,-0.9326039217303193,-2.3253099098401475,-0.6570267271476955,-0.6100409987106356,0.9258737865415383,-2.1600109104732512,-0.6475775332438344,-0.14125327883151229,-0.1781057493664113,-1.6268414291446816,-0.632834588424933,-0.1474557687191013
0.0,0.0,1.0,0.0,0.0,1.0,0.0,0.0,0.0,0.0,1.0,0.0,0.0,0.0,1.0,0.0,0.0,-1.362872776160014,0.5995357244257252,1.1531523690167935,-0.8042432027155477,-1.4218322507167462,0.972563750549889,-0.6475775332438344,-0.14125327883151229,-0.1781057493664113,-0.16568651602362097,-0.632834588424933,-0.1474557687191013
1.0,0.0,0.0,0.0,0.0,1.0,0.0,0.0,0.0,0.0,0.0,0.0,1.0,0.0,0.0,1.0,0.0,1.2187403504181542,-0.6947925160252644,-1.4398068768404475,-1.095546508722916,0.5238806124425759,-1.2255998868917768,-0.6475775332438344,-0.14125327883151229,-0.1781057493664113,1.2954683970974397,-0.632834588424933,-0.1474557687191013
0.0,0.0,1.0,0.0,0.0,1.0,0.0,0.0,0.0,1.0,0.0,0.0,0.0,1.0,0.0,0.0,0.0,0.5016255930353297,0.9861532507942028,-0.4613316897245075,-0.5129398967081796,0.9258737865415383,0.6891768007751795,0.8867097615485925,-0.14125327883151229,-0.1781057493664113,-0.16568651602362097,1.580191756725731,-0.1474557687191013
0.0,1.0,0.0,0.0,0.0,1.0,0.0,0.0,0.0,1.0,0.0,0.0,0.0,0.0,0.0,1.0,0.0,0.9318944474650244,-0.2241277013158136,-0.5591792084361015,-1.2897487127278282,-1.0116015115747723,-0.3601208240663127,-0.4872788606535808,-0.14125327883151229,-0.1781057493664113,-1.0423794638962574,1.580191756725731,-0.1474557687191013
1.0,0.0,0.0,0.0,0.0,1.0,0.0,0.0,1.0,0.0,0.0,0.0,0.0,0.0,0.0,1.0,0.0,1.0753173989415892,-0.8796965503754058,1.2999236470841846,-0.5129398967081796,-1.0560843628070347,-0.3065070768116379,-0.6475775332438344,-0.14125327883151229,8.283161305168047,1.2954683970974397,1.580191756725731,0.15396564261123868
0.0,0.0,1.0,0.0,0.0,1.0,0.0,0.0,0.0,0.0,0.0,0.0,1.0,0.0,1.0,0.0,0.0,-1.5062957276365787,1.0617958103010787,1.0553048503051996,-1.4839509167327403,-1.042904258738216,1.3478599813326124,-0.6475775332438344,-0.14125327883151229,-0.1781057493664113,0.12654446660059115,-0.632834588424933,-0.1474557687191013
0.0,0.0,1.0,0.0,0.0,1.0,0.0,0.0,0.0,1.0,0.0,0.0,0.0,1.0,0.0,0.0,0.0,0.07135673860563499,0.6751782839326015,1.8870087593537486,-0.5129398967081796,-1.2933262360457665,1.2406324868232628,-0.45292914509852644,6.716141119614565,-0.1781057493664113,0.12654446660059115,1.580191756725731,6.70303085242499
0.0,0.0,0.0,1.0,0.0,1.0,0.0,1.0,0.0,0.0,0.0,0.0,0.0,0.0,0.0,1.0,0.0,1.0753173989415892,-0.7956492620344325,-0.16778913358972547,-0.1245354886983552,-1.1697627604005936,-0.6818033075943614,-0.6475775332438344,-0.14125327883151229,-0.1781057493664113,-1.3346104465204693,-0.632834588424933,-0.1474557687191013
0.0,0.0,1.0,0.0,0.0,1.0,0.0,0.0,0.0,0.0,0.0,0.0,1.0,1.0,0.0,0.0,0.0,0.07135673860563499,1.2046762004807334,0.6639147754588236,2.4000931633655025,0.9077511434469129,1.3402008745819447,-0.02928265325285637,-0.14125327883151229,-0.1781057493664113,0.41877544922480325,-0.632834588424933,-0.1474557687191013
0.0,0.0,0.0,1.0,0.0,1.0,0.0,0.0,0.0,0.0,0.0,1.0,0.0,0.0,0.0,1.0,0.0,1.362163301894719,-1.5184559417668033,-0.06994161487813147,0.16676781730901283,0.9258737865415383,-1.2638954206451158,-0.6475775332438344,-0.14125327883151229,4.949934889745381,1.5876993797216516,-0.632834588424933,0.03522387451140782
0.0,0.0,0.0,1.0,0.0,1.0,0.0,0.0,0.0,0.0,0.0,0.0,1.0,1.0,0.0,0.0,0.0,0.07135673860563499,-1.6445268742782635,-1.3908831174846505,1.1377788373335735,0.8352605710684115,-1.95321502820522,0.6920613734032844,-0.14125327883151229,-0.1781057493664113,1.5876993797216516,-0.632834588424933,-0.1474557687191013
0.0,0.0,0.0,1.0,0.0,1.0,0.0,0.0,0.0,0.0,0.0,0.0,1.0,0.0,0.0,0.0,1.0,-0.7891809702537543,-1.409194466923538,0.8596098128820115,-1.6781531207376523,0.7018120173716248,-0.8885991898623926,-0.6475775332438344,-0.14125327883151229,0.8475023784559472,1.5876993797216516,-0.632834588424933,-0.11091984007299946
0.0,0.0,0.0,1.0,0.0,1.0,0.0,0.0,0.0,0.0,0.0,1.0,0.0,0.0,0.0,1.0,0.0,1.0753173989415892,-1.787407264457918,-0.7548742458592895,-0.6100409987106356,0.9258737865415383,-1.746419145937189,-0.6475775332438344,-0.14125327883151229,-0.1781057493664113,1.5876993797216516,-0.632834588424933,-0.1474557687191013
0.0,1.0,0.0,0.0,0.0,1.0,0.0,0.0,0.0,0.0,0.0,0.0,1.0,0.0,0.0,1.0,0.0,1.2187403504181542,0.5070837072506548,0.27252470061244755,0.8464755313262055,0.15154267249845493,0.5972675197671654,-0.5788781021337256,-0.14125327883151229,-0.1781057493664113,-0.4579174986478331,-0.632834588424933,-0.1474557687191013
0.0,1.0,0.0,0.0,0.0,1.0,0.0,0.0,1.0,0.0,0.0,0.0,0.0,1.0,0.0,0.0,0.0,0.6450485445118945,0.8516775894486454,-1.3908831174846505,2.6913964693728705,0.5749535157092472,0.022834513467078568,1.058458339323864,-0.14125327883151229,-0.1781057493664113,-0.4579174986478331,1.580191756725731,-0.1474557687191013
0.0,0.0,1.0,0.0,0.0,1.0,0.0,0.0,1.0,0.0,0.0,0.0,0.0,0.0,0.0,0.0,1.0,-0.3589121158240597,1.389580234830875,-0.06994161487813147,-0.8042432027155477,-0.7595320212586196,1.2099960598205917,1.3103562533942623,-0.14125327883151229,-0.1781057493664113,0.12654446660059115,1.580191756725731,-0.1474557687191013
1.0,0.0,0.0,0.0,0.0,1.0,0.0,0.0,0.0,0.0,0.0,1.0,0.0,1.0,0.0,0.0,0.0,0.3582026415587648,0.5743215379234332,-1.4398068768404475,0.16676781730901283,0.6507391141049533,-0.22991600930495965,1.7454526504249503,-0.14125327883151229,-0.1781057493664113,1.0032374144732275,-0.632834588424933,-0.1474557687191013
1.0,0.0,0.0,0.0,1.0,0.0,0.0,0.0,0.0,0.0,0.0,1.0,0.0,0.0,0.0,0.0,1.0,-0.2154891643474948,0.4146316900755839,-0.7059504865034925,-0.41583879470572344,0.8995135784039013,0.09176647422308902,1.6309535985747694,-0.14125327883151229,-0.1781057493664113,0.7110064318490154,-0.632834588424933,-0.1474557687191013
0.0,0.0,0.0,1.0,0.0,1.0,0.0,0.0,0.0,0.0,0.0,1.0,0.0,0.0,1.0,0.0,0.0,-1.076026873206884,-1.232695161407494,1.2020761283725907,-1.095546508722916,-1.7628674434974234,-0.6435077738410222,-0.6475775332438344,-0.14125327883151229,-0.1781057493664113,-1.3346104465204693,-0.632834588424933,-0.1474557687191013
0.0,0.0,0.0,1.0,0.0,1.0,1.0,0.0,0.0,0.0,0.0,0.0,0.0,0.0,0.0,1.0,0.0,1.5055862533712838,-1.2999329920802727,0.22360094125665056,-0.41583879470572344,0.14001008143823881,-0.9728493641197388,-0.6475775332438344,-0.14125327883151229,-0.1781057493664113,-1.3346104465204693,-0.632834588424933,-0.1474557687191013
0.0,0.0,0.0,1.0,0.0,1.0,1.0,0.0,0.0,0.0,0.0,0.0,0.0,0.0,0.0,0.0,1.0,-0.3589121158240597,-2.5690470460289703,-1.0484168019940716,2.011688755355678,0.8286705190340022,-2.527648034505307,-0.40712952435845406,-0.14125327883151229,1.103904410411537,-1.6268414291446816,-0.632834588424933,-0.101785857911474
0.0,1.0,0.0,0.0,0.0,1.0,1.0,0.0,0.0,0.0,0.0,0.0,0.0,1.0,0.0,0.0,0.0,0.21477969008219988,0.4902742495824598,-1.3908831174846505,2.011688755355678,0.6853368872856017,-0.2605524363076309,3.233940324477305,-0.14125327883151229,-0.1781057493664113,-0.4579174986478331,-0.632834588424933,-0.1474557687191013
0.0,0.0,1.0,0.0,0.0,1.0,0.0,0.0,0.0,0.0,0.0,1.0,0.0,0.0,1.0,0.0,0.0,-1.076026873206884,0.9777485219601053,-0.4613316897245075,-0.7071421007130917,-0.23891791054029132,0.6815176940245116,-0.6475775332438344,-0.14125327883151229,-0.1781057493664113,-0.16568651602362097,-0.632834588424933,-0.1474557687191013
0.0,0.0,0.0,1.0,0.0,1.0,0.0,0.0,0.0,1.0,0.0,0.0,0.0,1.0,0.0,0.0,0.0,0.21477969008219988,-0.7872445332003352,-2.0268919891100117,-0.3187376927032675,0.9258737865415383,-1.792373786441196,1.6195036933897513,-0.14125327883151229,-0.1781057493664113,-1.3346104465204693,1.580191756725731,-0.1474557687191013
0.0,0.0,0.0,1.0,0.0,1.0,0.0,0.0,1.0,0.0,0.0,0.0,0.0,1.0,0.0,0.0,0.0,0.6450485445118945,-0.6023404988501937,-1.8311969516868236,1.2348799393360297,0.7018120173716248,-1.4630321961624795,0.8867097615485925,-0.14125327883151229,-0.1781057493664113,-1.3346104465204693,1.580191756725731,-0.1474557687191013
0.0,0.0,1.0,0.0,0.0,1.0,0.0,1.0,0.0,0.0,0.0,0.0,0.0,1.0,0.0,0.0,0.0,0.3582026415587648,0.8600823182827427,1.4956186845073727,-0.22163659070081138,-0.0049710633187640295,1.3019053408286054,0.7607608045133931,0.31590634773155957,-0.1781057493664113,0.41877544922480325,-0.632834588424933,0.30924333935717147
0.0,1.0,0.0,0.0,0.0,1.0,1.0,0.0,0.0,0.0,0.0,0.0,0.0,0.0,0.0,0.0,1.0,-0.7891809702537543,-1.6361221454441663,-0.4124079303687105,-0.22163659070081138,0.25533599204040014,-1.486009516414483,-0.6475775332438344,-0.14125327883151229,-0.1781057493664113,-1.0423794638962574,-0.632834588424933,-0.1474557687191013
0.0,0.0,0.0,1.0,0.0,1.0,0.0,0.0,0.0,1.0,0.0,0.0,0.0,0.0,0.0,1.0,0.0,1.0753173989415892,-0.9889580252186712,-1.6355019142636356,-0.41583879470572344,0.9258737865415383,-1.6008961176745005,-0.6475775332438344,-0.14125327883151229,-0.1781057493664113,-1.6268414291446816,1.580191756725731,-0.1474557687191013
0.0,0.0,0.0,1.0,0.0,1.0,0.0,1.0,0.0,0.0,0.0,0.0,0.0,0.0,0.0,1.0,0.0,1.2187403504181542,-0.8965060080436005,0.07682966318925954,0.16676781730901283,-1.280146131976948,-0.6741442008436934,-0.6475775332438344,-0.14125327883151229,-0.1781057493664113,-1.3346104465204693,-0.632834588424933,-0.1474557687191013
0.0,0.0,1.0,0.0,0.0,1.0,0.0,0.0,1.0,0.0,0.0,0.0,0.0,0.0,0.0,0.0,1.0,-0.5023350673006246,1.0954147256374682,0.7617622941704176,-0.9984454067204599,-0.3031709178757812,1.278928020576602,0.3485642178527412,-0.14125327883151229,-0.1781057493664113,0.12654446660059115,1.580191756725731,-0.1474557687191013
0.0,1.0,0.0,0.0,0.0,1.0,0.0,0.0,1.0,0.0,0.0,0.0,0.0,0.0,0.0,1.0,0.0,1.0753173989415892,-0.6527688718547778,0.4192959786798386,0.8464755313262055,-0.2043201373596429,-0.35246171731564485,-0.6246777228737981,-0.14125327883151229,-0.1781057493664113,-1.0423794638962574,1.580191756725731,-0.1474557687191013
1.0,0.0,0.0,0.0,0.0,1.0,0.0,0.0,0.0,0.0,0.0,1.0,0.0,1.0,0.0,0.0,0.0,0.5016255930353297,0.7340113857712828,-0.9994930426382745,0.8464755313262055,0.7825401547931378,0.19133486198177074,1.8943014178301862,-0.14125327883151229,-0.1781057493664113,1.0032374144732275,-0.632834588424933,-0.1474557687191013
0.0,0.0,0.0,1.0,0.0,1.0,1.0,0.0,0.0,0.0,0.0,0.0,0.0,0.0,0.0,0.0,1.0,-0.5023350673006246,-1.0141722117209633,0.46821973803563555,-1.095546508722916,-1.3411041132952333,-0.65116688059169,-0.6475775332438344,-0.14125327883151229,-0.1781057493664113,1.5876993797216516,-0.632834588424933,-0.1474557687191013
0.0,0.0,0.0,1.0,0.0,1.0,0.0,0.0,0.0,0.0,1.0,0.0,0.0,0.0,1.0,0.0,0.0,-1.5062957276365787,-0.8292681773708219,0.6639147754588236,0.16676781730901283,-1.8650132500307663,-0.42905278482232306,-0.6475775332438344,-0.14125327883151229,-0.1781057493664113,-1.6268414291446816,-0.632834588424933,-0.1474557687191013
1.0,0.0,0.0,0.0,0.0,1.0,0.0,0.0,0.0,1.0,0.0,0.0,0.0,0.0,0.0,0.0,1.0,-0.7891809702537543,-0.4594601086705391,0.8106860535262146,-1.095546508722916,-0.4234393675037495,-0.06907476754093532,-0.6475775332438344,-0.14125327883151229,-0.1781057493664113,1.0032374144732275,1.580191756725731,-0.1474557687191013
0.0,0.0,0.0,1.0,0.0,1.0,0.0,0.0,0.0,0.0,0.0,1.0,0.0,0.0,1.0,0.0,0.0,-1.6497186791131437,-0.9469343810481845,0.4192959786798386,-0.5129398967081796,-1.7315646963339795,-0.6052122400876832,-0.6475775332438344,-0.14125327883151229,-0.1781057493664113,-1.6268414291446816,-0.632834588424933,-0.1474557687191013
0.0,0.0,1.0,0.0,0.0,1.0,0.0,0.0,0.0,0.0,0.0,1.0,0.0,0.0,0.0,1.0,0.0,1.5055862533712838,0.8264634029463532,1.8870087593537486,-0.41583879470572344,0.9258737865415383,1.3784964083352838,-0.6475775332438344,0.31590634773155957,-0.1781057493664113,0.41877544922480325,-0.632834588424933,0.30924333935717147
0.0,1.0,0.0,0.0,0.0,1.0,0.0,0.0,1.0,0.0,0.0,0.0,0.0,0.0,0.0,1.0,0.0,1.2187403504181542,0.6583688262644065,-1.1951880800614625,-0.3187376927032675,0.9258737865415383,0.0075162999657429706,-0.61322781768878,-0.14125327883151229,-0.1781057493664113,-0.4579174986478331,1.580191756725731,-0.1474557687191013
0.0,0.0,0.0,1.0,1.0,0.0,0.0,0.0,1.0,0.0,0.0,0.0,0.0,0.0,0.0,1.0,0.0,1.2187403504181542,-1.2747188055779806,-0.9994930426382745,0.263868919311469,0.9258737865415383,-1.4400548759104759,-0.6475775332438344,-0.14125327883151229,-0.1781057493664113,-1.3346104465204693,1.580191756725731,-0.1474557687191013
0.0,0.0,1.0,0.0,0.0,1.0,0.0,0.0,0.0,1.0,0.0,0.0,0.0,1.0,0.0,0.0,0.0,0.7884714959884594,2.061958541558662,-1.2441118394172594,0.36097002131392514,0.6573291661393625,1.0874503518099063,1.4363052104294618,-0.14125327883151229,-0.1781057493664113,0.12654446660059115,1.580191756725731,-0.1474557687191013
0.0,1.0,0.0,0.0,0.0,1.0,0.0,0.0,0.0,1.0,0.0,0.0,0.0,0.0,1.0,0.0,0.0,-1.219449824683449,0.17929928272085843,-1.3419593581288536,-1.3868498147302841,0.9258737865415383,-0.4673483185756622,-0.6475775332438344,-0.14125327883151229,-0.1781057493664113,-0.7501484812720451,1.580191756725731,-0.1474557687191013
1.0,0.0,0.0,0.0,0.0,1.0,0.0,0.0,0.0,0.0,0.0,0.0,1.0,0.0,1.0,0.0,0.0,-1.362872776160014,-0.08965203997025627,1.1042286096609966,-0.41583879470572344,-1.8831358931253916,0.34451699699512733,-0.6475775332438344,-0.14125327883151229,-0.1781057493664113,1.2954683970974397,-0.632834588424933,-0.1474557687191013
0.0,0.0,1.0,0.0,0.0,1.0,0.0,0.0,0.0,0.0,1.0,0.0,0.0,1.0,0.0,0.0,0.0,0.5016255930353297,1.5912937268492109,-0.2656366523013195,0.36097002131392514,0.9126936824727198,1.2942462340779375,1.150057580804009,-0.14125327883151229,-0.1781057493664113,0.41877544922480325,-0.632834588424933,-0.1474557687191013
0.0,0.0,0.0,1.0,0.0,1.0,0.0,0.0,0.0,0.0,0.0,1.0,0.0,0.0,1.0,0.0,0.0,-1.6497186791131437,-1.989120756476254,-0.5591792084361015,1.72038544934831,0.6013137238468842,-1.8383284269452027,-0.6475775332438344,-0.14125327883151229,-0.1781057493664113,-1.3346104465204693,-0.632834588424933,-0.1474557687191013
0.0,0.0,0.0,1.0,0.0,1.0,0.0,0.0,0.0,0.0,0.0,0.0,1.0,0.0,0.0,0.0,1.0,-0.7891809702537543,-2.4177619270152184,-1.4398068768404475,0.7493744293237493,0.9258737865415383,-2.6042391020119857,-0.6475775332438344,-0.14125327883151229,2.1295125382338953,-1.6268414291446816,-0.632834588424933,-0.0652499292653722
1.0,0.0,0.0,0.0,0.0,1.0,0.0,0.0,0.0,0.0,0.0,0.0,1.0,0.0,0.0,0.0,1.0,-0.3589121158240597,-0.5014837528410258,0.12575342254505653,-1.192647610725372,0.09058469118016965,-0.32948439706364135,0.005067062302197861,-0.14125327883151229,-0.1781057493664113,1.2954683970974397,-0.632834588424933,-0.1474557687191013
0.0,0.0,1.0,0.0,0.0,1.0,0.0,1.0,0.0,0.0,0.0,0.0,0.0,0.0,0.0,0.0,1.0,-0.2154891643474948,1.5912937268492109,-0.4124079303687105,0.36097002131392514,0.9126936824727198,1.2176551665712594,2.031700280050403,-0.14125327883151229,-0.1781057493664113,0.12654446660059115,-0.632834588424933,-0.1474557687191013
0.0,1.0,0.0,0.0,0.0,1.0,0.0,0.0,0.0,0.0,0.0,0.0,1.0,1.0,0.0,0.0,0.0,0.21477969008219988,0.6499640974303094,-1.7333494329752295,-0.02743438669589927,0.04774935295650973,-0.4137345713209875,2.993492315591925,-0.14125327883151229,-0.1781057493664113,-0.7501484812720451,-0.632834588424933,-0.1474557687191013
0.0,0.0,1.0,0.0,0.0,1.0,0.0,1.0,0.0,0.0,0.0,0.0,0.0,0.0,0.0,1.0,0.0,0.9318944474650244,0.5659168090893361,1.0553048503051996,2.108789857358134,0.9258737865415383,0.9112908965445463,-0.510178671023617,-0.14125327883151229,-0.1781057493664113,-0.16568651602362097,-0.632834588424933,-0.1474557687191013
